/**
 * @file      Gabarito22.c
 * @brief     Custom font asset embeddings
 *
 * Copyright (C) Witekio
 *
 * This file is part of the Zephyr Rush demonstration.
 *
 * This demonstration is free software: you can redistribute it and/or modify
 * it under the terms of the GNU General Public License as published by
 * the Free Software Foundation, either version 3 of the License, or
 * (at your option) any later version.
 *
 * This demonstration is distributed in the hope that it will be useful,
 * but WITHOUT ANY WARRANTY; without even the implied warranty of
 * MERCHANTABILITY or FITNESS FOR A PARTICULAR PURPOSE. See the
 * GNU General Public License for more details.
 *
 * You should have received a copy of the GNU General Public License
 * along with This demonstration. If not, see <http://www.gnu.org/licenses/>.
 */

/*******************************************************************************
 * Size: 22 px
 * Bpp: 4
 * Opts: --bpp 4 --size 22 --no-compress --stride 1 --align 1 --font ../Gabarito-ExtraBold.ttf --range 32-255,8226 --font ../Symbols.ttf --range 59392,59393 --format lvgl -o out/Gabarito22.c
 ******************************************************************************/

#ifdef __has_include
    #if __has_include("lvgl.h")
        #ifndef LV_LVGL_H_INCLUDE_SIMPLE
            #define LV_LVGL_H_INCLUDE_SIMPLE
        #endif
    #endif
#endif

#ifdef LV_LVGL_H_INCLUDE_SIMPLE
    #include "lvgl.h"
#else
    #include "lvgl/lvgl.h"
#endif

#if !LV_VERSION_CHECK(9, 3, 0)
#error "At least LVGL v9.3 is required to use the stride attribute of the fonts"
#endif

#ifndef GABARITO22
#define GABARITO22 1
#endif

#if GABARITO22

/*-----------------
 *    BITMAPS
 *----------------*/

/*Store the image of the glyphs*/
static LV_ATTRIBUTE_LARGE_CONST const uint8_t glyph_bitmap[] = {
    /* U+0020 " " */

    /* U+0021 "!" */
    0x09, 0xbb, 0xb0,
    0x0c, 0xff, 0xf0,
    0x0c, 0xff, 0xf0,
    0x0b, 0xff, 0xf0,
    0x0b, 0xff, 0xf0,
    0x0a, 0xff, 0xe0,
    0x0a, 0xff, 0xe0,
    0x09, 0xff, 0xd0,
    0x08, 0xff, 0xc0,
    0x07, 0xff, 0xb0,
    0x06, 0xff, 0x90,
    0x00, 0x34, 0x00,
    0x09, 0xff, 0xc0,
    0x0f, 0xff, 0xf4,
    0x0e, 0xff, 0xf3,
    0x04, 0xef, 0x70,

    /* U+0022 "\"" */
    0x8f, 0xff, 0x1f, 0xff, 0x90,
    0x8f, 0xff, 0x1f, 0xff, 0x90,
    0x8f, 0xff, 0x1f, 0xff, 0x90,
    0x7f, 0xff, 0x1f, 0xff, 0x90,
    0x4f, 0xff, 0x1b, 0xff, 0x90,
    0x0f, 0xff, 0x18, 0xff, 0x90,
    0x0d, 0xff, 0x14, 0xff, 0x90,
    0x01, 0x22, 0x00, 0x22, 0x10,

    /* U+0023 "#" */
    0x00, 0x00, 0x3f, 0xfc, 0x01, 0xff, 0xe0, 0x00,
    0x00, 0x00, 0x6f, 0xf9, 0x04, 0xff, 0xb0, 0x00,
    0x00, 0x00, 0x9f, 0xf6, 0x07, 0xff, 0x80, 0x00,
    0x03, 0xcc, 0xef, 0xfd, 0xce, 0xff, 0xdc, 0x70,
    0x04, 0xff, 0xff, 0xff, 0xff, 0xff, 0xff, 0xa0,
    0x04, 0xff, 0xff, 0xff, 0xff, 0xff, 0xff, 0xa0,
    0x00, 0x05, 0xff, 0xa0, 0x3f, 0xfc, 0x00, 0x00,
    0x00, 0x08, 0xff, 0x70, 0x6f, 0xf9, 0x00, 0x00,
    0x00, 0x0b, 0xff, 0x40, 0x9f, 0xf6, 0x00, 0x00,
    0x4f, 0xff, 0xff, 0xff, 0xff, 0xff, 0xfa, 0x00,
    0x4f, 0xff, 0xff, 0xff, 0xff, 0xff, 0xfa, 0x00,
    0x3c, 0xdf, 0xfe, 0xcc, 0xff, 0xec, 0xc7, 0x00,
    0x00, 0x7f, 0xf8, 0x05, 0xff, 0xa0, 0x00, 0x00,
    0x00, 0xaf, 0xf5, 0x08, 0xff, 0x70, 0x00, 0x00,
    0x00, 0xdf, 0xf2, 0x0b, 0xff, 0x40, 0x00, 0x00,

    /* U+0024 "$" */
    0x00, 0x00, 0x4f, 0xff, 0x00, 0x00,
    0x00, 0x00, 0x4f, 0xff, 0x00, 0x00,
    0x00, 0x05, 0xcf, 0xff, 0xb4, 0x00,
    0x00, 0xaf, 0xff, 0xff, 0xff, 0x90,
    0x06, 0xff, 0xff, 0xff, 0xff, 0xf6,
    0x0c, 0xff, 0xf7, 0x69, 0xff, 0x80,
    0x0e, 0xff, 0xb0, 0x00, 0x34, 0x00,
    0x0d, 0xff, 0xfa, 0x51, 0x00, 0x00,
    0x09, 0xff, 0xff, 0xff, 0xb4, 0x00,
    0x01, 0xdf, 0xff, 0xff, 0xff, 0x90,
    0x00, 0x07, 0xdf, 0xff, 0xff, 0xf5,
    0x00, 0x00, 0x02, 0x6d, 0xff, 0xfa,
    0x00, 0x7b, 0x00, 0x01, 0xff, 0xfc,
    0x1c, 0xff, 0xc6, 0x47, 0xff, 0xfa,
    0x0d, 0xff, 0xff, 0xff, 0xff, 0xf3,
    0x02, 0xef, 0xff, 0xff, 0xff, 0x70,
    0x00, 0x17, 0xdf, 0xff, 0xa3, 0x00,
    0x00, 0x00, 0x4f, 0xff, 0x00, 0x00,
    0x00, 0x00, 0x4f, 0xff, 0x00, 0x00,
    0x00, 0x00, 0x28, 0x87, 0x00, 0x00,

    /* U+0025 "%" */
    0x02, 0xaf, 0xfc, 0x50, 0x00, 0x00, 0x09, 0x30, 0x00,
    0x1e, 0xff, 0xff, 0xf6, 0x00, 0x00, 0x9f, 0xf5, 0x00,
    0x8f, 0xfd, 0xbf, 0xfe, 0x00, 0x08, 0xff, 0xe2, 0x00,
    0xaf, 0xf4, 0x1d, 0xff, 0x00, 0x6f, 0xff, 0x30, 0x00,
    0x6f, 0xff, 0xff, 0xfc, 0x05, 0xff, 0xf4, 0x00, 0x00,
    0x0a, 0xff, 0xff, 0xe2, 0x3f, 0xff, 0x50, 0x00, 0x00,
    0x00, 0x49, 0x96, 0x02, 0xef, 0xf7, 0x00, 0x00, 0x00,
    0x00, 0x00, 0x00, 0x1e, 0xff, 0x82, 0x8a, 0x71, 0x00,
    0x00, 0x00, 0x01, 0xdf, 0xfa, 0x5f, 0xff, 0xfe, 0x20,
    0x00, 0x00, 0x0c, 0xff, 0xb1, 0xff, 0xff, 0xff, 0xd0,
    0x00, 0x00, 0xaf, 0xfc, 0x06, 0xff, 0x80, 0xcf, 0xf2,
    0x00, 0x09, 0xff, 0xd1, 0x06, 0xff, 0x50, 0x9f, 0xf3,
    0x00, 0x7f, 0xfe, 0x20, 0x03, 0xff, 0xeb, 0xff, 0xf0,
    0x01, 0xef, 0xf3, 0x00, 0x00, 0x9f, 0xff, 0xff, 0x60,
    0x00, 0x1b, 0x40, 0x00, 0x00, 0x07, 0xef, 0xd5, 0x00,

    /* U+0026 "&" */
    0x00, 0x04, 0xbf, 0xfe, 0x91, 0x00, 0x00,
    0x00, 0x6f, 0xff, 0xff, 0xfe, 0x40, 0x00,
    0x01, 0xff, 0xff, 0xff, 0xff, 0x80, 0x00,
    0x07, 0xff, 0xfb, 0x7c, 0xf6, 0x00, 0x00,
    0x08, 0xff, 0xf0, 0x00, 0x30, 0x00, 0x00,
    0x07, 0xff, 0xf6, 0x00, 0x00, 0x00, 0x00,
    0x01, 0xff, 0xff, 0xff, 0xff, 0xff, 0xfc,
    0x00, 0x5f, 0xff, 0xff, 0xff, 0xff, 0xfc,
    0x01, 0xcf, 0xff, 0xff, 0xff, 0xff, 0xfc,
    0x0b, 0xff, 0xe4, 0x22, 0x9f, 0xff, 0x21,
    0x2f, 0xff, 0x60, 0x00, 0x9f, 0xff, 0x00,
    0x4f, 0xff, 0x70, 0x00, 0xdf, 0xff, 0x00,
    0x1f, 0xff, 0xfa, 0x7b, 0xff, 0xfb, 0x00,
    0x0b, 0xff, 0xff, 0xff, 0xff, 0xf4, 0x00,
    0x01, 0xdf, 0xff, 0xff, 0xff, 0x70, 0x00,
    0x00, 0x07, 0xcf, 0xfe, 0xa3, 0x00, 0x00,

    /* U+0027 "'" */
    0x8f, 0xff, 0x10,
    0x8f, 0xff, 0x10,
    0x8f, 0xff, 0x10,
    0x7f, 0xff, 0x10,
    0x4f, 0xff, 0x10,
    0x0f, 0xff, 0x10,
    0x0d, 0xff, 0x10,
    0x01, 0x22, 0x00,

    /* U+0028 "(" */
    0x00, 0x00, 0x03, 0x00,
    0x00, 0x00, 0xaf, 0x40,
    0x00, 0x08, 0xff, 0xf4,
    0x00, 0x3f, 0xff, 0xc0,
    0x00, 0xcf, 0xff, 0x20,
    0x04, 0xff, 0xf7, 0x00,
    0x0a, 0xff, 0xe0, 0x00,
    0x0e, 0xff, 0x90, 0x00,
    0x1f, 0xff, 0x50, 0x00,
    0x3f, 0xff, 0x30, 0x00,
    0x3f, 0xff, 0x20, 0x00,
    0x3f, 0xff, 0x30, 0x00,
    0x2f, 0xff, 0x40, 0x00,
    0x0f, 0xff, 0x70, 0x00,
    0x0c, 0xff, 0xc0, 0x00,
    0x07, 0xff, 0xf3, 0x00,
    0x01, 0xff, 0xfc, 0x00,
    0x00, 0x8f, 0xff, 0x70,
    0x00, 0x0d, 0xff, 0xf4,
    0x00, 0x02, 0xef, 0xb0,
    0x00, 0x00, 0x39, 0x00,

    /* U+0029 ")" */
    0x00, 0x30, 0x00, 0x00,
    0x08, 0xf7, 0x00, 0x00,
    0x8f, 0xff, 0x40, 0x00,
    0x2f, 0xff, 0xe1, 0x00,
    0x05, 0xff, 0xf8, 0x00,
    0x00, 0xbf, 0xff, 0x10,
    0x00, 0x3f, 0xff, 0x60,
    0x00, 0x0e, 0xff, 0xa0,
    0x00, 0x0a, 0xff, 0xd0,
    0x00, 0x08, 0xff, 0xf0,
    0x00, 0x07, 0xff, 0xf0,
    0x00, 0x07, 0xff, 0xf0,
    0x00, 0x09, 0xff, 0xe0,
    0x00, 0x0c, 0xff, 0xb0,
    0x00, 0x1f, 0xff, 0x80,
    0x00, 0x7f, 0xff, 0x20,
    0x01, 0xff, 0xfc, 0x00,
    0x0b, 0xff, 0xf4, 0x00,
    0x8f, 0xff, 0x90, 0x00,
    0x2d, 0xfc, 0x00, 0x00,
    0x01, 0xa1, 0x00, 0x00,

    /* U+002A "*" */
    0x00, 0x16, 0x00, 0x60, 0x00,
    0x05, 0xff, 0x47, 0xfd, 0x10,
    0x00, 0xdf, 0xcf, 0xfa, 0x00,
    0x48, 0x9f, 0xff, 0xf7, 0x81,
    0x8f, 0xff, 0xff, 0xff, 0xf1,
    0x5a, 0x9f, 0xff, 0xf9, 0xa1,
    0x00, 0xbf, 0xef, 0xf7, 0x00,
    0x04, 0xff, 0x69, 0xff, 0x10,
    0x00, 0x39, 0x01, 0x81, 0x00,

    /* U+002B "+" */
    0x00, 0x00, 0x7f, 0xff, 0x10, 0x00,
    0x00, 0x00, 0x7f, 0xff, 0x10, 0x00,
    0x00, 0x00, 0x7f, 0xff, 0x10, 0x00,
    0x07, 0x77, 0xbf, 0xff, 0x87, 0x75,
    0x0f, 0xff, 0xff, 0xff, 0xff, 0xfc,
    0x0f, 0xff, 0xff, 0xff, 0xff, 0xfc,
    0x0f, 0xff, 0xff, 0xff, 0xff, 0xfc,
    0x00, 0x00, 0x7f, 0xff, 0x10, 0x00,
    0x00, 0x00, 0x7f, 0xff, 0x10, 0x00,
    0x00, 0x00, 0x7f, 0xff, 0x10, 0x00,
    0x00, 0x00, 0x38, 0x88, 0x00, 0x00,

    /* U+002C "," */
    0x04, 0xdf, 0xa0,
    0x0f, 0xff, 0xf9,
    0x08, 0xff, 0xfd,
    0x00, 0xef, 0xfc,
    0x00, 0xff, 0xf8,
    0x07, 0xff, 0xf1,
    0x1f, 0xff, 0x40,
    0x04, 0xe4, 0x00,
    0x00, 0x00, 0x00,

    /* U+002D "-" */
    0x13, 0x33, 0x33, 0x32,
    0x6f, 0xff, 0xff, 0xf9,
    0x6f, 0xff, 0xff, 0xf9,
    0x6f, 0xff, 0xff, 0xf9,

    /* U+002E "." */
    0x02, 0xab, 0x50,
    0x0e, 0xff, 0xf3,
    0x3f, 0xff, 0xf8,
    0x1f, 0xff, 0xf5,
    0x04, 0xef, 0x80,

    /* U+002F "/" */
    0x00, 0x00, 0x00, 0x00, 0x04, 0x00, 0x00,
    0x00, 0x00, 0x00, 0x00, 0x1f, 0xe8, 0x10,
    0x00, 0x00, 0x00, 0x00, 0x9f, 0xff, 0x10,
    0x00, 0x00, 0x00, 0x01, 0xff, 0xf9, 0x00,
    0x00, 0x00, 0x00, 0x09, 0xff, 0xf2, 0x00,
    0x00, 0x00, 0x00, 0x1f, 0xff, 0xa0, 0x00,
    0x00, 0x00, 0x00, 0x8f, 0xff, 0x20, 0x00,
    0x00, 0x00, 0x01, 0xff, 0xfa, 0x00, 0x00,
    0x00, 0x00, 0x08, 0xff, 0xf2, 0x00, 0x00,
    0x00, 0x00, 0x1f, 0xff, 0xa0, 0x00, 0x00,
    0x00, 0x00, 0x8f, 0xff, 0x20, 0x00, 0x00,
    0x00, 0x01, 0xff, 0xfb, 0x00, 0x00, 0x00,
    0x00, 0x07, 0xff, 0xf3, 0x00, 0x00, 0x00,
    0x00, 0x0e, 0xff, 0xb0, 0x00, 0x00, 0x00,
    0x00, 0x7f, 0xff, 0x30, 0x00, 0x00, 0x00,
    0x00, 0xef, 0xfb, 0x00, 0x00, 0x00, 0x00,
    0x07, 0xff, 0xf3, 0x00, 0x00, 0x00, 0x00,
    0x0e, 0xff, 0xb0, 0x00, 0x00, 0x00, 0x00,
    0x07, 0xef, 0x40, 0x00, 0x00, 0x00, 0x00,
    0x00, 0x04, 0x00, 0x00, 0x00, 0x00, 0x00,

    /* U+0030 "0" */
    0x00, 0x03, 0xbe, 0xfd, 0x80, 0x00,
    0x00, 0x5f, 0xff, 0xff, 0xfd, 0x10,
    0x02, 0xff, 0xff, 0xff, 0xff, 0xa0,
    0x0a, 0xff, 0xfc, 0x9f, 0xff, 0xf2,
    0x0f, 0xff, 0xd0, 0x05, 0xff, 0xf8,
    0x2f, 0xff, 0x80, 0x00, 0xff, 0xfb,
    0x4f, 0xff, 0x50, 0x00, 0xdf, 0xfd,
    0x5f, 0xff, 0x40, 0x00, 0xcf, 0xfd,
    0x4f, 0xff, 0x50, 0x00, 0xcf, 0xfd,
    0x3f, 0xff, 0x70, 0x00, 0xff, 0xfb,
    0x0f, 0xff, 0xc0, 0x04, 0xff, 0xf8,
    0x0a, 0xff, 0xfb, 0x8e, 0xff, 0xf3,
    0x02, 0xff, 0xff, 0xff, 0xff, 0xb0,
    0x00, 0x6f, 0xff, 0xff, 0xfd, 0x10,
    0x00, 0x03, 0xbe, 0xfd, 0x80, 0x00,

    /* U+0031 "1" */
    0x00, 0x05, 0xff, 0xb0,
    0x02, 0x8f, 0xff, 0xb0,
    0x9f, 0xff, 0xff, 0xb0,
    0x9f, 0xff, 0xff, 0xb0,
    0x9f, 0xff, 0xff, 0xb0,
    0x23, 0x0d, 0xff, 0xb0,
    0x00, 0x0d, 0xff, 0xb0,
    0x00, 0x0d, 0xff, 0xb0,
    0x00, 0x0d, 0xff, 0xb0,
    0x00, 0x0d, 0xff, 0xb0,
    0x00, 0x0d, 0xff, 0xb0,
    0x00, 0x0d, 0xff, 0xb0,
    0x00, 0x0d, 0xff, 0xb0,
    0x00, 0x0d, 0xff, 0xb0,
    0x00, 0x0d, 0xff, 0xb0,

    /* U+0032 "2" */
    0x00, 0x06, 0xcf, 0xfc, 0x60, 0x00,
    0x01, 0xcf, 0xff, 0xff, 0xf8, 0x00,
    0x0c, 0xff, 0xff, 0xff, 0xff, 0x30,
    0x4f, 0xff, 0xd8, 0xbf, 0xff, 0x70,
    0x03, 0xeb, 0x00, 0x0f, 0xff, 0x80,
    0x00, 0x10, 0x00, 0x2f, 0xff, 0x60,
    0x00, 0x00, 0x00, 0xbf, 0xff, 0x20,
    0x00, 0x00, 0x0a, 0xff, 0xf9, 0x00,
    0x00, 0x00, 0x9f, 0xff, 0xc0, 0x00,
    0x00, 0x09, 0xff, 0xfd, 0x10, 0x00,
    0x00, 0x9f, 0xff, 0xd1, 0x00, 0x00,
    0x09, 0xff, 0xff, 0x87, 0x77, 0x40,
    0x2f, 0xff, 0xff, 0xff, 0xff, 0xa0,
    0x2f, 0xff, 0xff, 0xff, 0xff, 0xa0,
    0x2f, 0xff, 0xff, 0xff, 0xff, 0xa0,

    /* U+0033 "3" */
    0x00, 0x19, 0xdf, 0xfd, 0x70, 0x00,
    0x05, 0xff, 0xff, 0xff, 0xfd, 0x00,
    0x3f, 0xff, 0xff, 0xff, 0xff, 0x70,
    0x0a, 0xff, 0xb7, 0xbf, 0xff, 0xa0,
    0x00, 0xa4, 0x00, 0x0e, 0xff, 0x80,
    0x00, 0x00, 0x01, 0x6f, 0xff, 0x20,
    0x00, 0x01, 0xff, 0xff, 0xf6, 0x00,
    0x00, 0x01, 0xff, 0xff, 0xff, 0x40,
    0x00, 0x00, 0xee, 0xff, 0xff, 0xe0,
    0x00, 0x00, 0x00, 0x1a, 0xff, 0xf3,
    0x00, 0x71, 0x00, 0x06, 0xff, 0xf4,
    0x0b, 0xfe, 0x97, 0x9f, 0xff, 0xf2,
    0x6f, 0xff, 0xff, 0xff, 0xff, 0xc0,
    0x07, 0xff, 0xff, 0xff, 0xfe, 0x20,
    0x00, 0x29, 0xdf, 0xfd, 0x81, 0x00,

    /* U+0034 "4" */
    0x00, 0x06, 0xff, 0xf2, 0x00, 0x00, 0x00,
    0x00, 0x0b, 0xff, 0xc0, 0x00, 0x00, 0x00,
    0x00, 0x0f, 0xff, 0x70, 0x00, 0x00, 0x00,
    0x00, 0x5f, 0xff, 0x20, 0x00, 0x00, 0x00,
    0x00, 0xaf, 0xfd, 0x00, 0xff, 0xb0, 0x00,
    0x00, 0xff, 0xf8, 0x04, 0xff, 0xb0, 0x00,
    0x05, 0xff, 0xf2, 0x08, 0xff, 0xb0, 0x00,
    0x0a, 0xff, 0xd0, 0x0d, 0xff, 0xb0, 0x00,
    0x0f, 0xff, 0xff, 0xff, 0xff, 0xff, 0xa0,
    0x4f, 0xff, 0xff, 0xff, 0xff, 0xff, 0xa0,
    0x4f, 0xff, 0xff, 0xff, 0xff, 0xff, 0xa0,
    0x27, 0x77, 0x77, 0x7f, 0xff, 0xd7, 0x40,
    0x00, 0x00, 0x00, 0x0e, 0xff, 0xb0, 0x00,
    0x00, 0x00, 0x00, 0x0e, 0xff, 0xb0, 0x00,
    0x00, 0x00, 0x00, 0x0e, 0xff, 0xb0, 0x00,

    /* U+0035 "5" */
    0x0f, 0xff, 0xff, 0xff, 0xff, 0x90,
    0x0f, 0xff, 0xff, 0xff, 0xff, 0x90,
    0x0f, 0xff, 0xff, 0xff, 0xff, 0x90,
    0x0f, 0xff, 0xb7, 0x77, 0x77, 0x40,
    0x0f, 0xff, 0x70, 0x00, 0x00, 0x00,
    0x0f, 0xff, 0xbc, 0xff, 0xb3, 0x00,
    0x0f, 0xff, 0xff, 0xff, 0xff, 0x40,
    0x0f, 0xff, 0xff, 0xff, 0xff, 0xe0,
    0x0b, 0xff, 0xd6, 0x7e, 0xff, 0xf3,
    0x00, 0x03, 0x00, 0x05, 0xff, 0xf6,
    0x00, 0x02, 0x00, 0x05, 0xff, 0xf5,
    0x00, 0x8f, 0xb5, 0x6e, 0xff, 0xf2,
    0x0e, 0xff, 0xff, 0xff, 0xff, 0xb0,
    0x05, 0xff, 0xff, 0xff, 0xfd, 0x10,
    0x00, 0x29, 0xdf, 0xfd, 0x80, 0x00,

    /* U+0036 "6" */
    0x00, 0x00, 0x7d, 0xff, 0xd8, 0x10,
    0x00, 0x2e, 0xff, 0xff, 0xff, 0xf5,
    0x00, 0xdf, 0xff, 0xff, 0xff, 0xf3,
    0x07, 0xff, 0xfd, 0x65, 0x8d, 0x40,
    0x0d, 0xff, 0xe0, 0x00, 0x00, 0x00,
    0x1f, 0xff, 0x87, 0xdf, 0xe8, 0x00,
    0x3f, 0xff, 0xef, 0xff, 0xff, 0xc0,
    0x4f, 0xff, 0xff, 0xff, 0xff, 0xf7,
    0x4f, 0xff, 0xf4, 0x03, 0xef, 0xfd,
    0x3f, 0xff, 0x90, 0x00, 0x9f, 0xff,
    0x0f, 0xff, 0xa0, 0x00, 0xaf, 0xfe,
    0x0a, 0xff, 0xf8, 0x48, 0xff, 0xfb,
    0x03, 0xff, 0xff, 0xff, 0xff, 0xf4,
    0x00, 0x6f, 0xff, 0xff, 0xff, 0x70,
    0x00, 0x03, 0xae, 0xfe, 0xb4, 0x00,

    /* U+0037 "7" */
    0x5f, 0xff, 0xff, 0xff, 0xff, 0x80,
    0x5f, 0xff, 0xff, 0xff, 0xff, 0x80,
    0x5f, 0xff, 0xff, 0xff, 0xff, 0x80,
    0x26, 0x66, 0x66, 0xcf, 0xff, 0x40,
    0x00, 0x00, 0x00, 0xef, 0xfd, 0x00,
    0x00, 0x00, 0x06, 0xff, 0xf5, 0x00,
    0x00, 0x00, 0x0e, 0xff, 0xe0, 0x00,
    0x00, 0x00, 0x5f, 0xff, 0x70, 0x00,
    0x00, 0x00, 0xdf, 0xfe, 0x00, 0x00,
    0x00, 0x05, 0xff, 0xf8, 0x00, 0x00,
    0x00, 0x0c, 0xff, 0xf1, 0x00, 0x00,
    0x00, 0x4f, 0xff, 0x90, 0x00, 0x00,
    0x00, 0xcf, 0xff, 0x20, 0x00, 0x00,
    0x03, 0xff, 0xfa, 0x00, 0x00, 0x00,
    0x0b, 0xff, 0xf3, 0x00, 0x00, 0x00,

    /* U+0038 "8" */
    0x00, 0x18, 0xdf, 0xfe, 0xa2, 0x00,
    0x02, 0xef, 0xff, 0xff, 0xff, 0x40,
    0x0b, 0xff, 0xff, 0xff, 0xff, 0xe0,
    0x0f, 0xff, 0xe6, 0x5c, 0xff, 0xf3,
    0x0e, 0xff, 0xc1, 0x09, 0xff, 0xf2,
    0x07, 0xff, 0xff, 0xff, 0xff, 0xb0,
    0x00, 0x9f, 0xff, 0xff, 0xfc, 0x00,
    0x02, 0xef, 0xff, 0xff, 0xff, 0x50,
    0x0d, 0xff, 0xe5, 0x4c, 0xff, 0xf1,
    0x3f, 0xff, 0x60, 0x02, 0xff, 0xf6,
    0x4f, 0xff, 0x60, 0x02, 0xff, 0xf8,
    0x2f, 0xff, 0xe6, 0x5c, 0xff, 0xf6,
    0x0c, 0xff, 0xff, 0xff, 0xff, 0xf1,
    0x02, 0xef, 0xff, 0xff, 0xff, 0x50,
    0x00, 0x18, 0xdf, 0xfe, 0xa2, 0x00,

    /* U+0039 "9" */
    0x00, 0x18, 0xdf, 0xfc, 0x70, 0x00,
    0x02, 0xef, 0xff, 0xff, 0xfd, 0x10,
    0x0d, 0xff, 0xff, 0xff, 0xff, 0xb0,
    0x3f, 0xff, 0xb5, 0x5b, 0xff, 0xf3,
    0x6f, 0xff, 0x10, 0x00, 0xff, 0xf9,
    0x5f, 0xff, 0x80, 0x06, 0xff, 0xfc,
    0x1f, 0xff, 0xff, 0xff, 0xff, 0xfd,
    0x06, 0xff, 0xff, 0xff, 0xff, 0xfd,
    0x00, 0x5c, 0xff, 0xb3, 0xdf, 0xfc,
    0x00, 0x00, 0x00, 0x01, 0xff, 0xfa,
    0x00, 0x20, 0x00, 0x07, 0xff, 0xf6,
    0x01, 0xdd, 0x75, 0x9f, 0xff, 0xf1,
    0x0b, 0xff, 0xff, 0xff, 0xff, 0x70,
    0x0b, 0xff, 0xff, 0xff, 0xf9, 0x00,
    0x00, 0x4b, 0xef, 0xeb, 0x40, 0x00,

    /* U+003A ":" */
    0x05, 0xef, 0x80,
    0x1f, 0xff, 0xf5,
    0x3f, 0xff, 0xf8,
    0x0e, 0xff, 0xf3,
    0x02, 0xab, 0x50,
    0x00, 0x00, 0x00,
    0x02, 0xab, 0x50,
    0x0e, 0xff, 0xf3,
    0x3f, 0xff, 0xf8,
    0x1f, 0xff, 0xf5,
    0x04, 0xef, 0x80,

    /* U+003B ";" */
    0x03, 0xdf, 0x90,
    0x0e, 0xff, 0xf7,
    0x1f, 0xff, 0xfa,
    0x0d, 0xff, 0xf5,
    0x01, 0x9b, 0x60,
    0x00, 0x00, 0x00,
    0x00, 0x13, 0x00,
    0x07, 0xff, 0xe2,
    0x1f, 0xff, 0xfa,
    0x04, 0xff, 0xfd,
    0x00, 0xdf, 0xfb,
    0x01, 0xff, 0xf6,
    0x0a, 0xff, 0xd0,
    0x1e, 0xfe, 0x20,
    0x02, 0xb1, 0x00,

    /* U+003C "<" */
    0x00, 0x00, 0x00, 0x02, 0xb2, 0x00,
    0x00, 0x00, 0x00, 0x8f, 0xfc, 0x00,
    0x00, 0x00, 0x4e, 0xff, 0xff, 0x40,
    0x00, 0x2b, 0xff, 0xff, 0xe5, 0x00,
    0x07, 0xff, 0xff, 0xf9, 0x00, 0x00,
    0xaf, 0xff, 0xfc, 0x30, 0x00, 0x00,
    0xcf, 0xff, 0xf3, 0x00, 0x00, 0x00,
    0x6f, 0xff, 0xff, 0x90, 0x00, 0x00,
    0x01, 0xaf, 0xff, 0xfe, 0x50, 0x00,
    0x00, 0x04, 0xdf, 0xff, 0xfb, 0x20,
    0x00, 0x00, 0x08, 0xff, 0xff, 0x20,
    0x00, 0x00, 0x00, 0x2b, 0xf8, 0x00,
    0x00, 0x00, 0x00, 0x00, 0x40, 0x00,

    /* U+003D "=" */
    0xff, 0xff, 0xff, 0xff, 0xff, 0xb0,
    0xff, 0xff, 0xff, 0xff, 0xff, 0xb0,
    0xff, 0xff, 0xff, 0xff, 0xff, 0xb0,
    0x55, 0x55, 0x55, 0x55, 0x55, 0x40,
    0x00, 0x00, 0x00, 0x00, 0x00, 0x00,
    0xff, 0xff, 0xff, 0xff, 0xff, 0xb0,
    0xff, 0xff, 0xff, 0xff, 0xff, 0xb0,
    0xff, 0xff, 0xff, 0xff, 0xff, 0xb0,
    0x55, 0x55, 0x55, 0x55, 0x55, 0x30,

    /* U+003E ">" */
    0x05, 0x80, 0x00, 0x00, 0x00, 0x00,
    0x1e, 0xfe, 0x50, 0x00, 0x00, 0x00,
    0x8f, 0xff, 0xfb, 0x20, 0x00, 0x00,
    0x07, 0xff, 0xff, 0xf8, 0x00, 0x00,
    0x00, 0x2b, 0xff, 0xff, 0xd4, 0x00,
    0x00, 0x00, 0x5e, 0xff, 0xff, 0x60,
    0x00, 0x00, 0x05, 0xff, 0xff, 0x80,
    0x00, 0x01, 0xbf, 0xff, 0xfe, 0x30,
    0x00, 0x7f, 0xff, 0xff, 0x80, 0x00,
    0x3d, 0xff, 0xff, 0xb2, 0x00, 0x00,
    0x6f, 0xff, 0xe5, 0x00, 0x00, 0x00,
    0x0c, 0xf9, 0x00, 0x00, 0x00, 0x00,
    0x02, 0x20, 0x00, 0x00, 0x00, 0x00,

    /* U+003F "?" */
    0x00, 0x05, 0xbe, 0xfe, 0x92, 0x00,
    0x01, 0xbf, 0xff, 0xff, 0xff, 0x30,
    0x1d, 0xff, 0xff, 0xff, 0xff, 0xc0,
    0x1d, 0xff, 0xf9, 0x7e, 0xff, 0xf1,
    0x02, 0xec, 0x20, 0x08, 0xff, 0xf2,
    0x00, 0x10, 0x00, 0x2e, 0xff, 0xe0,
    0x00, 0x00, 0x07, 0xff, 0xff, 0x60,
    0x00, 0x01, 0xcf, 0xff, 0xf8, 0x00,
    0x00, 0x00, 0xdf, 0xff, 0x50, 0x00,
    0x00, 0x00, 0x3f, 0xa1, 0x00, 0x00,
    0x00, 0x00, 0x06, 0x30, 0x00, 0x00,
    0x00, 0x00, 0xbf, 0xfa, 0x00, 0x00,
    0x00, 0x02, 0xff, 0xff, 0x10, 0x00,
    0x00, 0x01, 0xff, 0xff, 0x00, 0x00,
    0x00, 0x00, 0x6e, 0xe5, 0x00, 0x00,

    /* U+0040 "@" */
    0x00, 0x00, 0x00, 0x00, 0x00, 0x00, 0x00, 0x00, 0x00, 0x00,
    0x00, 0x00, 0x01, 0x7b, 0xef, 0xfe, 0xa5, 0x00, 0x00, 0x00,
    0x00, 0x00, 0x7f, 0xff, 0xff, 0xff, 0xff, 0xd3, 0x00, 0x00,
    0x00, 0x0b, 0xff, 0xff, 0xff, 0xff, 0xff, 0xff, 0x60, 0x00,
    0x00, 0xaf, 0xff, 0xe6, 0x20, 0x03, 0x8f, 0xff, 0xf3, 0x00,
    0x05, 0xff, 0xfb, 0x02, 0x8a, 0x74, 0xab, 0xef, 0xfd, 0x00,
    0x0d, 0xff, 0xd0, 0x7f, 0xff, 0xff, 0xfb, 0x4f, 0xff, 0x40,
    0x2f, 0xff, 0x45, 0xff, 0xff, 0xff, 0xf7, 0x0d, 0xff, 0x80,
    0x6f, 0xff, 0x0e, 0xff, 0xa0, 0xcf, 0xf4, 0x0b, 0xff, 0x90,
    0x8f, 0xfc, 0x2f, 0xff, 0x20, 0xcf, 0xf1, 0x0c, 0xff, 0x80,
    0x8f, 0xfc, 0x4f, 0xff, 0x12, 0xff, 0xf0, 0x3f, 0xff, 0x40,
    0x6f, 0xfe, 0x2f, 0xff, 0xef, 0xff, 0xfe, 0xff, 0xfd, 0x00,
    0x3f, 0xff, 0x3b, 0xff, 0xff, 0xff, 0xff, 0xff, 0xe2, 0x00,
    0x0e, 0xff, 0xc1, 0x9f, 0xfb, 0x39, 0xef, 0xd8, 0x10, 0x00,
    0x07, 0xff, 0xfa, 0x00, 0x00, 0x00, 0x04, 0xa0, 0x00, 0x00,
    0x00, 0xcf, 0xff, 0xe7, 0x20, 0x03, 0x9f, 0xf7, 0x00, 0x00,
    0x00, 0x1c, 0xff, 0xff, 0xff, 0xff, 0xff, 0xff, 0x10, 0x00,
    0x00, 0x00, 0x8f, 0xff, 0xff, 0xff, 0xff, 0xd2, 0x00, 0x00,
    0x00, 0x00, 0x01, 0x7b, 0xef, 0xfd, 0xa5, 0x00, 0x00, 0x00,

    /* U+0041 "A" */
    0x00, 0x00, 0x0b, 0xff, 0xf6, 0x00, 0x00, 0x00,
    0x00, 0x00, 0x1f, 0xff, 0xfb, 0x00, 0x00, 0x00,
    0x00, 0x00, 0x6f, 0xff, 0xff, 0x10, 0x00, 0x00,
    0x00, 0x00, 0xcf, 0xff, 0xff, 0x60, 0x00, 0x00,
    0x00, 0x01, 0xff, 0xfe, 0xff, 0xb0, 0x00, 0x00,
    0x00, 0x07, 0xff, 0xe5, 0xff, 0xf1, 0x00, 0x00,
    0x00, 0x0d, 0xff, 0x90, 0xff, 0xf6, 0x00, 0x00,
    0x00, 0x2f, 0xff, 0x40, 0xbf, 0xfb, 0x00, 0x00,
    0x00, 0x8f, 0xfe, 0x00, 0x6f, 0xff, 0x00, 0x00,
    0x00, 0xef, 0xff, 0xff, 0xff, 0xff, 0x50, 0x00,
    0x03, 0xff, 0xff, 0xff, 0xff, 0xff, 0xb0, 0x00,
    0x09, 0xff, 0xff, 0xff, 0xff, 0xff, 0xf0, 0x00,
    0x0e, 0xff, 0xa4, 0x44, 0x46, 0xff, 0xf5, 0x00,
    0x4f, 0xff, 0x30, 0x00, 0x00, 0xef, 0xfa, 0x00,
    0xaf, 0xfe, 0x00, 0x00, 0x00, 0x9f, 0xff, 0x00,

    /* U+0042 "B" */
    0xef, 0xff, 0xff, 0xfd, 0x92, 0x00,
    0xef, 0xff, 0xff, 0xff, 0xff, 0x20,
    0xef, 0xff, 0xff, 0xff, 0xff, 0xa0,
    0xef, 0xfd, 0x66, 0x8f, 0xff, 0xd0,
    0xef, 0xfb, 0x00, 0x0c, 0xff, 0xe0,
    0xef, 0xfb, 0x00, 0x2e, 0xff, 0xa0,
    0xef, 0xff, 0xff, 0xff, 0xff, 0x20,
    0xef, 0xff, 0xff, 0xff, 0xf7, 0x00,
    0xef, 0xff, 0xff, 0xff, 0xff, 0x70,
    0xef, 0xfb, 0x00, 0x1b, 0xff, 0xf0,
    0xef, 0xfb, 0x00, 0x07, 0xff, 0xf2,
    0xef, 0xfd, 0x66, 0x7e, 0xff, 0xf2,
    0xef, 0xff, 0xff, 0xff, 0xff, 0xe0,
    0xef, 0xff, 0xff, 0xff, 0xff, 0x50,
    0xef, 0xff, 0xff, 0xfe, 0xa3, 0x00,

    /* U+0043 "C" */
    0x00, 0x00, 0x4a, 0xdf, 0xfe, 0xa5, 0x00, 0x00,
    0x00, 0x1b, 0xff, 0xff, 0xff, 0xff, 0xc1, 0x00,
    0x00, 0xcf, 0xff, 0xff, 0xff, 0xff, 0xfc, 0x00,
    0x09, 0xff, 0xff, 0xb7, 0x7a, 0xff, 0xff, 0x80,
    0x1f, 0xff, 0xf4, 0x00, 0x00, 0x3f, 0xff, 0xa0,
    0x5f, 0xff, 0x70, 0x00, 0x00, 0x05, 0x71, 0x00,
    0x8f, 0xff, 0x20, 0x00, 0x00, 0x00, 0x00, 0x00,
    0x9f, 0xff, 0x00, 0x00, 0x00, 0x00, 0x00, 0x00,
    0x8f, 0xff, 0x20, 0x00, 0x00, 0x00, 0x00, 0x00,
    0x6f, 0xff, 0x70, 0x00, 0x00, 0x05, 0x71, 0x00,
    0x1f, 0xff, 0xf4, 0x00, 0x00, 0x3f, 0xff, 0xa0,
    0x09, 0xff, 0xff, 0xb7, 0x7b, 0xff, 0xff, 0x80,
    0x00, 0xdf, 0xff, 0xff, 0xff, 0xff, 0xfc, 0x00,
    0x00, 0x1b, 0xff, 0xff, 0xff, 0xff, 0xc1, 0x00,
    0x00, 0x00, 0x4a, 0xef, 0xfe, 0xa5, 0x00, 0x00,

    /* U+0044 "D" */
    0xef, 0xff, 0xff, 0xfc, 0x82, 0x00, 0x00,
    0xef, 0xff, 0xff, 0xff, 0xff, 0x70, 0x00,
    0xef, 0xff, 0xff, 0xff, 0xff, 0xf7, 0x00,
    0xef, 0xfd, 0x66, 0x8e, 0xff, 0xff, 0x20,
    0xef, 0xfb, 0x00, 0x00, 0xaf, 0xff, 0x90,
    0xef, 0xfb, 0x00, 0x00, 0x0e, 0xff, 0xd0,
    0xef, 0xfb, 0x00, 0x00, 0x0b, 0xff, 0xf0,
    0xef, 0xfb, 0x00, 0x00, 0x09, 0xff, 0xf0,
    0xef, 0xfb, 0x00, 0x00, 0x0b, 0xff, 0xf0,
    0xef, 0xfb, 0x00, 0x00, 0x0f, 0xff, 0xd0,
    0xef, 0xfb, 0x00, 0x00, 0xaf, 0xff, 0x80,
    0xef, 0xfd, 0x77, 0x9e, 0xff, 0xff, 0x20,
    0xef, 0xff, 0xff, 0xff, 0xff, 0xf7, 0x00,
    0xef, 0xff, 0xff, 0xff, 0xff, 0x70, 0x00,
    0xef, 0xff, 0xff, 0xfc, 0x82, 0x00, 0x00,

    /* U+0045 "E" */
    0xef, 0xff, 0xff, 0xff, 0xfc,
    0xef, 0xff, 0xff, 0xff, 0xfc,
    0xef, 0xff, 0xff, 0xff, 0xfc,
    0xef, 0xfc, 0x55, 0x55, 0x54,
    0xef, 0xfb, 0x00, 0x00, 0x00,
    0xef, 0xfb, 0x00, 0x00, 0x00,
    0xef, 0xff, 0xff, 0xff, 0x90,
    0xef, 0xff, 0xff, 0xff, 0x90,
    0xef, 0xff, 0xff, 0xff, 0x90,
    0xef, 0xfc, 0x55, 0x55, 0x30,
    0xef, 0xfb, 0x00, 0x00, 0x00,
    0xef, 0xfd, 0x66, 0x66, 0x65,
    0xef, 0xff, 0xff, 0xff, 0xfc,
    0xef, 0xff, 0xff, 0xff, 0xfc,
    0xef, 0xff, 0xff, 0xff, 0xfc,

    /* U+0046 "F" */
    0xef, 0xff, 0xff, 0xff, 0xfc,
    0xef, 0xff, 0xff, 0xff, 0xfc,
    0xef, 0xff, 0xff, 0xff, 0xfc,
    0xef, 0xfd, 0x66, 0x66, 0x65,
    0xef, 0xfb, 0x00, 0x00, 0x00,
    0xef, 0xfb, 0x00, 0x00, 0x00,
    0xef, 0xff, 0xff, 0xff, 0xb0,
    0xef, 0xff, 0xff, 0xff, 0xb0,
    0xef, 0xff, 0xff, 0xff, 0xb0,
    0xef, 0xfd, 0x66, 0x66, 0x40,
    0xef, 0xfb, 0x00, 0x00, 0x00,
    0xef, 0xfb, 0x00, 0x00, 0x00,
    0xef, 0xfb, 0x00, 0x00, 0x00,
    0xef, 0xfb, 0x00, 0x00, 0x00,
    0xef, 0xfb, 0x00, 0x00, 0x00,

    /* U+0047 "G" */
    0x00, 0x00, 0x4a, 0xdf, 0xfe, 0xa5, 0x00, 0x00,
    0x00, 0x0a, 0xff, 0xff, 0xff, 0xff, 0xb1, 0x00,
    0x00, 0xcf, 0xff, 0xff, 0xff, 0xff, 0xfc, 0x00,
    0x08, 0xff, 0xff, 0xb7, 0x7b, 0xff, 0xff, 0x70,
    0x1f, 0xff, 0xf4, 0x00, 0x00, 0x4f, 0xfd, 0x60,
    0x5f, 0xff, 0x80, 0x00, 0x00, 0x04, 0x40, 0x00,
    0x8f, 0xff, 0x20, 0x00, 0x22, 0x22, 0x22, 0x20,
    0x9f, 0xff, 0x00, 0x04, 0xff, 0xff, 0xff, 0xf2,
    0x8f, 0xff, 0x10, 0x04, 0xff, 0xff, 0xff, 0xf3,
    0x6f, 0xff, 0x60, 0x04, 0xff, 0xff, 0xff, 0xf1,
    0x1f, 0xff, 0xe2, 0x00, 0x00, 0x1d, 0xff, 0xe0,
    0x09, 0xff, 0xff, 0x95, 0x58, 0xef, 0xff, 0x70,
    0x00, 0xdf, 0xff, 0xff, 0xff, 0xff, 0xfb, 0x00,
    0x00, 0x1b, 0xff, 0xff, 0xff, 0xff, 0xa0, 0x00,
    0x00, 0x00, 0x4a, 0xdf, 0xfd, 0x93, 0x00, 0x00,

    /* U+0048 "H" */
    0xef, 0xfb, 0x00, 0x00, 0x0f, 0xff, 0xa0,
    0xef, 0xfb, 0x00, 0x00, 0x0f, 0xff, 0xa0,
    0xef, 0xfb, 0x00, 0x00, 0x0f, 0xff, 0xa0,
    0xef, 0xfb, 0x00, 0x00, 0x0f, 0xff, 0xa0,
    0xef, 0xfb, 0x00, 0x00, 0x0f, 0xff, 0xa0,
    0xef, 0xfb, 0x00, 0x00, 0x0f, 0xff, 0xa0,
    0xef, 0xff, 0xff, 0xff, 0xff, 0xff, 0xa0,
    0xef, 0xff, 0xff, 0xff, 0xff, 0xff, 0xa0,
    0xef, 0xff, 0xff, 0xff, 0xff, 0xff, 0xa0,
    0xef, 0xfd, 0x77, 0x77, 0x7f, 0xff, 0xa0,
    0xef, 0xfb, 0x00, 0x00, 0x0f, 0xff, 0xa0,
    0xef, 0xfb, 0x00, 0x00, 0x0f, 0xff, 0xa0,
    0xef, 0xfb, 0x00, 0x00, 0x0f, 0xff, 0xa0,
    0xef, 0xfb, 0x00, 0x00, 0x0f, 0xff, 0xa0,
    0xef, 0xfb, 0x00, 0x00, 0x0f, 0xff, 0xa0,

    /* U+0049 "I" */
    0xef, 0xfb,
    0xef, 0xfb,
    0xef, 0xfb,
    0xef, 0xfb,
    0xef, 0xfb,
    0xef, 0xfb,
    0xef, 0xfb,
    0xef, 0xfb,
    0xef, 0xfb,
    0xef, 0xfb,
    0xef, 0xfb,
    0xef, 0xfb,
    0xef, 0xfb,
    0xef, 0xfb,
    0xef, 0xfb,

    /* U+004A "J" */
    0x00, 0x00, 0x00, 0x06, 0xff, 0xf2,
    0x00, 0x00, 0x00, 0x06, 0xff, 0xf2,
    0x00, 0x00, 0x00, 0x06, 0xff, 0xf2,
    0x00, 0x00, 0x00, 0x06, 0xff, 0xf2,
    0x00, 0x00, 0x00, 0x06, 0xff, 0xf2,
    0x00, 0x00, 0x00, 0x06, 0xff, 0xf2,
    0x00, 0x00, 0x00, 0x06, 0xff, 0xf2,
    0x00, 0x00, 0x00, 0x06, 0xff, 0xf2,
    0x01, 0x11, 0x00, 0x06, 0xff, 0xf2,
    0x8f, 0xff, 0x10, 0x06, 0xff, 0xf2,
    0x7f, 0xff, 0x30, 0x09, 0xff, 0xf1,
    0x4f, 0xff, 0xe7, 0x9f, 0xff, 0xe0,
    0x0e, 0xff, 0xff, 0xff, 0xff, 0x80,
    0x03, 0xff, 0xff, 0xff, 0xfc, 0x00,
    0x00, 0x29, 0xef, 0xfd, 0x70, 0x00,

    /* U+004B "K" */
    0xef, 0xfb, 0x00, 0x01, 0xdf, 0xff, 0x80,
    0xef, 0xfb, 0x00, 0x0b, 0xff, 0xfa, 0x00,
    0xef, 0xfb, 0x00, 0x9f, 0xff, 0xc0, 0x00,
    0xef, 0xfb, 0x06, 0xff, 0xfe, 0x10, 0x00,
    0xef, 0xfb, 0x4f, 0xff, 0xf3, 0x00, 0x00,
    0xef, 0xfd, 0xff, 0xff, 0x40, 0x00, 0x00,
    0xef, 0xff, 0xff, 0xf7, 0x00, 0x00, 0x00,
    0xef, 0xff, 0xff, 0xd0, 0x00, 0x00, 0x00,
    0xef, 0xff, 0xff, 0xf7, 0x00, 0x00, 0x00,
    0xef, 0xfd, 0xff, 0xff, 0x50, 0x00, 0x00,
    0xef, 0xfb, 0x5f, 0xff, 0xf3, 0x00, 0x00,
    0xef, 0xfb, 0x08, 0xff, 0xfe, 0x10, 0x00,
    0xef, 0xfb, 0x00, 0xbf, 0xff, 0xc0, 0x00,
    0xef, 0xfb, 0x00, 0x1d, 0xff, 0xfa, 0x00,
    0xef, 0xfb, 0x00, 0x02, 0xff, 0xff, 0x70,

    /* U+004C "L" */
    0xef, 0xfb, 0x00, 0x00, 0x00,
    0xef, 0xfb, 0x00, 0x00, 0x00,
    0xef, 0xfb, 0x00, 0x00, 0x00,
    0xef, 0xfb, 0x00, 0x00, 0x00,
    0xef, 0xfb, 0x00, 0x00, 0x00,
    0xef, 0xfb, 0x00, 0x00, 0x00,
    0xef, 0xfb, 0x00, 0x00, 0x00,
    0xef, 0xfb, 0x00, 0x00, 0x00,
    0xef, 0xfb, 0x00, 0x00, 0x00,
    0xef, 0xfb, 0x00, 0x00, 0x00,
    0xef, 0xfb, 0x00, 0x00, 0x00,
    0xef, 0xfd, 0x77, 0x77, 0x72,
    0xef, 0xff, 0xff, 0xff, 0xf6,
    0xef, 0xff, 0xff, 0xff, 0xf6,
    0xef, 0xff, 0xff, 0xff, 0xf6,

    /* U+004D "M" */
    0x00, 0x2f, 0xff, 0x50, 0x00, 0x00, 0x6f, 0xff, 0x00, 0x00,
    0x00, 0x4f, 0xff, 0xa0, 0x00, 0x00, 0xcf, 0xff, 0x20, 0x00,
    0x00, 0x7f, 0xff, 0xf0, 0x00, 0x01, 0xff, 0xff, 0x50, 0x00,
    0x00, 0xaf, 0xff, 0xf5, 0x00, 0x07, 0xff, 0xff, 0x80, 0x00,
    0x00, 0xdf, 0xff, 0xfa, 0x00, 0x0c, 0xff, 0xff, 0xb0, 0x00,
    0x00, 0xff, 0xff, 0xff, 0x00, 0x2f, 0xff, 0xff, 0xe0, 0x00,
    0x02, 0xff, 0xfd, 0xff, 0x50, 0x7f, 0xfd, 0xff, 0xf0, 0x00,
    0x05, 0xff, 0xf7, 0xff, 0xb0, 0xdf, 0xf6, 0xff, 0xf3, 0x00,
    0x08, 0xff, 0xd2, 0xff, 0xf3, 0xff, 0xf0, 0xff, 0xf6, 0x00,
    0x0b, 0xff, 0xb0, 0xdf, 0xfd, 0xff, 0xb0, 0xdf, 0xf9, 0x00,
    0x0e, 0xff, 0x80, 0x7f, 0xff, 0xff, 0x50, 0xaf, 0xfc, 0x00,
    0x0f, 0xff, 0x60, 0x2f, 0xff, 0xff, 0x00, 0x8f, 0xfe, 0x00,
    0x3f, 0xff, 0x30, 0x0c, 0xff, 0xfa, 0x00, 0x5f, 0xff, 0x10,
    0x6f, 0xff, 0x10, 0x07, 0xff, 0xf5, 0x00, 0x3f, 0xff, 0x40,
    0x9f, 0xff, 0x00, 0x02, 0xff, 0xf0, 0x00, 0x1f, 0xff, 0x70,

    /* U+004E "N" */
    0xef, 0xfc, 0x00, 0x00, 0x05, 0xff, 0xf3,
    0xef, 0xff, 0x80, 0x00, 0x05, 0xff, 0xf3,
    0xef, 0xff, 0xf3, 0x00, 0x05, 0xff, 0xf3,
    0xef, 0xff, 0xfe, 0x10, 0x05, 0xff, 0xf3,
    0xef, 0xff, 0xff, 0xa0, 0x05, 0xff, 0xf3,
    0xef, 0xff, 0xff, 0xf6, 0x05, 0xff, 0xf3,
    0xef, 0xfe, 0xff, 0xff, 0x25, 0xff, 0xf3,
    0xef, 0xfb, 0x8f, 0xff, 0xc6, 0xff, 0xf3,
    0xef, 0xfb, 0x0c, 0xff, 0xfd, 0xff, 0xf3,
    0xef, 0xfb, 0x01, 0xef, 0xff, 0xff, 0xf3,
    0xef, 0xfb, 0x00, 0x5f, 0xff, 0xff, 0xf3,
    0xef, 0xfb, 0x00, 0x09, 0xff, 0xff, 0xf3,
    0xef, 0xfb, 0x00, 0x00, 0xdf, 0xff, 0xf3,
    0xef, 0xfb, 0x00, 0x00, 0x2f, 0xff, 0xf3,
    0xef, 0xfb, 0x00, 0x00, 0x06, 0xff, 0xf3,

    /* U+004F "O" */
    0x00, 0x00, 0x39, 0xdf, 0xfe, 0xa4, 0x00, 0x00,
    0x00, 0x0a, 0xff, 0xff, 0xff, 0xff, 0xc1, 0x00,
    0x00, 0xcf, 0xff, 0xff, 0xff, 0xff, 0xfe, 0x10,
    0x08, 0xff, 0xff, 0xc8, 0x8b, 0xff, 0xff, 0xb0,
    0x1f, 0xff, 0xf5, 0x00, 0x00, 0x3e, 0xff, 0xf3,
    0x5f, 0xff, 0x70, 0x00, 0x00, 0x05, 0xff, 0xf8,
    0x8f, 0xff, 0x20, 0x00, 0x00, 0x00, 0xff, 0xfb,
    0x9f, 0xff, 0x00, 0x00, 0x00, 0x00, 0xdf, 0xfc,
    0x8f, 0xff, 0x20, 0x00, 0x00, 0x00, 0xff, 0xfb,
    0x6f, 0xff, 0x70, 0x00, 0x00, 0x05, 0xff, 0xf8,
    0x1f, 0xff, 0xf4, 0x00, 0x00, 0x3e, 0xff, 0xf3,
    0x09, 0xff, 0xff, 0xc8, 0x8b, 0xff, 0xff, 0xb0,
    0x00, 0xcf, 0xff, 0xff, 0xff, 0xff, 0xfe, 0x10,
    0x00, 0x1b, 0xff, 0xff, 0xff, 0xff, 0xc2, 0x00,
    0x00, 0x00, 0x4a, 0xdf, 0xfe, 0xa5, 0x00, 0x00,

    /* U+0050 "P" */
    0xef, 0xff, 0xff, 0xfc, 0x60, 0x00,
    0xef, 0xff, 0xff, 0xff, 0xfc, 0x00,
    0xef, 0xff, 0xff, 0xff, 0xff, 0xa0,
    0xef, 0xfd, 0x66, 0x9f, 0xff, 0xf1,
    0xef, 0xfb, 0x00, 0x07, 0xff, 0xf5,
    0xef, 0xfb, 0x00, 0x04, 0xff, 0xf6,
    0xef, 0xfb, 0x00, 0x08, 0xff, 0xf4,
    0xef, 0xfd, 0x77, 0xaf, 0xff, 0xf1,
    0xef, 0xff, 0xff, 0xff, 0xff, 0x90,
    0xef, 0xff, 0xff, 0xff, 0xfc, 0x00,
    0xef, 0xff, 0xff, 0xfc, 0x60, 0x00,
    0xef, 0xfb, 0x00, 0x00, 0x00, 0x00,
    0xef, 0xfb, 0x00, 0x00, 0x00, 0x00,
    0xef, 0xfb, 0x00, 0x00, 0x00, 0x00,
    0xef, 0xfb, 0x00, 0x00, 0x00, 0x00,

    /* U+0051 "Q" */
    0x00, 0x00, 0x39, 0xdf, 0xfe, 0xa4, 0x00, 0x00,
    0x00, 0x0a, 0xff, 0xff, 0xff, 0xff, 0xc1, 0x00,
    0x00, 0xcf, 0xff, 0xff, 0xff, 0xff, 0xfe, 0x10,
    0x08, 0xff, 0xff, 0xc8, 0x8b, 0xff, 0xff, 0xb0,
    0x1f, 0xff, 0xf5, 0x00, 0x00, 0x3e, 0xff, 0xf3,
    0x5f, 0xff, 0x70, 0x00, 0x00, 0x05, 0xff, 0xf8,
    0x8f, 0xff, 0x20, 0x00, 0x00, 0x00, 0xff, 0xfb,
    0x9f, 0xff, 0x00, 0x00, 0x00, 0x00, 0xdf, 0xfc,
    0x8f, 0xff, 0x20, 0x0b, 0xcc, 0x80, 0xff, 0xfb,
    0x6f, 0xff, 0x70, 0x05, 0xff, 0xf9, 0xff, 0xf8,
    0x1f, 0xff, 0xf4, 0x00, 0xcf, 0xff, 0xff, 0xf3,
    0x09, 0xff, 0xff, 0xc8, 0xaf, 0xff, 0xff, 0xb0,
    0x00, 0xcf, 0xff, 0xff, 0xff, 0xff, 0xfe, 0x10,
    0x00, 0x1b, 0xff, 0xff, 0xff, 0xff, 0xfa, 0x00,
    0x00, 0x00, 0x4a, 0xdf, 0xfe, 0xcf, 0xff, 0x40,
    0x00, 0x00, 0x00, 0x00, 0x00, 0x0b, 0xff, 0xd0,

    /* U+0052 "R" */
    0xef, 0xff, 0xff, 0xfc, 0x60, 0x00,
    0xef, 0xff, 0xff, 0xff, 0xfc, 0x00,
    0xef, 0xff, 0xff, 0xff, 0xff, 0xa0,
    0xef, 0xfd, 0x66, 0x9f, 0xff, 0xf1,
    0xef, 0xfb, 0x00, 0x07, 0xff, 0xf5,
    0xef, 0xfb, 0x00, 0x03, 0xff, 0xf6,
    0xef, 0xfb, 0x00, 0x06, 0xff, 0xf5,
    0xef, 0xfd, 0x66, 0x9f, 0xff, 0xf2,
    0xef, 0xff, 0xff, 0xff, 0xff, 0xa0,
    0xef, 0xff, 0xff, 0xff, 0xfc, 0x00,
    0xef, 0xff, 0xff, 0xff, 0xf3, 0x00,
    0xef, 0xfb, 0x03, 0xff, 0xfb, 0x00,
    0xef, 0xfb, 0x00, 0xaf, 0xff, 0x30,
    0xef, 0xfb, 0x00, 0x2f, 0xff, 0xc0,
    0xef, 0xfb, 0x00, 0x09, 0xff, 0xf4,

    /* U+0053 "S" */
    0x00, 0x06, 0xbe, 0xfe, 0xc6, 0x00, 0x00,
    0x00, 0xbf, 0xff, 0xff, 0xff, 0xc1, 0x00,
    0x09, 0xff, 0xff, 0xff, 0xff, 0xfb, 0x00,
    0x0f, 0xff, 0xe7, 0x58, 0xef, 0xc2, 0x00,
    0x1f, 0xff, 0x90, 0x00, 0x05, 0x00, 0x00,
    0x0f, 0xff, 0xf7, 0x30, 0x00, 0x00, 0x00,
    0x08, 0xff, 0xff, 0xfe, 0xa4, 0x00, 0x00,
    0x00, 0xaf, 0xff, 0xff, 0xff, 0xb0, 0x00,
    0x00, 0x03, 0x9e, 0xff, 0xff, 0xfa, 0x00,
    0x00, 0x00, 0x00, 0x27, 0xff, 0xff, 0x00,
    0x01, 0xaa, 0x00, 0x00, 0x9f, 0xff, 0x20,
    0x4f, 0xff, 0xd6, 0x45, 0xef, 0xff, 0x10,
    0x0d, 0xff, 0xff, 0xff, 0xff, 0xfa, 0x00,
    0x01, 0xdf, 0xff, 0xff, 0xff, 0xc1, 0x00,
    0x00, 0x06, 0xbf, 0xfe, 0xc6, 0x00, 0x00,

    /* U+0054 "T" */
    0xcf, 0xff, 0xff, 0xff, 0xff, 0xff, 0x80,
    0xcf, 0xff, 0xff, 0xff, 0xff, 0xff, 0x80,
    0xcf, 0xff, 0xff, 0xff, 0xff, 0xff, 0x80,
    0x56, 0x66, 0xbf, 0xff, 0x86, 0x66, 0x30,
    0x00, 0x00, 0x7f, 0xff, 0x20, 0x00, 0x00,
    0x00, 0x00, 0x7f, 0xff, 0x20, 0x00, 0x00,
    0x00, 0x00, 0x7f, 0xff, 0x20, 0x00, 0x00,
    0x00, 0x00, 0x7f, 0xff, 0x20, 0x00, 0x00,
    0x00, 0x00, 0x7f, 0xff, 0x20, 0x00, 0x00,
    0x00, 0x00, 0x7f, 0xff, 0x20, 0x00, 0x00,
    0x00, 0x00, 0x7f, 0xff, 0x20, 0x00, 0x00,
    0x00, 0x00, 0x7f, 0xff, 0x20, 0x00, 0x00,
    0x00, 0x00, 0x7f, 0xff, 0x20, 0x00, 0x00,
    0x00, 0x00, 0x7f, 0xff, 0x20, 0x00, 0x00,
    0x00, 0x00, 0x7f, 0xff, 0x20, 0x00, 0x00,

    /* U+0055 "U" */
    0xef, 0xfa, 0x00, 0x00, 0x2f, 0xff, 0x70,
    0xef, 0xfa, 0x00, 0x00, 0x2f, 0xff, 0x70,
    0xef, 0xfa, 0x00, 0x00, 0x2f, 0xff, 0x70,
    0xef, 0xfa, 0x00, 0x00, 0x2f, 0xff, 0x70,
    0xef, 0xfa, 0x00, 0x00, 0x2f, 0xff, 0x70,
    0xef, 0xfa, 0x00, 0x00, 0x2f, 0xff, 0x70,
    0xef, 0xfa, 0x00, 0x00, 0x2f, 0xff, 0x70,
    0xef, 0xfa, 0x00, 0x00, 0x2f, 0xff, 0x70,
    0xef, 0xfa, 0x00, 0x00, 0x2f, 0xff, 0x70,
    0xdf, 0xfb, 0x00, 0x00, 0x3f, 0xff, 0x60,
    0xbf, 0xff, 0x20, 0x00, 0xaf, 0xff, 0x40,
    0x7f, 0xff, 0xe8, 0x7b, 0xff, 0xff, 0x00,
    0x1e, 0xff, 0xff, 0xff, 0xff, 0xf8, 0x00,
    0x04, 0xff, 0xff, 0xff, 0xff, 0xb0, 0x00,
    0x00, 0x18, 0xdf, 0xfe, 0xb5, 0x00, 0x00,

    /* U+0056 "V" */
    0xbf, 0xfe, 0x00, 0x00, 0x00, 0xbf, 0xfd, 0x00,
    0x6f, 0xff, 0x40, 0x00, 0x00, 0xff, 0xf8, 0x00,
    0x1f, 0xff, 0x90, 0x00, 0x05, 0xff, 0xf3, 0x00,
    0x0b, 0xff, 0xe0, 0x00, 0x0a, 0xff, 0xd0, 0x00,
    0x06, 0xff, 0xf3, 0x00, 0x0f, 0xff, 0x80, 0x00,
    0x01, 0xff, 0xf9, 0x00, 0x5f, 0xff, 0x30, 0x00,
    0x00, 0xbf, 0xfe, 0x00, 0xaf, 0xfd, 0x00, 0x00,
    0x00, 0x6f, 0xff, 0x30, 0xff, 0xf8, 0x00, 0x00,
    0x00, 0x1f, 0xff, 0x85, 0xff, 0xf3, 0x00, 0x00,
    0x00, 0x0b, 0xff, 0xea, 0xff, 0xd0, 0x00, 0x00,
    0x00, 0x06, 0xff, 0xff, 0xff, 0x80, 0x00, 0x00,
    0x00, 0x01, 0xff, 0xff, 0xff, 0x20, 0x00, 0x00,
    0x00, 0x00, 0xbf, 0xff, 0xfd, 0x00, 0x00, 0x00,
    0x00, 0x00, 0x6f, 0xff, 0xf8, 0x00, 0x00, 0x00,
    0x00, 0x00, 0x1f, 0xff, 0xf2, 0x00, 0x00, 0x00,

    /* U+0057 "W" */
    0xbf, 0xfe, 0x00, 0x00, 0x0e, 0xff, 0xd0, 0x00, 0x00, 0xff, 0xfa,
    0x6f, 0xff, 0x20, 0x00, 0x3f, 0xff, 0xf2, 0x00, 0x03, 0xff, 0xf5,
    0x2f, 0xff, 0x60, 0x00, 0x7f, 0xff, 0xf6, 0x00, 0x07, 0xff, 0xf1,
    0x0d, 0xff, 0xa0, 0x00, 0xcf, 0xff, 0xfb, 0x00, 0x0b, 0xff, 0xc0,
    0x09, 0xff, 0xe0, 0x01, 0xff, 0xff, 0xff, 0x00, 0x0f, 0xff, 0x80,
    0x05, 0xff, 0xf3, 0x06, 0xff, 0xff, 0xff, 0x50, 0x4f, 0xff, 0x30,
    0x00, 0xff, 0xf7, 0x0b, 0xff, 0xbc, 0xff, 0xa0, 0x8f, 0xff, 0x00,
    0x00, 0xcf, 0xfb, 0x0f, 0xff, 0x77, 0xff, 0xe0, 0xcf, 0xfb, 0x00,
    0x00, 0x7f, 0xff, 0x5f, 0xff, 0x23, 0xff, 0xf4, 0xff, 0xf6, 0x00,
    0x00, 0x3f, 0xff, 0xdf, 0xfd, 0x00, 0xef, 0xfd, 0xff, 0xf2, 0x00,
    0x00, 0x0e, 0xff, 0xff, 0xf8, 0x00, 0x9f, 0xff, 0xff, 0xd0, 0x00,
    0x00, 0x0a, 0xff, 0xff, 0xf3, 0x00, 0x4f, 0xff, 0xff, 0x90, 0x00,
    0x00, 0x06, 0xff, 0xff, 0xe0, 0x00, 0x0f, 0xff, 0xff, 0x50, 0x00,
    0x00, 0x01, 0xff, 0xff, 0xa0, 0x00, 0x0b, 0xff, 0xff, 0x00, 0x00,
    0x00, 0x00, 0xdf, 0xff, 0x50, 0x00, 0x06, 0xff, 0xfc, 0x00, 0x00,

    /* U+0058 "X" */
    0x6f, 0xff, 0xd0, 0x00, 0x00, 0xcf, 0xff, 0x70,
    0x0b, 0xff, 0xf8, 0x00, 0x07, 0xff, 0xfc, 0x00,
    0x01, 0xff, 0xff, 0x20, 0x2f, 0xff, 0xf2, 0x00,
    0x00, 0x6f, 0xff, 0xc0, 0xcf, 0xff, 0x60, 0x00,
    0x00, 0x0b, 0xff, 0xfc, 0xff, 0xfc, 0x00, 0x00,
    0x00, 0x01, 0xff, 0xff, 0xff, 0xf2, 0x00, 0x00,
    0x00, 0x00, 0x6f, 0xff, 0xff, 0x60, 0x00, 0x00,
    0x00, 0x00, 0x0f, 0xff, 0xfe, 0x00, 0x00, 0x00,
    0x00, 0x00, 0x8f, 0xff, 0xff, 0x70, 0x00, 0x00,
    0x00, 0x03, 0xff, 0xff, 0xff, 0xf2, 0x00, 0x00,
    0x00, 0x0d, 0xff, 0xfd, 0xff, 0xfd, 0x00, 0x00,
    0x00, 0x8f, 0xff, 0xc0, 0xdf, 0xff, 0x80, 0x00,
    0x03, 0xff, 0xff, 0x30, 0x3f, 0xff, 0xf3, 0x00,
    0x0d, 0xff, 0xf8, 0x00, 0x08, 0xff, 0xfd, 0x00,
    0x8f, 0xff, 0xd0, 0x00, 0x00, 0xdf, 0xff, 0x80,

    /* U+0059 "Y" */
    0x0d, 0xff, 0xf1, 0x00, 0x00, 0x5f, 0xff, 0x70,
    0x05, 0xff, 0xf9, 0x00, 0x00, 0xdf, 0xfe, 0x00,
    0x00, 0xcf, 0xff, 0x20, 0x05, 0xff, 0xf7, 0x00,
    0x00, 0x4f, 0xff, 0x90, 0x0d, 0xff, 0xe0, 0x00,
    0x00, 0x0c, 0xff, 0xf2, 0x5f, 0xff, 0x60, 0x00,
    0x00, 0x04, 0xff, 0xf9, 0xdf, 0xfe, 0x00, 0x00,
    0x00, 0x00, 0xcf, 0xff, 0xff, 0xf6, 0x00, 0x00,
    0x00, 0x00, 0x3f, 0xff, 0xff, 0xd0, 0x00, 0x00,
    0x00, 0x00, 0x0b, 0xff, 0xff, 0x50, 0x00, 0x00,
    0x00, 0x00, 0x03, 0xff, 0xfd, 0x00, 0x00, 0x00,
    0x00, 0x00, 0x00, 0xff, 0xf9, 0x00, 0x00, 0x00,
    0x00, 0x00, 0x00, 0xff, 0xf9, 0x00, 0x00, 0x00,
    0x00, 0x00, 0x00, 0xff, 0xf9, 0x00, 0x00, 0x00,
    0x00, 0x00, 0x00, 0xff, 0xf9, 0x00, 0x00, 0x00,
    0x00, 0x00, 0x00, 0xff, 0xf9, 0x00, 0x00, 0x00,

    /* U+005A "Z" */
    0x0f, 0xff, 0xff, 0xff, 0xff, 0xff, 0x20,
    0x0f, 0xff, 0xff, 0xff, 0xff, 0xff, 0x20,
    0x0f, 0xff, 0xff, 0xff, 0xff, 0xff, 0x10,
    0x06, 0x66, 0x66, 0x6e, 0xff, 0xf6, 0x00,
    0x00, 0x00, 0x00, 0x5f, 0xff, 0xb0, 0x00,
    0x00, 0x00, 0x02, 0xff, 0xfe, 0x10, 0x00,
    0x00, 0x00, 0x0c, 0xff, 0xf4, 0x00, 0x00,
    0x00, 0x00, 0x8f, 0xff, 0x80, 0x00, 0x00,
    0x00, 0x04, 0xff, 0xfc, 0x00, 0x00, 0x00,
    0x00, 0x1e, 0xff, 0xf2, 0x00, 0x00, 0x00,
    0x00, 0xbf, 0xff, 0x50, 0x00, 0x00, 0x00,
    0x07, 0xff, 0xfe, 0x77, 0x77, 0x77, 0x20,
    0x2f, 0xff, 0xff, 0xff, 0xff, 0xff, 0x40,
    0x3f, 0xff, 0xff, 0xff, 0xff, 0xff, 0x40,
    0x3f, 0xff, 0xff, 0xff, 0xff, 0xff, 0x40,

    /* U+005B "[" */
    0x56, 0x77, 0x66,
    0xef, 0xff, 0xff,
    0xef, 0xff, 0xff,
    0xef, 0xff, 0xff,
    0xef, 0xfa, 0x00,
    0xef, 0xfa, 0x00,
    0xef, 0xfa, 0x00,
    0xef, 0xfa, 0x00,
    0xef, 0xfa, 0x00,
    0xef, 0xfa, 0x00,
    0xef, 0xfa, 0x00,
    0xef, 0xfa, 0x00,
    0xef, 0xfa, 0x00,
    0xef, 0xfa, 0x00,
    0xef, 0xfa, 0x00,
    0xef, 0xfa, 0x00,
    0xef, 0xfa, 0x00,
    0xef, 0xfc, 0x66,
    0xef, 0xff, 0xff,
    0xef, 0xff, 0xff,
    0xef, 0xff, 0xff,

    /* U+005C "\\" */
    0x00, 0x04, 0x00, 0x00, 0x00, 0x00, 0x00,
    0x06, 0xef, 0x30, 0x00, 0x00, 0x00, 0x00,
    0x0e, 0xff, 0xb0, 0x00, 0x00, 0x00, 0x00,
    0x07, 0xff, 0xf3, 0x00, 0x00, 0x00, 0x00,
    0x00, 0xef, 0xfb, 0x00, 0x00, 0x00, 0x00,
    0x00, 0x7f, 0xff, 0x30, 0x00, 0x00, 0x00,
    0x00, 0x0e, 0xff, 0xb0, 0x00, 0x00, 0x00,
    0x00, 0x08, 0xff, 0xf3, 0x00, 0x00, 0x00,
    0x00, 0x01, 0xff, 0xfa, 0x00, 0x00, 0x00,
    0x00, 0x00, 0x8f, 0xff, 0x20, 0x00, 0x00,
    0x00, 0x00, 0x1f, 0xff, 0xa0, 0x00, 0x00,
    0x00, 0x00, 0x08, 0xff, 0xf2, 0x00, 0x00,
    0x00, 0x00, 0x01, 0xff, 0xfa, 0x00, 0x00,
    0x00, 0x00, 0x00, 0x9f, 0xff, 0x20, 0x00,
    0x00, 0x00, 0x00, 0x1f, 0xff, 0x90, 0x00,
    0x00, 0x00, 0x00, 0x09, 0xff, 0xf2, 0x00,
    0x00, 0x00, 0x00, 0x01, 0xff, 0xf9, 0x00,
    0x00, 0x00, 0x00, 0x00, 0x9f, 0xff, 0x10,
    0x00, 0x00, 0x00, 0x00, 0x2f, 0xe8, 0x10,
    0x00, 0x00, 0x00, 0x00, 0x04, 0x00, 0x00,

    /* U+005D "]" */
    0x36, 0x68, 0x66, 0x20,
    0x8f, 0xff, 0xff, 0x50,
    0x8f, 0xff, 0xff, 0x50,
    0x8f, 0xff, 0xff, 0x50,
    0x00, 0x3f, 0xff, 0x50,
    0x00, 0x3f, 0xff, 0x50,
    0x00, 0x3f, 0xff, 0x50,
    0x00, 0x3f, 0xff, 0x50,
    0x00, 0x3f, 0xff, 0x50,
    0x00, 0x3f, 0xff, 0x50,
    0x00, 0x3f, 0xff, 0x50,
    0x00, 0x3f, 0xff, 0x50,
    0x00, 0x3f, 0xff, 0x50,
    0x00, 0x3f, 0xff, 0x50,
    0x00, 0x3f, 0xff, 0x50,
    0x00, 0x3f, 0xff, 0x50,
    0x00, 0x3f, 0xff, 0x50,
    0x36, 0x8f, 0xff, 0x50,
    0x8f, 0xff, 0xff, 0x50,
    0x8f, 0xff, 0xff, 0x50,
    0x8f, 0xff, 0xff, 0x50,

    /* U+005E "^" */
    0x00, 0x00, 0x06, 0x00, 0x00, 0x00,
    0x00, 0x01, 0xcf, 0xa0, 0x00, 0x00,
    0x00, 0x2e, 0xff, 0xfb, 0x10, 0x00,
    0x04, 0xff, 0xff, 0xff, 0xd1, 0x00,
    0x5f, 0xff, 0xd6, 0xff, 0xfe, 0x20,
    0x8f, 0xfc, 0x10, 0x3e, 0xff, 0x50,
    0x0a, 0xa0, 0x00, 0x01, 0xd6, 0x00,
    0x00, 0x00, 0x00, 0x00, 0x00, 0x00,

    /* U+005F "_" */
    0x7e, 0xee, 0xee, 0xee, 0xee, 0xeb,
    0x8f, 0xff, 0xff, 0xff, 0xff, 0xfc,
    0x8f, 0xff, 0xff, 0xff, 0xff, 0xfc,

    /* U+0060 "`" */
    0x04, 0x90, 0x00,
    0x3f, 0xfb, 0x00,
    0x0b, 0xff, 0xc1,
    0x00, 0x9f, 0xf7,
    0x00, 0x08, 0x90,
    0x00, 0x00, 0x00,

    /* U+0061 "a" */
    0x01, 0x6b, 0xef, 0xfc, 0x50, 0x00,
    0x09, 0xff, 0xff, 0xff, 0xf7, 0x00,
    0x03, 0xff, 0xff, 0xff, 0xff, 0x10,
    0x00, 0x62, 0x00, 0x7f, 0xff, 0x50,
    0x01, 0x9e, 0xfe, 0xaf, 0xff, 0x60,
    0x0d, 0xff, 0xff, 0xff, 0xff, 0x60,
    0x6f, 0xff, 0xc7, 0xcf, 0xff, 0x60,
    0x9f, 0xff, 0x20, 0x2f, 0xff, 0x60,
    0x6f, 0xff, 0xb6, 0xbf, 0xff, 0x60,
    0x0e, 0xff, 0xff, 0xff, 0xff, 0x60,
    0x01, 0xae, 0xfd, 0x8b, 0xff, 0x60,

    /* U+0062 "b" */
    0xff, 0xfa, 0x00, 0x00, 0x00, 0x00,
    0xff, 0xfa, 0x00, 0x00, 0x00, 0x00,
    0xff, 0xfa, 0x00, 0x00, 0x00, 0x00,
    0xff, 0xfa, 0x00, 0x00, 0x00, 0x00,
    0xff, 0xfc, 0xbf, 0xfd, 0x60, 0x00,
    0xff, 0xff, 0xff, 0xff, 0xfa, 0x00,
    0xff, 0xff, 0xff, 0xff, 0xff, 0x60,
    0xff, 0xff, 0xa5, 0xaf, 0xff, 0xd0,
    0xff, 0xfb, 0x00, 0x0c, 0xff, 0xf0,
    0xff, 0xf8, 0x00, 0x08, 0xff, 0xf2,
    0xff, 0xfa, 0x00, 0x0a, 0xff, 0xf0,
    0xff, 0xff, 0x83, 0x8f, 0xff, 0xd0,
    0xff, 0xff, 0xff, 0xff, 0xff, 0x60,
    0xff, 0xff, 0xff, 0xff, 0xfb, 0x00,
    0xff, 0xd2, 0xbf, 0xfd, 0x70, 0x00,

    /* U+0063 "c" */
    0x00, 0x07, 0xdf, 0xfc, 0x70, 0x00,
    0x01, 0xdf, 0xff, 0xff, 0xfc, 0x10,
    0x0c, 0xff, 0xff, 0xff, 0xff, 0xa0,
    0x3f, 0xff, 0xe8, 0x8e, 0xfe, 0x80,
    0x7f, 0xff, 0x30, 0x03, 0x60, 0x00,
    0x9f, 0xff, 0x00, 0x00, 0x00, 0x00,
    0x7f, 0xff, 0x30, 0x03, 0x60, 0x00,
    0x3f, 0xff, 0xe8, 0x8e, 0xfe, 0x80,
    0x0c, 0xff, 0xff, 0xff, 0xff, 0xa0,
    0x01, 0xdf, 0xff, 0xff, 0xfc, 0x10,
    0x00, 0x07, 0xdf, 0xfc, 0x70, 0x00,

    /* U+0064 "d" */
    0x00, 0x00, 0x00, 0x00, 0xff, 0xf8,
    0x00, 0x00, 0x00, 0x00, 0xff, 0xf8,
    0x00, 0x00, 0x00, 0x00, 0xff, 0xf8,
    0x00, 0x00, 0x00, 0x00, 0xff, 0xf8,
    0x00, 0x19, 0xef, 0xe9, 0xff, 0xf8,
    0x02, 0xef, 0xff, 0xff, 0xff, 0xf8,
    0x0d, 0xff, 0xff, 0xff, 0xff, 0xf8,
    0x4f, 0xff, 0xe6, 0x5d, 0xff, 0xf8,
    0x7f, 0xff, 0x40, 0x01, 0xff, 0xf8,
    0x9f, 0xff, 0x10, 0x00, 0xff, 0xf8,
    0x7f, 0xff, 0x50, 0x02, 0xff, 0xf8,
    0x4f, 0xff, 0xf8, 0x7e, 0xff, 0xf8,
    0x0d, 0xff, 0xff, 0xff, 0xff, 0xf8,
    0x02, 0xef, 0xff, 0xff, 0xff, 0xf8,
    0x00, 0x2a, 0xef, 0xd7, 0x4f, 0xf8,

    /* U+0065 "e" */
    0x00, 0x08, 0xdf, 0xfc, 0x60, 0x00,
    0x01, 0xdf, 0xff, 0xff, 0xfb, 0x00,
    0x0c, 0xff, 0xfc, 0xcf, 0xff, 0x80,
    0x3f, 0xff, 0x20, 0x04, 0xff, 0xf0,
    0x7f, 0xff, 0xff, 0xff, 0xff, 0xf3,
    0x9f, 0xff, 0xff, 0xff, 0xff, 0xf4,
    0x8f, 0xfd, 0x66, 0x66, 0x66, 0x61,
    0x4f, 0xff, 0x20, 0x01, 0xc8, 0x00,
    0x0d, 0xff, 0xfc, 0xbf, 0xff, 0xb0,
    0x02, 0xef, 0xff, 0xff, 0xfd, 0x10,
    0x00, 0x18, 0xdf, 0xfc, 0x70, 0x00,

    /* U+0066 "f" */
    0x00, 0x06, 0xdf, 0xf6,
    0x00, 0x8f, 0xff, 0xf7,
    0x00, 0xff, 0xff, 0xf7,
    0x03, 0xff, 0xfb, 0x42,
    0x9f, 0xff, 0xff, 0xf3,
    0x9f, 0xff, 0xff, 0xf3,
    0x9f, 0xff, 0xff, 0xf3,
    0x26, 0xff, 0xf8, 0x40,
    0x03, 0xff, 0xf6, 0x00,
    0x03, 0xff, 0xf6, 0x00,
    0x03, 0xff, 0xf6, 0x00,
    0x03, 0xff, 0xf6, 0x00,
    0x03, 0xff, 0xf6, 0x00,
    0x03, 0xff, 0xf6, 0x00,
    0x03, 0xff, 0xf6, 0x00,

    /* U+0067 "g" */
    0x00, 0x2a, 0xef, 0xd6, 0x3f, 0xf9,
    0x03, 0xff, 0xff, 0xff, 0xef, 0xf9,
    0x0e, 0xff, 0xff, 0xff, 0xff, 0xf9,
    0x5f, 0xff, 0xd4, 0x3a, 0xff, 0xf9,
    0x7f, 0xff, 0x20, 0x00, 0xef, 0xf9,
    0x8f, 0xff, 0x20, 0x00, 0xef, 0xf9,
    0x5f, 0xff, 0xb1, 0x08, 0xff, 0xf9,
    0x0e, 0xff, 0xff, 0xff, 0xff, 0xf9,
    0x05, 0xff, 0xff, 0xff, 0xff, 0xf9,
    0x00, 0x3c, 0xff, 0xf9, 0xff, 0xf8,
    0x00, 0x02, 0x01, 0x01, 0xff, 0xf7,
    0x06, 0xdf, 0x40, 0x09, 0xff, 0xf3,
    0x0b, 0xff, 0xfe, 0xff, 0xff, 0xc0,
    0x01, 0xdf, 0xff, 0xff, 0xfe, 0x20,
    0x00, 0x08, 0xdf, 0xfd, 0x81, 0x00,

    /* U+0068 "h" */
    0xff, 0xfa, 0x00, 0x00, 0x00, 0x00,
    0xff, 0xfa, 0x00, 0x00, 0x00, 0x00,
    0xff, 0xfa, 0x00, 0x00, 0x00, 0x00,
    0xff, 0xfa, 0x00, 0x00, 0x00, 0x00,
    0xff, 0xfa, 0x6d, 0xff, 0xa1, 0x00,
    0xff, 0xff, 0xff, 0xff, 0xfb, 0x00,
    0xff, 0xff, 0xff, 0xff, 0xff, 0x10,
    0xff, 0xff, 0xd8, 0xcf, 0xff, 0x40,
    0xff, 0xfb, 0x00, 0x4f, 0xff, 0x40,
    0xff, 0xfa, 0x00, 0x4f, 0xff, 0x50,
    0xff, 0xfa, 0x00, 0x4f, 0xff, 0x50,
    0xff, 0xfa, 0x00, 0x4f, 0xff, 0x50,
    0xff, 0xfa, 0x00, 0x4f, 0xff, 0x50,
    0xff, 0xfa, 0x00, 0x4f, 0xff, 0x50,
    0xff, 0xfa, 0x00, 0x4f, 0xff, 0x50,

    /* U+0069 "i" */
    0x00, 0x00, 0x00,
    0x08, 0xff, 0x50,
    0x1f, 0xff, 0xd0,
    0x1f, 0xff, 0xd0,
    0x07, 0xfe, 0x40,
    0x00, 0x00, 0x00,
    0x0e, 0xff, 0xa0,
    0x0e, 0xff, 0xa0,
    0x0e, 0xff, 0xa0,
    0x0e, 0xff, 0xa0,
    0x0e, 0xff, 0xa0,
    0x0e, 0xff, 0xa0,
    0x0e, 0xff, 0xa0,
    0x0e, 0xff, 0xa0,
    0x0e, 0xff, 0xa0,
    0x0e, 0xff, 0xa0,
    0x0e, 0xff, 0xa0,

    /* U+006A "j" */
    0x00, 0x00, 0x00, 0x00,
    0x00, 0x6f, 0xf7, 0x00,
    0x00, 0xff, 0xff, 0x00,
    0x00, 0xff, 0xff, 0x00,
    0x00, 0x5e, 0xf6, 0x00,
    0x00, 0x00, 0x00, 0x00,
    0x00, 0xcf, 0xfd, 0x00,
    0x00, 0xcf, 0xfd, 0x00,
    0x00, 0xcf, 0xfd, 0x00,
    0x00, 0xcf, 0xfd, 0x00,
    0x00, 0xcf, 0xfd, 0x00,
    0x00, 0xcf, 0xfd, 0x00,
    0x00, 0xcf, 0xfd, 0x00,
    0x00, 0xcf, 0xfd, 0x00,
    0x00, 0xcf, 0xfd, 0x00,
    0x00, 0xcf, 0xfd, 0x00,
    0x00, 0xcf, 0xfd, 0x00,
    0x03, 0xef, 0xfc, 0x00,
    0x4f, 0xff, 0xfa, 0x00,
    0x4f, 0xff, 0xf4, 0x00,
    0x3f, 0xfd, 0x50, 0x00,

    /* U+006B "k" */
    0xff, 0xf9, 0x00, 0x00, 0x00, 0x00,
    0xff, 0xf9, 0x00, 0x00, 0x00, 0x00,
    0xff, 0xf9, 0x00, 0x00, 0x00, 0x00,
    0xff, 0xf9, 0x00, 0x00, 0x00, 0x00,
    0xff, 0xf9, 0x00, 0x9f, 0xff, 0x50,
    0xff, 0xf9, 0x07, 0xff, 0xf7, 0x00,
    0xff, 0xf9, 0x5f, 0xff, 0x90, 0x00,
    0xff, 0xfc, 0xff, 0xfb, 0x00, 0x00,
    0xff, 0xff, 0xff, 0xd1, 0x00, 0x00,
    0xff, 0xff, 0xff, 0xa0, 0x00, 0x00,
    0xff, 0xff, 0xff, 0xf6, 0x00, 0x00,
    0xff, 0xfa, 0xef, 0xff, 0x30, 0x00,
    0xff, 0xf9, 0x3f, 0xff, 0xd1, 0x00,
    0xff, 0xf9, 0x06, 0xff, 0xfb, 0x00,
    0xff, 0xf9, 0x00, 0xaf, 0xff, 0x70,

    /* U+006C "l" */
    0xff, 0xf9, 0x00,
    0xff, 0xf9, 0x00,
    0xff, 0xf9, 0x00,
    0xff, 0xf9, 0x00,
    0xff, 0xf9, 0x00,
    0xff, 0xf9, 0x00,
    0xff, 0xf9, 0x00,
    0xff, 0xf9, 0x00,
    0xff, 0xf9, 0x00,
    0xff, 0xf9, 0x00,
    0xff, 0xf9, 0x00,
    0xef, 0xfe, 0x40,
    0xdf, 0xff, 0xa0,
    0x7f, 0xff, 0xa0,
    0x08, 0xef, 0x90,

    /* U+006D "m" */
    0xff, 0xd0, 0x7d, 0xfe, 0x90, 0x3b, 0xff, 0xc3, 0x00,
    0xff, 0xfe, 0xff, 0xff, 0xfd, 0xff, 0xff, 0xfe, 0x00,
    0xff, 0xff, 0xff, 0xff, 0xff, 0xff, 0xff, 0xff, 0x50,
    0xff, 0xff, 0xc7, 0xef, 0xff, 0xf9, 0xaf, 0xff, 0x70,
    0xff, 0xfb, 0x00, 0x8f, 0xff, 0x20, 0x1f, 0xff, 0x80,
    0xff, 0xfa, 0x00, 0x7f, 0xff, 0x10, 0x0f, 0xff, 0x80,
    0xff, 0xfa, 0x00, 0x7f, 0xff, 0x10, 0x0f, 0xff, 0x80,
    0xff, 0xfa, 0x00, 0x7f, 0xff, 0x10, 0x0f, 0xff, 0x80,
    0xff, 0xfa, 0x00, 0x7f, 0xff, 0x10, 0x0f, 0xff, 0x80,
    0xff, 0xfa, 0x00, 0x7f, 0xff, 0x10, 0x0f, 0xff, 0x80,
    0xff, 0xfa, 0x00, 0x7f, 0xff, 0x10, 0x0f, 0xff, 0x80,

    /* U+006E "n" */
    0xff, 0xd0, 0x7d, 0xff, 0xa1, 0x00,
    0xff, 0xfe, 0xff, 0xff, 0xfb, 0x00,
    0xff, 0xff, 0xff, 0xff, 0xff, 0x10,
    0xff, 0xff, 0xd8, 0xcf, 0xff, 0x40,
    0xff, 0xfb, 0x00, 0x4f, 0xff, 0x40,
    0xff, 0xfa, 0x00, 0x4f, 0xff, 0x50,
    0xff, 0xfa, 0x00, 0x4f, 0xff, 0x50,
    0xff, 0xfa, 0x00, 0x4f, 0xff, 0x50,
    0xff, 0xfa, 0x00, 0x4f, 0xff, 0x50,
    0xff, 0xfa, 0x00, 0x4f, 0xff, 0x50,
    0xff, 0xfa, 0x00, 0x4f, 0xff, 0x50,

    /* U+006F "o" */
    0x00, 0x06, 0xcf, 0xfd, 0x91, 0x00,
    0x01, 0xcf, 0xff, 0xff, 0xfe, 0x30,
    0x0b, 0xff, 0xff, 0xff, 0xff, 0xe1,
    0x3f, 0xff, 0xf9, 0x8d, 0xff, 0xf8,
    0x7f, 0xff, 0x50, 0x01, 0xff, 0xfc,
    0x8f, 0xff, 0x10, 0x00, 0xcf, 0xfd,
    0x7f, 0xff, 0x50, 0x01, 0xff, 0xfc,
    0x3f, 0xff, 0xf9, 0x8d, 0xff, 0xf8,
    0x0b, 0xff, 0xff, 0xff, 0xff, 0xf1,
    0x01, 0xcf, 0xff, 0xff, 0xff, 0x40,
    0x00, 0x07, 0xcf, 0xfd, 0x91, 0x00,

    /* U+0070 "p" */
    0xff, 0xd2, 0xaf, 0xfd, 0x60, 0x00,
    0xff, 0xff, 0xff, 0xff, 0xfa, 0x00,
    0xff, 0xff, 0xff, 0xff, 0xff, 0x60,
    0xff, 0xff, 0x83, 0x8f, 0xff, 0xd0,
    0xff, 0xfa, 0x00, 0x0a, 0xff, 0xf0,
    0xff, 0xf8, 0x00, 0x08, 0xff, 0xf2,
    0xff, 0xfb, 0x00, 0x0c, 0xff, 0xf0,
    0xff, 0xff, 0xb7, 0xbf, 0xff, 0xd0,
    0xff, 0xff, 0xff, 0xff, 0xff, 0x60,
    0xff, 0xff, 0xff, 0xff, 0xfa, 0x00,
    0xff, 0xfc, 0xbf, 0xfd, 0x60, 0x00,
    0xff, 0xfa, 0x00, 0x00, 0x00, 0x00,
    0xff, 0xfa, 0x00, 0x00, 0x00, 0x00,
    0xff, 0xfa, 0x00, 0x00, 0x00, 0x00,
    0xff, 0xfa, 0x00, 0x00, 0x00, 0x00,

    /* U+0071 "q" */
    0x00, 0x19, 0xef, 0xd7, 0x4f, 0xf8,
    0x02, 0xef, 0xff, 0xff, 0xff, 0xf8,
    0x0d, 0xff, 0xff, 0xff, 0xff, 0xf8,
    0x4f, 0xff, 0xf7, 0x7e, 0xff, 0xf8,
    0x7f, 0xff, 0x40, 0x02, 0xff, 0xf8,
    0x9f, 0xff, 0x10, 0x00, 0xff, 0xf8,
    0x7f, 0xff, 0x40, 0x02, 0xff, 0xf8,
    0x4f, 0xff, 0xf8, 0x7e, 0xff, 0xf8,
    0x0d, 0xff, 0xff, 0xff, 0xff, 0xf8,
    0x02, 0xef, 0xff, 0xff, 0xff, 0xf8,
    0x00, 0x19, 0xef, 0xe9, 0xff, 0xf8,
    0x00, 0x00, 0x00, 0x00, 0xff, 0xf8,
    0x00, 0x00, 0x00, 0x00, 0xff, 0xf8,
    0x00, 0x00, 0x00, 0x00, 0xff, 0xf8,
    0x00, 0x00, 0x00, 0x00, 0xff, 0xf8,

    /* U+0072 "r" */
    0xff, 0xd2, 0xaf, 0xe0,
    0xff, 0xff, 0xff, 0xe0,
    0xff, 0xff, 0xff, 0xe0,
    0xff, 0xff, 0xb7, 0x60,
    0xff, 0xfa, 0x00, 0x00,
    0xff, 0xfa, 0x00, 0x00,
    0xff, 0xfa, 0x00, 0x00,
    0xff, 0xfa, 0x00, 0x00,
    0xff, 0xfa, 0x00, 0x00,
    0xff, 0xfa, 0x00, 0x00,
    0xff, 0xfa, 0x00, 0x00,

    /* U+0073 "s" */
    0x00, 0x5c, 0xff, 0xd8, 0x10,
    0x08, 0xff, 0xff, 0xff, 0xe3,
    0x1f, 0xff, 0xee, 0xff, 0xe3,
    0x4f, 0xfe, 0x20, 0x29, 0x20,
    0x1f, 0xff, 0xfd, 0x93, 0x00,
    0x06, 0xff, 0xff, 0xff, 0xa0,
    0x00, 0x28, 0xcf, 0xff, 0xf5,
    0x03, 0xd4, 0x01, 0xcf, 0xf9,
    0x3f, 0xff, 0xdc, 0xff, 0xf7,
    0x0c, 0xff, 0xff, 0xff, 0xd1,
    0x00, 0x6c, 0xff, 0xd8, 0x10,

    /* U+0074 "t" */
    0x00, 0x28, 0x85, 0x00, 0x00,
    0x00, 0x8f, 0xfa, 0x00, 0x00,
    0x00, 0xdf, 0xfa, 0x00, 0x00,
    0x9f, 0xff, 0xff, 0xff, 0x10,
    0x9f, 0xff, 0xff, 0xff, 0x10,
    0x9f, 0xff, 0xff, 0xff, 0x10,
    0x24, 0xff, 0xfb, 0x44, 0x00,
    0x00, 0xff, 0xfa, 0x00, 0x00,
    0x00, 0xff, 0xfa, 0x00, 0x00,
    0x00, 0xff, 0xfa, 0x00, 0x00,
    0x00, 0xef, 0xff, 0x77, 0x00,
    0x00, 0xcf, 0xff, 0xff, 0x10,
    0x00, 0x5f, 0xff, 0xff, 0x10,
    0x00, 0x05, 0xcf, 0xfe, 0x00,

    /* U+0075 "u" */
    0x1f, 0xff, 0x70, 0x07, 0xff, 0xf2,
    0x1f, 0xff, 0x70, 0x07, 0xff, 0xf2,
    0x1f, 0xff, 0x70, 0x07, 0xff, 0xf2,
    0x1f, 0xff, 0x70, 0x07, 0xff, 0xf2,
    0x1f, 0xff, 0x70, 0x07, 0xff, 0xf2,
    0x1f, 0xff, 0x70, 0x07, 0xff, 0xf2,
    0x1f, 0xff, 0x80, 0x08, 0xff, 0xf2,
    0x0f, 0xff, 0xe7, 0xaf, 0xff, 0xf2,
    0x0d, 0xff, 0xff, 0xff, 0xff, 0xf2,
    0x07, 0xff, 0xff, 0xff, 0xff, 0xf2,
    0x00, 0x7d, 0xfe, 0x91, 0xaf, 0xf2,

    /* U+0076 "v" */
    0xaf, 0xfe, 0x00, 0x04, 0xff, 0xf4,
    0x4f, 0xff, 0x40, 0x09, 0xff, 0xe0,
    0x0e, 0xff, 0x90, 0x0e, 0xff, 0x90,
    0x09, 0xff, 0xe0, 0x2f, 0xff, 0x30,
    0x03, 0xff, 0xf3, 0x7f, 0xfd, 0x00,
    0x00, 0xdf, 0xf8, 0xcf, 0xf8, 0x00,
    0x00, 0x7f, 0xfe, 0xff, 0xf3, 0x00,
    0x00, 0x1f, 0xff, 0xff, 0xd0, 0x00,
    0x00, 0x0b, 0xff, 0xff, 0x80, 0x00,
    0x00, 0x05, 0xff, 0xff, 0x20, 0x00,
    0x00, 0x00, 0xff, 0xfd, 0x00, 0x00,

    /* U+0077 "w" */
    0xbf, 0xfb, 0x00, 0x0e, 0xff, 0x10, 0x09, 0xff, 0xb0,
    0x7f, 0xff, 0x00, 0x4f, 0xff, 0x60, 0x0e, 0xff, 0x70,
    0x2f, 0xff, 0x40, 0x9f, 0xff, 0xb0, 0x2f, 0xff, 0x20,
    0x0d, 0xff, 0x80, 0xef, 0xff, 0xf1, 0x6f, 0xfd, 0x00,
    0x09, 0xff, 0xd3, 0xff, 0xff, 0xf5, 0xbf, 0xf8, 0x00,
    0x04, 0xff, 0xfa, 0xff, 0xff, 0xfb, 0xff, 0xf4, 0x00,
    0x00, 0xff, 0xff, 0xff, 0x5f, 0xff, 0xff, 0xf0, 0x00,
    0x00, 0xbf, 0xff, 0xfe, 0x0c, 0xff, 0xff, 0xa0, 0x00,
    0x00, 0x6f, 0xff, 0xf9, 0x06, 0xff, 0xff, 0x60, 0x00,
    0x00, 0x1f, 0xff, 0xf3, 0x01, 0xff, 0xff, 0x10, 0x00,
    0x00, 0x0d, 0xff, 0xd0, 0x00, 0xcf, 0xfc, 0x00, 0x00,

    /* U+0078 "x" */
    0x7f, 0xff, 0x70, 0x08, 0xff, 0xf5,
    0x0c, 0xff, 0xf1, 0x2f, 0xff, 0xa0,
    0x02, 0xff, 0xfa, 0xcf, 0xfe, 0x10,
    0x00, 0x6f, 0xff, 0xff, 0xf4, 0x00,
    0x00, 0x0b, 0xff, 0xff, 0x90, 0x00,
    0x00, 0x03, 0xff, 0xff, 0x20, 0x00,
    0x00, 0x0c, 0xff, 0xff, 0xb0, 0x00,
    0x00, 0x7f, 0xff, 0xff, 0xf6, 0x00,
    0x02, 0xff, 0xf9, 0xbf, 0xff, 0x10,
    0x0c, 0xff, 0xe1, 0x2f, 0xff, 0xb0,
    0x8f, 0xff, 0x60, 0x07, 0xff, 0xf6,

    /* U+0079 "y" */
    0xaf, 0xfe, 0x00, 0x00, 0x7f, 0xff, 0x10,
    0x3f, 0xff, 0x50, 0x00, 0xef, 0xfa, 0x00,
    0x0c, 0xff, 0xc0, 0x05, 0xff, 0xf4, 0x00,
    0x05, 0xff, 0xf3, 0x0c, 0xff, 0xd0, 0x00,
    0x00, 0xef, 0xfa, 0x2f, 0xff, 0x60, 0x00,
    0x00, 0x8f, 0xff, 0xbf, 0xff, 0x00, 0x00,
    0x00, 0x1f, 0xff, 0xff, 0xf8, 0x00, 0x00,
    0x00, 0x0a, 0xff, 0xff, 0xf2, 0x00, 0x00,
    0x00, 0x03, 0xff, 0xff, 0xb0, 0x00, 0x00,
    0x00, 0x00, 0xcf, 0xff, 0x40, 0x00, 0x00,
    0x00, 0x00, 0xbf, 0xfd, 0x00, 0x00, 0x00,
    0x00, 0x02, 0xff, 0xf7, 0x00, 0x00, 0x00,
    0x00, 0x09, 0xff, 0xf1, 0x00, 0x00, 0x00,
    0x00, 0x0f, 0xff, 0x90, 0x00, 0x00, 0x00,
    0x00, 0x6f, 0xff, 0x20, 0x00, 0x00, 0x00,

    /* U+007A "z" */
    0x1f, 0xff, 0xff, 0xff, 0xfd,
    0x1f, 0xff, 0xff, 0xff, 0xfd,
    0x1f, 0xff, 0xff, 0xff, 0xfd,
    0x02, 0x22, 0x2d, 0xff, 0xf3,
    0x00, 0x00, 0xbf, 0xff, 0x40,
    0x00, 0x0a, 0xff, 0xf5, 0x00,
    0x00, 0x9f, 0xff, 0x60, 0x00,
    0x08, 0xff, 0xf9, 0x22, 0x21,
    0x2f, 0xff, 0xff, 0xff, 0xff,
    0x3f, 0xff, 0xff, 0xff, 0xff,
    0x3f, 0xff, 0xff, 0xff, 0xff,

    /* U+007B "{" */
    0x00, 0x03, 0x66, 0x40,
    0x02, 0xdf, 0xff, 0xb0,
    0x0c, 0xff, 0xff, 0xb0,
    0x0f, 0xff, 0xff, 0xb0,
    0x0f, 0xff, 0xb0, 0x00,
    0x09, 0xff, 0xb0, 0x00,
    0x01, 0xef, 0xf3, 0x00,
    0x00, 0x5f, 0xfc, 0x00,
    0x00, 0x1f, 0xff, 0x20,
    0x05, 0xcf, 0xff, 0x20,
    0x0f, 0xff, 0xfb, 0x00,
    0x0f, 0xff, 0xf8, 0x00,
    0x09, 0xff, 0xff, 0x10,
    0x00, 0x2f, 0xff, 0x20,
    0x00, 0x3f, 0xfe, 0x00,
    0x00, 0xbf, 0xf7, 0x00,
    0x05, 0xff, 0xe0, 0x00,
    0x0d, 0xff, 0xa0, 0x00,
    0x0f, 0xff, 0xe7, 0x40,
    0x0f, 0xff, 0xff, 0xb0,
    0x07, 0xff, 0xff, 0xb0,
    0x00, 0x6c, 0xff, 0xa0,

    /* U+007C "|" */
    0xbe, 0xe6,
    0xcf, 0xf7,
    0xcf, 0xf7,
    0xcf, 0xf7,
    0xcf, 0xf7,
    0xcf, 0xf7,
    0xcf, 0xf7,
    0xcf, 0xf7,
    0xcf, 0xf7,
    0xcf, 0xf7,
    0xcf, 0xf7,
    0xcf, 0xf7,
    0xcf, 0xf7,
    0xcf, 0xf7,
    0xcf, 0xf7,
    0xcf, 0xf7,
    0xcf, 0xf7,
    0xcf, 0xf7,
    0xcf, 0xf7,
    0xcf, 0xf7,
    0xcf, 0xf7,

    /* U+007D "}" */
    0x26, 0x65, 0x10, 0x00,
    0x6f, 0xff, 0xf6, 0x00,
    0x6f, 0xff, 0xff, 0x20,
    0x5f, 0xff, 0xff, 0x60,
    0x00, 0x6f, 0xff, 0x50,
    0x00, 0x6f, 0xfe, 0x00,
    0x00, 0xdf, 0xf5, 0x00,
    0x06, 0xff, 0xa0, 0x00,
    0x0c, 0xff, 0x60, 0x00,
    0x0c, 0xff, 0xe7, 0x10,
    0x06, 0xff, 0xff, 0x60,
    0x03, 0xff, 0xff, 0x60,
    0x0b, 0xff, 0xfb, 0x20,
    0x0d, 0xff, 0x80, 0x00,
    0x09, 0xff, 0x80, 0x00,
    0x02, 0xff, 0xf2, 0x00,
    0x00, 0x9f, 0xfb, 0x00,
    0x00, 0x4f, 0xff, 0x30,
    0x27, 0xcf, 0xff, 0x60,
    0x6f, 0xff, 0xff, 0x40,
    0x6f, 0xff, 0xfd, 0x00,
    0x5f, 0xfe, 0x91, 0x00,

    /* U+007E "~" */
    0x00, 0x00, 0x00, 0x00, 0x00, 0x10, 0x00,
    0x01, 0xaf, 0xfc, 0x71, 0x09, 0xfa, 0x20,
    0x0c, 0xff, 0xff, 0xff, 0xff, 0xff, 0x40,
    0x8f, 0xff, 0xff, 0xff, 0xff, 0xf9, 0x00,
    0x5d, 0xf7, 0x02, 0x9e, 0xfe, 0x80, 0x00,
    0x00, 0x50, 0x00, 0x00, 0x00, 0x00, 0x00,

    /* U+00A0 " " */

    /* U+00A1 "¡" */
    0x04, 0xef, 0x70,
    0x0e, 0xff, 0xf3,
    0x0f, 0xff, 0xf4,
    0x08, 0xff, 0xc0,
    0x00, 0x34, 0x00,
    0x03, 0xbb, 0x60,
    0x06, 0xff, 0xb0,
    0x08, 0xff, 0xc0,
    0x09, 0xff, 0xd0,
    0x0a, 0xff, 0xe0,
    0x0a, 0xff, 0xe0,
    0x0a, 0xff, 0xf0,
    0x0b, 0xff, 0xf0,
    0x0b, 0xff, 0xf0,
    0x0c, 0xff, 0xf0,
    0x0c, 0xff, 0xf1,

    /* U+00A2 "¢" */
    0x00, 0x00, 0xdf, 0xf8, 0x00, 0x00,
    0x00, 0x00, 0xdf, 0xf8, 0x00, 0x00,
    0x00, 0x07, 0xff, 0xfd, 0x70, 0x00,
    0x01, 0xdf, 0xff, 0xff, 0xfd, 0x10,
    0x0b, 0xff, 0xff, 0xff, 0xff, 0xb0,
    0x3f, 0xff, 0xe7, 0x6d, 0xff, 0x90,
    0x7f, 0xff, 0x30, 0x01, 0x70, 0x00,
    0x8f, 0xff, 0x00, 0x00, 0x00, 0x00,
    0x7f, 0xff, 0x30, 0x02, 0x60, 0x00,
    0x3f, 0xff, 0xe7, 0x6d, 0xfe, 0x80,
    0x0c, 0xff, 0xff, 0xff, 0xff, 0xc0,
    0x01, 0xdf, 0xff, 0xff, 0xfd, 0x10,
    0x00, 0x08, 0xff, 0xfe, 0x70, 0x00,
    0x00, 0x00, 0xdf, 0xf8, 0x00, 0x00,
    0x00, 0x00, 0xdf, 0xf8, 0x00, 0x00,

    /* U+00A3 "£" */
    0x00, 0x03, 0xbf, 0xfe, 0xa3, 0x00,
    0x00, 0x5f, 0xff, 0xff, 0xff, 0x70,
    0x00, 0xff, 0xff, 0xff, 0xff, 0xe1,
    0x05, 0xff, 0xfc, 0x7b, 0xff, 0x30,
    0x05, 0xff, 0xf1, 0x00, 0x73, 0x00,
    0x03, 0xff, 0xf3, 0x00, 0x00, 0x00,
    0x00, 0xef, 0xf9, 0x00, 0x00, 0x00,
    0x0f, 0xff, 0xff, 0xff, 0xf3, 0x00,
    0x0f, 0xff, 0xff, 0xff, 0xf3, 0x00,
    0x0f, 0xff, 0xff, 0xff, 0xf3, 0x00,
    0x00, 0x0f, 0xff, 0x60, 0x00, 0x00,
    0x00, 0x8f, 0xff, 0x87, 0x77, 0x73,
    0x1b, 0xff, 0xff, 0xff, 0xff, 0xf7,
    0x0f, 0xff, 0xff, 0xff, 0xff, 0xf7,
    0x0b, 0xff, 0xff, 0xff, 0xff, 0xf7,

    /* U+00A4 "¤" */
    0x00, 0x00, 0x00, 0x00, 0x00, 0x00, 0x00,
    0x00, 0xc5, 0x00, 0x00, 0x0b, 0x70, 0x00,
    0x0c, 0xff, 0xbe, 0xfd, 0xcf, 0xf7, 0x00,
    0x4f, 0xff, 0xff, 0xff, 0xff, 0xfc, 0x00,
    0x04, 0xff, 0xff, 0xff, 0xff, 0xd1, 0x00,
    0x03, 0xff, 0xf8, 0x4c, 0xff, 0xd0, 0x00,
    0x05, 0xff, 0xf0, 0x05, 0xff, 0xf0, 0x00,
    0x04, 0xff, 0xf4, 0x0a, 0xff, 0xd0, 0x00,
    0x02, 0xff, 0xff, 0xff, 0xff, 0xc0, 0x00,
    0x2e, 0xff, 0xff, 0xff, 0xff, 0xf9, 0x00,
    0x2e, 0xff, 0xef, 0xff, 0xff, 0xfb, 0x00,
    0x02, 0xe8, 0x02, 0x31, 0x1d, 0xa0, 0x00,
    0x00, 0x10, 0x00, 0x00, 0x01, 0x00, 0x00,

    /* U+00A5 "¥" */
    0x7f, 0xfe, 0x00, 0x00, 0x1f, 0xff, 0x70,
    0x0f, 0xff, 0x60, 0x00, 0x7f, 0xfe, 0x00,
    0x08, 0xff, 0xd0, 0x00, 0xef, 0xf6, 0x00,
    0x01, 0xff, 0xf5, 0x07, 0xff, 0xe0, 0x00,
    0x00, 0x8f, 0xfc, 0x0e, 0xff, 0x60, 0x00,
    0x00, 0x1f, 0xff, 0xaf, 0xfd, 0x00, 0x00,
    0x0e, 0xff, 0xff, 0xff, 0xff, 0xfb, 0x00,
    0x0e, 0xff, 0xff, 0xff, 0xff, 0xfb, 0x00,
    0x0c, 0xee, 0xef, 0xff, 0xee, 0xe9, 0x00,
    0x0b, 0xdd, 0xef, 0xff, 0xed, 0xd9, 0x00,
    0x0e, 0xff, 0xff, 0xff, 0xff, 0xfb, 0x00,
    0x0e, 0xff, 0xff, 0xff, 0xff, 0xfb, 0x00,
    0x00, 0x00, 0x6f, 0xff, 0x30, 0x00, 0x00,
    0x00, 0x00, 0x6f, 0xff, 0x30, 0x00, 0x00,

    /* U+00A6 "¦" */
    0xcf, 0xf7,
    0xcf, 0xf7,
    0xcf, 0xf7,
    0xcf, 0xf7,
    0xcf, 0xf7,
    0xcf, 0xf7,
    0xcf, 0xf7,
    0xcf, 0xf7,
    0xcf, 0xf7,
    0x45, 0x52,
    0x00, 0x00,
    0x45, 0x52,
    0xcf, 0xf7,
    0xcf, 0xf7,
    0xcf, 0xf7,
    0xcf, 0xf7,
    0xcf, 0xf7,
    0xcf, 0xf7,
    0xcf, 0xf7,
    0xcf, 0xf7,
    0xcf, 0xf7,

    /* U+00A7 "§" */
    0x00, 0x00, 0x14, 0x53, 0x00, 0x00,
    0x00, 0x2b, 0xff, 0xff, 0xf9, 0x10,
    0x01, 0xef, 0xff, 0xff, 0xff, 0xd1,
    0x09, 0xff, 0xff, 0xff, 0xff, 0xe4,
    0x0d, 0xff, 0xd1, 0x03, 0xbb, 0x10,
    0x0e, 0xff, 0xd2, 0x00, 0x00, 0x00,
    0x0a, 0xff, 0xff, 0xd9, 0x40, 0x00,
    0x02, 0xff, 0xff, 0xff, 0xfd, 0x40,
    0x01, 0xdf, 0xff, 0xff, 0xff, 0xf2,
    0x09, 0xff, 0xc6, 0xaf, 0xff, 0xf9,
    0x0e, 0xff, 0x60, 0x01, 0xef, 0xfa,
    0x0e, 0xff, 0xe8, 0x31, 0xef, 0xf7,
    0x0a, 0xff, 0xff, 0xff, 0xff, 0xc0,
    0x03, 0xff, 0xff, 0xff, 0xff, 0x70,
    0x00, 0x2b, 0xff, 0xff, 0xff, 0xf3,
    0x00, 0x00, 0x04, 0x9f, 0xff, 0xf8,
    0x00, 0x8c, 0x00, 0x03, 0xff, 0xfa,
    0x1c, 0xff, 0xc5, 0x38, 0xff, 0xf8,
    0x0d, 0xff, 0xff, 0xff, 0xff, 0xf2,
    0x02, 0xef, 0xff, 0xff, 0xff, 0x60,
    0x00, 0x17, 0xcf, 0xfe, 0xa3, 0x00,

    /* U+00A8 "¨" */
    0x2a, 0xa1, 0x06, 0xb6, 0x00,
    0xbf, 0xfb, 0x3f, 0xff, 0x30,
    0xdf, 0xfc, 0x5f, 0xff, 0x40,
    0x4e, 0xe4, 0x0b, 0xfa, 0x00,

    /* U+00A9 "©" */
    0x00, 0x00, 0x5b, 0xff, 0xe9, 0x20, 0x00, 0x00,
    0x00, 0x1b, 0xff, 0xff, 0xff, 0xf7, 0x00, 0x00,
    0x00, 0xdf, 0xfb, 0x64, 0x7d, 0xff, 0x80, 0x00,
    0x09, 0xff, 0x50, 0x01, 0x00, 0xaf, 0xf3, 0x00,
    0x1f, 0xf7, 0x09, 0xff, 0xf7, 0x0d, 0xfb, 0x00,
    0x5f, 0xf0, 0xaf, 0xff, 0xff, 0x56, 0xff, 0x00,
    0x7f, 0xd0, 0xff, 0x70, 0x9a, 0x23, 0xff, 0x20,
    0x7f, 0xd2, 0xff, 0x30, 0x00, 0x03, 0xff, 0x20,
    0x5f, 0xf1, 0xff, 0x92, 0xbc, 0x36, 0xff, 0x00,
    0x1f, 0xf7, 0x8f, 0xff, 0xff, 0x4c, 0xfb, 0x00,
    0x09, 0xff, 0x47, 0xef, 0xd6, 0x9f, 0xf4, 0x00,
    0x00, 0xdf, 0xf9, 0x43, 0x6c, 0xff, 0x80, 0x00,
    0x00, 0x1c, 0xff, 0xff, 0xff, 0xf8, 0x00, 0x00,
    0x00, 0x00, 0x5b, 0xff, 0xea, 0x30, 0x00, 0x00,

    /* U+00AA "ª" */
    0x00, 0x02, 0x20, 0x00,
    0x09, 0xff, 0xff, 0x80,
    0x0b, 0xff, 0xff, 0xf5,
    0x03, 0x40, 0x3f, 0xfa,
    0x07, 0xef, 0xcf, 0xfc,
    0x6f, 0xfe, 0xff, 0xfc,
    0x9f, 0xd0, 0x2f, 0xfc,
    0x5f, 0xfe, 0xff, 0xfc,
    0x07, 0xef, 0xdc, 0xfc,

    /* U+00AB "«" */
    0x00, 0x00, 0x22, 0x21, 0x01, 0x22, 0x20,
    0x00, 0x09, 0xff, 0xf3, 0x1e, 0xff, 0xb0,
    0x00, 0x4f, 0xff, 0x70, 0xbf, 0xfe, 0x10,
    0x01, 0xef, 0xfb, 0x07, 0xff, 0xf4, 0x00,
    0x0b, 0xff, 0xe1, 0x3f, 0xff, 0x90, 0x00,
    0x3f, 0xff, 0x80, 0xaf, 0xff, 0x10, 0x00,
    0x0a, 0xff, 0xf2, 0x2f, 0xff, 0xa0, 0x00,
    0x00, 0xdf, 0xfc, 0x05, 0xff, 0xf6, 0x00,
    0x00, 0x3f, 0xff, 0x80, 0xaf, 0xff, 0x20,
    0x00, 0x07, 0xff, 0xf4, 0x0d, 0xff, 0xc0,

    /* U+00AC "¬" */
    0x18, 0x88, 0x88, 0x88, 0x88, 0x88,
    0x2f, 0xff, 0xff, 0xff, 0xff, 0xff,
    0x2f, 0xff, 0xff, 0xff, 0xff, 0xff,
    0x2f, 0xff, 0xff, 0xff, 0xff, 0xff,
    0x00, 0x00, 0x00, 0x00, 0xaf, 0xfe,
    0x00, 0x00, 0x00, 0x00, 0xaf, 0xfe,
    0x00, 0x00, 0x00, 0x00, 0xaf, 0xfe,
    0x00, 0x00, 0x00, 0x00, 0x58, 0x87,

    /* U+00AE "®" */
    0x00, 0x00, 0x5b, 0xff, 0xe9, 0x20, 0x00, 0x00,
    0x00, 0x1b, 0xff, 0xff, 0xff, 0xf7, 0x00, 0x00,
    0x00, 0xdf, 0xfb, 0x64, 0x7d, 0xff, 0x80, 0x00,
    0x09, 0xff, 0x6b, 0xbb, 0x81, 0xaf, 0xf3, 0x00,
    0x1f, 0xf7, 0x2f, 0xff, 0xfd, 0x0d, 0xfb, 0x00,
    0x5f, 0xf0, 0x2f, 0xff, 0xff, 0x36, 0xff, 0x00,
    0x7f, 0xd0, 0x2f, 0xd0, 0xdf, 0x43, 0xff, 0x20,
    0x7f, 0xd0, 0x2f, 0xfc, 0xff, 0x13, 0xff, 0x20,
    0x5f, 0xf0, 0x2f, 0xff, 0xf6, 0x06, 0xff, 0x00,
    0x1f, 0xf7, 0x2f, 0xd8, 0xfc, 0x0c, 0xfb, 0x00,
    0x09, 0xff, 0x57, 0x60, 0x78, 0xbf, 0xf4, 0x00,
    0x00, 0xdf, 0xf9, 0x43, 0x6c, 0xff, 0x80, 0x00,
    0x00, 0x1c, 0xff, 0xff, 0xff, 0xf8, 0x00, 0x00,
    0x00, 0x00, 0x5b, 0xff, 0xea, 0x30, 0x00, 0x00,

    /* U+00AF "¯" */
    0x2f, 0xff, 0xff, 0xf9,
    0x2f, 0xff, 0xff, 0xf9,
    0x2f, 0xff, 0xff, 0xf9,

    /* U+00B0 "°" */
    0x00, 0x04, 0x52, 0x00, 0x00,
    0x04, 0xef, 0xff, 0xa0, 0x00,
    0x1f, 0xff, 0xff, 0xf8, 0x00,
    0x7f, 0xf4, 0x1b, 0xfe, 0x00,
    0x8f, 0xf0, 0x07, 0xff, 0x00,
    0x5f, 0xfa, 0x6e, 0xfd, 0x00,
    0x0c, 0xff, 0xff, 0xf4, 0x00,
    0x00, 0x9e, 0xfc, 0x40, 0x00,

    /* U+00B1 "±" */
    0x00, 0x00, 0x8f, 0xff, 0x00, 0x00,
    0x00, 0x00, 0x8f, 0xff, 0x00, 0x00,
    0x00, 0x00, 0x8f, 0xff, 0x00, 0x00,
    0x0f, 0xff, 0xff, 0xff, 0xff, 0xfc,
    0x0f, 0xff, 0xff, 0xff, 0xff, 0xfc,
    0x0f, 0xff, 0xff, 0xff, 0xff, 0xfc,
    0x07, 0x77, 0xbf, 0xff, 0x77, 0x76,
    0x00, 0x00, 0x8f, 0xff, 0x00, 0x00,
    0x00, 0x00, 0x8f, 0xff, 0x00, 0x00,
    0x00, 0x00, 0x36, 0x66, 0x00, 0x00,
    0x07, 0x77, 0x77, 0x77, 0x77, 0x75,
    0x0f, 0xff, 0xff, 0xff, 0xff, 0xfc,
    0x0f, 0xff, 0xff, 0xff, 0xff, 0xfc,
    0x0f, 0xff, 0xff, 0xff, 0xff, 0xfc,

    /* U+00B2 "²" */
    0x01, 0xaf, 0xfb, 0x20,
    0x1d, 0xff, 0xff, 0xe0,
    0x2d, 0xf9, 0xbf, 0xf3,
    0x00, 0x30, 0xaf, 0xf1,
    0x00, 0x08, 0xff, 0x70,
    0x00, 0x9f, 0xf8, 0x00,
    0x0a, 0xff, 0xd7, 0x72,
    0x3f, 0xff, 0xff, 0xf4,
    0x3f, 0xff, 0xff, 0xf4,

    /* U+00B3 "³" */
    0x04, 0xcf, 0xfb, 0x30,
    0x5f, 0xff, 0xff, 0xe0,
    0x09, 0xa7, 0xcf, 0xf1,
    0x00, 0x7f, 0xff, 0xa0,
    0x00, 0x7f, 0xff, 0xf1,
    0x01, 0x21, 0x5f, 0xf6,
    0x1c, 0xe7, 0xaf, 0xf5,
    0x4f, 0xff, 0xff, 0xe0,
    0x04, 0xcf, 0xfa, 0x20,

    /* U+00B4 "´" */
    0x00, 0x03, 0x90,
    0x00, 0x4f, 0xfa,
    0x06, 0xff, 0xf3,
    0x1e, 0xfe, 0x30,
    0x03, 0xd2, 0x00,
    0x00, 0x00, 0x00,

    /* U+00B5 "µ" */
    0x1f, 0xff, 0x70, 0x07, 0xff, 0xf2,
    0x1f, 0xff, 0x70, 0x07, 0xff, 0xf2,
    0x1f, 0xff, 0x70, 0x07, 0xff, 0xf2,
    0x1f, 0xff, 0x70, 0x07, 0xff, 0xf2,
    0x1f, 0xff, 0x70, 0x07, 0xff, 0xf2,
    0x1f, 0xff, 0x70, 0x07, 0xff, 0xf2,
    0x2f, 0xff, 0x80, 0x08, 0xff, 0xf2,
    0x2f, 0xff, 0xe7, 0xaf, 0xff, 0xf2,
    0x1f, 0xff, 0xff, 0xff, 0xff, 0xf2,
    0x1f, 0xff, 0xff, 0xff, 0xff, 0xf2,
    0x1f, 0xff, 0xfe, 0x91, 0xaf, 0xf2,
    0x1f, 0xff, 0x70, 0x00, 0x00, 0x00,
    0x1f, 0xff, 0x70, 0x00, 0x00, 0x00,
    0x1f, 0xff, 0x70, 0x00, 0x00, 0x00,
    0x1f, 0xff, 0x70, 0x00, 0x00, 0x00,

    /* U+00B6 "¶" */
    0x00, 0x01, 0x8d, 0xff, 0xff, 0xff, 0xff, 0xf0,
    0x00, 0x4f, 0xff, 0xff, 0xff, 0xff, 0xff, 0xf0,
    0x02, 0xff, 0xff, 0xff, 0xff, 0xff, 0xfe, 0x70,
    0x0b, 0xff, 0xff, 0xfd, 0x46, 0xff, 0xf7, 0x00,
    0x0f, 0xff, 0xff, 0xfc, 0x02, 0xff, 0xf7, 0x00,
    0x3f, 0xff, 0xff, 0xfc, 0x02, 0xff, 0xf7, 0x00,
    0x3f, 0xff, 0xff, 0xfc, 0x02, 0xff, 0xf7, 0x00,
    0x1f, 0xff, 0xff, 0xfc, 0x02, 0xff, 0xf7, 0x00,
    0x0d, 0xff, 0xff, 0xfc, 0x02, 0xff, 0xf7, 0x00,
    0x05, 0xff, 0xff, 0xfc, 0x02, 0xff, 0xf7, 0x00,
    0x00, 0x9f, 0xff, 0xfc, 0x02, 0xff, 0xf7, 0x00,
    0x00, 0x06, 0xef, 0xfc, 0x02, 0xff, 0xf7, 0x00,
    0x00, 0x00, 0x02, 0x32, 0x02, 0xff, 0xf7, 0x00,
    0x00, 0x00, 0x00, 0x00, 0x02, 0xff, 0xf7, 0x00,
    0x00, 0x01, 0xaa, 0x00, 0x04, 0xff, 0xf5, 0x00,
    0x00, 0x3f, 0xff, 0x93, 0x4d, 0xff, 0xf1, 0x00,
    0x00, 0x0e, 0xff, 0xff, 0xff, 0xff, 0xa0, 0x00,
    0x00, 0x03, 0xef, 0xff, 0xff, 0xfd, 0x10, 0x00,
    0x00, 0x00, 0x18, 0xdf, 0xfd, 0x70, 0x00, 0x00,

    /* U+00B7 "·" */
    0x02, 0xab, 0x50,
    0x0e, 0xff, 0xf3,
    0x3f, 0xff, 0xf8,
    0x1f, 0xff, 0xf5,
    0x04, 0xef, 0x80,

    /* U+00B8 "¸" */
    0x02, 0xfe, 0x10,
    0x06, 0xff, 0xf3,
    0x04, 0x28, 0xf9,
    0x1f, 0xff, 0xf7,
    0x2c, 0xff, 0xa0,

    /* U+00B9 "¹" */
    0x02, 0xaf, 0xd0,
    0xbf, 0xff, 0xd0,
    0xbf, 0xff, 0xd0,
    0x33, 0xbf, 0xd0,
    0x00, 0xbf, 0xd0,
    0x00, 0xbf, 0xd0,
    0x00, 0xbf, 0xd0,
    0x00, 0xbf, 0xd0,
    0x00, 0xbf, 0xd0,

    /* U+00BA "º" */
    0x00, 0x28, 0xa8, 0x30, 0x00,
    0x06, 0xff, 0xff, 0xf8, 0x00,
    0x2f, 0xff, 0xff, 0xff, 0x40,
    0x8f, 0xf8, 0x06, 0xff, 0xb0,
    0xaf, 0xf2, 0x00, 0xff, 0xd0,
    0x9f, 0xf5, 0x02, 0xff, 0xc0,
    0x5f, 0xff, 0xae, 0xff, 0x70,
    0x0b, 0xff, 0xff, 0xfd, 0x00,
    0x00, 0x7e, 0xfe, 0x90, 0x00,

    /* U+00BB "»" */
    0x12, 0x22, 0x00, 0x22, 0x22, 0x00, 0x00,
    0x2f, 0xff, 0xa0, 0x8f, 0xff, 0x30, 0x00,
    0x05, 0xff, 0xf6, 0x0c, 0xff, 0xe0, 0x00,
    0x00, 0xaf, 0xff, 0x22, 0xff, 0xfa, 0x00,
    0x00, 0x1e, 0xff, 0xc0, 0x6f, 0xff, 0x50,
    0x00, 0x07, 0xff, 0xf4, 0x0e, 0xff, 0xd0,
    0x00, 0x1e, 0xff, 0xb0, 0x7f, 0xff, 0x40,
    0x00, 0xbf, 0xfe, 0x13, 0xff, 0xf9, 0x00,
    0x07, 0xff, 0xf4, 0x0d, 0xff, 0xd0, 0x00,
    0x2f, 0xff, 0x90, 0x9f, 0xff, 0x20, 0x00,

    /* U+00BC "¼" */
    0x00, 0x02, 0x10, 0x00, 0x00, 0x00, 0x93, 0x00, 0x00, 0x00,
    0x03, 0xbf, 0xd0, 0x00, 0x00, 0x09, 0xff, 0x50, 0x00, 0x00,
    0xbf, 0xff, 0xd0, 0x00, 0x00, 0x2f, 0xfd, 0x00, 0x00, 0x00,
    0xbf, 0xff, 0xd0, 0x00, 0x00, 0xcf, 0xf4, 0x00, 0x00, 0x00,
    0x32, 0xbf, 0xd0, 0x00, 0x06, 0xff, 0xa0, 0x00, 0x00, 0x00,
    0x00, 0xbf, 0xd0, 0x00, 0x1e, 0xff, 0x10, 0x00, 0x00, 0x00,
    0x00, 0xbf, 0xd0, 0x00, 0x9f, 0xf6, 0x01, 0x88, 0x20, 0x00,
    0x00, 0xbf, 0xd0, 0x03, 0xff, 0xc0, 0x07, 0xff, 0x00, 0x00,
    0x00, 0xbf, 0xd0, 0x0d, 0xff, 0x30, 0x0d, 0xfa, 0x00, 0x00,
    0x00, 0xbf, 0xd0, 0x7f, 0xf9, 0x00, 0x2f, 0xf4, 0x19, 0x70,
    0x00, 0x00, 0x01, 0xff, 0xe1, 0x00, 0x8f, 0xe0, 0x7f, 0xc0,
    0x00, 0x00, 0x0a, 0xff, 0x60, 0x00, 0xdf, 0xd7, 0xdf, 0xd6,
    0x00, 0x00, 0x4f, 0xfc, 0x00, 0x02, 0xff, 0xff, 0xff, 0xff,
    0x00, 0x00, 0xdf, 0xf2, 0x00, 0x03, 0xff, 0xff, 0xff, 0xff,
    0x00, 0x07, 0xff, 0x80, 0x00, 0x00, 0x00, 0x00, 0xcf, 0xc0,
    0x00, 0x0d, 0xfe, 0x00, 0x00, 0x00, 0x00, 0x00, 0x68, 0x60,
    0x00, 0x00, 0x64, 0x00, 0x00, 0x00, 0x00, 0x00, 0x00, 0x00,

    /* U+00BD "½" */
    0x00, 0x00, 0x00, 0x00, 0x00, 0x00, 0x70, 0x00, 0x00, 0x00,
    0x00, 0x7f, 0xd0, 0x00, 0x00, 0x07, 0xfe, 0x40, 0x00, 0x00,
    0x49, 0xff, 0xd0, 0x00, 0x00, 0x1f, 0xff, 0x20, 0x00, 0x00,
    0xbf, 0xff, 0xd0, 0x00, 0x00, 0xaf, 0xf7, 0x00, 0x00, 0x00,
    0xad, 0xef, 0xd0, 0x00, 0x03, 0xff, 0xd0, 0x00, 0x00, 0x00,
    0x00, 0xbf, 0xd0, 0x00, 0x0d, 0xff, 0x40, 0x00, 0x00, 0x00,
    0x00, 0xbf, 0xd0, 0x00, 0x6f, 0xfa, 0x00, 0x26, 0x51, 0x00,
    0x00, 0xbf, 0xd0, 0x01, 0xff, 0xf1, 0x09, 0xff, 0xfe, 0x30,
    0x00, 0xbf, 0xd0, 0x0a, 0xff, 0x70, 0x8f, 0xff, 0xff, 0xc0,
    0x00, 0xbf, 0xd0, 0x3f, 0xfd, 0x00, 0x1b, 0xa1, 0xbf, 0xe0,
    0x00, 0x12, 0x10, 0xcf, 0xf4, 0x00, 0x00, 0x03, 0xff, 0xa0,
    0x00, 0x00, 0x06, 0xff, 0xa0, 0x00, 0x00, 0x2e, 0xfe, 0x10,
    0x00, 0x00, 0x1e, 0xff, 0x10, 0x00, 0x02, 0xef, 0xf3, 0x00,
    0x00, 0x00, 0x9f, 0xf7, 0x00, 0x00, 0x2e, 0xff, 0xa6, 0x60,
    0x00, 0x03, 0xff, 0xd0, 0x00, 0x00, 0x8f, 0xff, 0xff, 0xf0,
    0x00, 0x0c, 0xff, 0x30, 0x00, 0x00, 0x8f, 0xff, 0xff, 0xf0,
    0x00, 0x06, 0xea, 0x00, 0x00, 0x00, 0x00, 0x00, 0x00, 0x00,
    0x00, 0x00, 0x00, 0x00, 0x00, 0x00, 0x00, 0x00, 0x00, 0x00,

    /* U+00BE "¾" */
    0x00, 0x26, 0x52, 0x00, 0x00, 0x00, 0x01, 0xa3, 0x00, 0x00, 0x00,
    0x0a, 0xff, 0xff, 0x70, 0x00, 0x00, 0x0a, 0xff, 0x40, 0x00, 0x00,
    0x6f, 0xff, 0xff, 0xf1, 0x00, 0x00, 0x4f, 0xfc, 0x00, 0x00, 0x00,
    0x06, 0x60, 0x9f, 0xf0, 0x00, 0x00, 0xdf, 0xf3, 0x00, 0x00, 0x00,
    0x00, 0x7f, 0xff, 0x90, 0x00, 0x07, 0xff, 0x90, 0x00, 0x00, 0x00,
    0x00, 0x7f, 0xff, 0xf1, 0x00, 0x1f, 0xfe, 0x10, 0x00, 0x00, 0x00,
    0x01, 0x20, 0x5f, 0xf6, 0x00, 0xaf, 0xf6, 0x03, 0xcc, 0x20, 0x00,
    0x1c, 0xe7, 0xaf, 0xf5, 0x04, 0xff, 0xc0, 0x09, 0xfe, 0x00, 0x00,
    0x4f, 0xff, 0xff, 0xe0, 0x0d, 0xff, 0x20, 0x0e, 0xf8, 0x00, 0x00,
    0x04, 0xcf, 0xfa, 0x10, 0x8f, 0xf8, 0x00, 0x4f, 0xf3, 0x2c, 0x80,
    0x00, 0x00, 0x00, 0x02, 0xff, 0xe0, 0x00, 0x9f, 0xd0, 0x8f, 0xb0,
    0x00, 0x00, 0x00, 0x0b, 0xff, 0x50, 0x00, 0xef, 0xc7, 0xef, 0xd6,
    0x00, 0x00, 0x00, 0x5f, 0xfb, 0x00, 0x03, 0xff, 0xff, 0xff, 0xff,
    0x00, 0x00, 0x00, 0xef, 0xf2, 0x00, 0x04, 0xff, 0xff, 0xff, 0xff,
    0x00, 0x00, 0x08, 0xff, 0x80, 0x00, 0x00, 0x00, 0x00, 0xdf, 0xb0,
    0x00, 0x00, 0x0e, 0xfd, 0x00, 0x00, 0x00, 0x00, 0x00, 0x68, 0x50,
    0x00, 0x00, 0x00, 0x74, 0x00, 0x00, 0x00, 0x00, 0x00, 0x00, 0x00,

    /* U+00BF "¿" */
    0x00, 0x00, 0x6e, 0xe6, 0x00, 0x00,
    0x00, 0x01, 0xff, 0xff, 0x10, 0x00,
    0x00, 0x02, 0xff, 0xff, 0x20, 0x00,
    0x00, 0x00, 0xbf, 0xfb, 0x00, 0x00,
    0x00, 0x00, 0x04, 0x40, 0x00, 0x00,
    0x00, 0x00, 0x04, 0xb0, 0x00, 0x00,
    0x00, 0x01, 0xaf, 0xf9, 0x00, 0x00,
    0x00, 0x3e, 0xff, 0xff, 0x20, 0x00,
    0x02, 0xff, 0xff, 0xe4, 0x00, 0x00,
    0x0b, 0xff, 0xfb, 0x10, 0x00, 0x00,
    0x0f, 0xff, 0xc0, 0x00, 0x14, 0x00,
    0x2f, 0xff, 0x80, 0x03, 0xef, 0x30,
    0x1f, 0xff, 0xe7, 0xaf, 0xff, 0xe1,
    0x0b, 0xff, 0xff, 0xff, 0xff, 0xd1,
    0x02, 0xef, 0xff, 0xff, 0xfb, 0x10,
    0x00, 0x19, 0xef, 0xeb, 0x40, 0x00,

    /* U+00C0 "À" */
    0x00, 0x00, 0x00, 0x00, 0x00, 0x00, 0x00, 0x00,
    0x00, 0x00, 0x3e, 0x50, 0x00, 0x00, 0x00, 0x00,
    0x00, 0x00, 0xdf, 0xf6, 0x00, 0x00, 0x00, 0x00,
    0x00, 0x00, 0x2e, 0xff, 0x70, 0x00, 0x00, 0x00,
    0x00, 0x00, 0x01, 0xdf, 0xa0, 0x00, 0x00, 0x00,
    0x00, 0x00, 0x00, 0x18, 0x00, 0x00, 0x00, 0x00,
    0x00, 0x00, 0x00, 0x00, 0x00, 0x00, 0x00, 0x00,
    0x00, 0x00, 0x0b, 0xff, 0xf6, 0x00, 0x00, 0x00,
    0x00, 0x00, 0x1f, 0xff, 0xfb, 0x00, 0x00, 0x00,
    0x00, 0x00, 0x6f, 0xff, 0xff, 0x10, 0x00, 0x00,
    0x00, 0x00, 0xcf, 0xff, 0xff, 0x60, 0x00, 0x00,
    0x00, 0x01, 0xff, 0xfe, 0xff, 0xb0, 0x00, 0x00,
    0x00, 0x07, 0xff, 0xe5, 0xff, 0xf1, 0x00, 0x00,
    0x00, 0x0d, 0xff, 0x90, 0xff, 0xf6, 0x00, 0x00,
    0x00, 0x2f, 0xff, 0x40, 0xbf, 0xfb, 0x00, 0x00,
    0x00, 0x8f, 0xfe, 0x00, 0x6f, 0xff, 0x00, 0x00,
    0x00, 0xef, 0xff, 0xff, 0xff, 0xff, 0x50, 0x00,
    0x03, 0xff, 0xff, 0xff, 0xff, 0xff, 0xb0, 0x00,
    0x09, 0xff, 0xff, 0xff, 0xff, 0xff, 0xf0, 0x00,
    0x0e, 0xff, 0xa4, 0x44, 0x46, 0xff, 0xf5, 0x00,
    0x4f, 0xff, 0x30, 0x00, 0x00, 0xef, 0xfa, 0x00,
    0xaf, 0xfe, 0x00, 0x00, 0x00, 0x9f, 0xff, 0x00,

    /* U+00C1 "Á" */
    0x00, 0x00, 0x00, 0x00, 0x00, 0x00, 0x00, 0x00,
    0x00, 0x00, 0x00, 0x00, 0x9c, 0x10, 0x00, 0x00,
    0x00, 0x00, 0x00, 0x0a, 0xff, 0x90, 0x00, 0x00,
    0x00, 0x00, 0x00, 0xbf, 0xfb, 0x00, 0x00, 0x00,
    0x00, 0x00, 0x01, 0xdf, 0xa0, 0x00, 0x00, 0x00,
    0x00, 0x00, 0x00, 0x17, 0x00, 0x00, 0x00, 0x00,
    0x00, 0x00, 0x00, 0x00, 0x00, 0x00, 0x00, 0x00,
    0x00, 0x00, 0x0b, 0xff, 0xf6, 0x00, 0x00, 0x00,
    0x00, 0x00, 0x1f, 0xff, 0xfb, 0x00, 0x00, 0x00,
    0x00, 0x00, 0x6f, 0xff, 0xff, 0x10, 0x00, 0x00,
    0x00, 0x00, 0xcf, 0xff, 0xff, 0x60, 0x00, 0x00,
    0x00, 0x01, 0xff, 0xfe, 0xff, 0xb0, 0x00, 0x00,
    0x00, 0x07, 0xff, 0xe5, 0xff, 0xf1, 0x00, 0x00,
    0x00, 0x0d, 0xff, 0x90, 0xff, 0xf6, 0x00, 0x00,
    0x00, 0x2f, 0xff, 0x40, 0xbf, 0xfb, 0x00, 0x00,
    0x00, 0x8f, 0xfe, 0x00, 0x6f, 0xff, 0x00, 0x00,
    0x00, 0xef, 0xff, 0xff, 0xff, 0xff, 0x50, 0x00,
    0x03, 0xff, 0xff, 0xff, 0xff, 0xff, 0xb0, 0x00,
    0x09, 0xff, 0xff, 0xff, 0xff, 0xff, 0xf0, 0x00,
    0x0e, 0xff, 0xa4, 0x44, 0x46, 0xff, 0xf5, 0x00,
    0x4f, 0xff, 0x30, 0x00, 0x00, 0xef, 0xfa, 0x00,
    0xaf, 0xfe, 0x00, 0x00, 0x00, 0x9f, 0xff, 0x00,

    /* U+00C2 "Â" */
    0x00, 0x00, 0x00, 0x3b, 0x10, 0x00, 0x00, 0x00,
    0x00, 0x00, 0x05, 0xff, 0xe2, 0x00, 0x00, 0x00,
    0x00, 0x00, 0x7f, 0xff, 0xfe, 0x30, 0x00, 0x00,
    0x00, 0x00, 0xbf, 0xd6, 0xff, 0x70, 0x00, 0x00,
    0x00, 0x00, 0x08, 0x10, 0x26, 0x00, 0x00, 0x00,
    0x00, 0x00, 0x00, 0x00, 0x00, 0x00, 0x00, 0x00,
    0x00, 0x00, 0x0b, 0xff, 0xf6, 0x00, 0x00, 0x00,
    0x00, 0x00, 0x1f, 0xff, 0xfb, 0x00, 0x00, 0x00,
    0x00, 0x00, 0x6f, 0xff, 0xff, 0x10, 0x00, 0x00,
    0x00, 0x00, 0xcf, 0xff, 0xff, 0x60, 0x00, 0x00,
    0x00, 0x01, 0xff, 0xfe, 0xff, 0xb0, 0x00, 0x00,
    0x00, 0x07, 0xff, 0xe5, 0xff, 0xf1, 0x00, 0x00,
    0x00, 0x0d, 0xff, 0x90, 0xff, 0xf6, 0x00, 0x00,
    0x00, 0x2f, 0xff, 0x40, 0xbf, 0xfb, 0x00, 0x00,
    0x00, 0x8f, 0xfe, 0x00, 0x6f, 0xff, 0x00, 0x00,
    0x00, 0xef, 0xff, 0xff, 0xff, 0xff, 0x50, 0x00,
    0x03, 0xff, 0xff, 0xff, 0xff, 0xff, 0xb0, 0x00,
    0x09, 0xff, 0xff, 0xff, 0xff, 0xff, 0xf0, 0x00,
    0x0e, 0xff, 0xa4, 0x44, 0x46, 0xff, 0xf5, 0x00,
    0x4f, 0xff, 0x30, 0x00, 0x00, 0xef, 0xfa, 0x00,
    0xaf, 0xfe, 0x00, 0x00, 0x00, 0x9f, 0xff, 0x00,

    /* U+00C3 "Ã" */
    0x00, 0x00, 0x8f, 0xe6, 0x0b, 0x70, 0x00, 0x00,
    0x00, 0x07, 0xff, 0xff, 0xff, 0xf8, 0x00, 0x00,
    0x00, 0x09, 0xfe, 0xbf, 0xff, 0xd1, 0x00, 0x00,
    0x00, 0x00, 0x33, 0x03, 0x98, 0x10, 0x00, 0x00,
    0x00, 0x00, 0x00, 0x00, 0x00, 0x00, 0x00, 0x00,
    0x00, 0x00, 0x0b, 0xff, 0xf6, 0x00, 0x00, 0x00,
    0x00, 0x00, 0x1f, 0xff, 0xfb, 0x00, 0x00, 0x00,
    0x00, 0x00, 0x6f, 0xff, 0xff, 0x10, 0x00, 0x00,
    0x00, 0x00, 0xcf, 0xff, 0xff, 0x60, 0x00, 0x00,
    0x00, 0x01, 0xff, 0xfe, 0xff, 0xb0, 0x00, 0x00,
    0x00, 0x07, 0xff, 0xe5, 0xff, 0xf1, 0x00, 0x00,
    0x00, 0x0d, 0xff, 0x90, 0xff, 0xf6, 0x00, 0x00,
    0x00, 0x2f, 0xff, 0x40, 0xbf, 0xfb, 0x00, 0x00,
    0x00, 0x8f, 0xfe, 0x00, 0x6f, 0xff, 0x00, 0x00,
    0x00, 0xef, 0xff, 0xff, 0xff, 0xff, 0x50, 0x00,
    0x03, 0xff, 0xff, 0xff, 0xff, 0xff, 0xb0, 0x00,
    0x09, 0xff, 0xff, 0xff, 0xff, 0xff, 0xf0, 0x00,
    0x0e, 0xff, 0xa4, 0x44, 0x46, 0xff, 0xf5, 0x00,
    0x4f, 0xff, 0x30, 0x00, 0x00, 0xef, 0xfa, 0x00,
    0xaf, 0xfe, 0x00, 0x00, 0x00, 0x9f, 0xff, 0x00,

    /* U+00C4 "Ä" */
    0x00, 0x03, 0xdf, 0x50, 0x9f, 0xb0, 0x00, 0x00,
    0x00, 0x0b, 0xff, 0xe2, 0xff, 0xf6, 0x00, 0x00,
    0x00, 0x09, 0xff, 0xd1, 0xff, 0xf5, 0x00, 0x00,
    0x00, 0x01, 0x9b, 0x30, 0x5b, 0x70, 0x00, 0x00,
    0x00, 0x00, 0x00, 0x00, 0x00, 0x00, 0x00, 0x00,
    0x00, 0x00, 0x0b, 0xff, 0xf6, 0x00, 0x00, 0x00,
    0x00, 0x00, 0x1f, 0xff, 0xfb, 0x00, 0x00, 0x00,
    0x00, 0x00, 0x6f, 0xff, 0xff, 0x10, 0x00, 0x00,
    0x00, 0x00, 0xcf, 0xff, 0xff, 0x60, 0x00, 0x00,
    0x00, 0x01, 0xff, 0xfe, 0xff, 0xb0, 0x00, 0x00,
    0x00, 0x07, 0xff, 0xe5, 0xff, 0xf1, 0x00, 0x00,
    0x00, 0x0d, 0xff, 0x90, 0xff, 0xf6, 0x00, 0x00,
    0x00, 0x2f, 0xff, 0x40, 0xbf, 0xfb, 0x00, 0x00,
    0x00, 0x8f, 0xfe, 0x00, 0x6f, 0xff, 0x00, 0x00,
    0x00, 0xef, 0xff, 0xff, 0xff, 0xff, 0x50, 0x00,
    0x03, 0xff, 0xff, 0xff, 0xff, 0xff, 0xb0, 0x00,
    0x09, 0xff, 0xff, 0xff, 0xff, 0xff, 0xf0, 0x00,
    0x0e, 0xff, 0xa4, 0x44, 0x46, 0xff, 0xf5, 0x00,
    0x4f, 0xff, 0x30, 0x00, 0x00, 0xef, 0xfa, 0x00,
    0xaf, 0xfe, 0x00, 0x00, 0x00, 0x9f, 0xff, 0x00,

    /* U+00C5 "Å" */
    0x00, 0x00, 0x02, 0xbe, 0x90, 0x00, 0x00, 0x00,
    0x00, 0x00, 0x0e, 0xff, 0xfa, 0x00, 0x00, 0x00,
    0x00, 0x00, 0x4f, 0xc1, 0xff, 0x00, 0x00, 0x00,
    0x00, 0x00, 0x4f, 0xc1, 0xff, 0x00, 0x00, 0x00,
    0x00, 0x00, 0x0e, 0xff, 0xfa, 0x00, 0x00, 0x00,
    0x00, 0x00, 0x02, 0xbe, 0x90, 0x00, 0x00, 0x00,
    0x00, 0x00, 0x00, 0x00, 0x00, 0x00, 0x00, 0x00,
    0x00, 0x00, 0x0b, 0xff, 0xf6, 0x00, 0x00, 0x00,
    0x00, 0x00, 0x1f, 0xff, 0xfb, 0x00, 0x00, 0x00,
    0x00, 0x00, 0x6f, 0xff, 0xff, 0x10, 0x00, 0x00,
    0x00, 0x00, 0xcf, 0xff, 0xff, 0x60, 0x00, 0x00,
    0x00, 0x01, 0xff, 0xfe, 0xff, 0xb0, 0x00, 0x00,
    0x00, 0x07, 0xff, 0xe5, 0xff, 0xf1, 0x00, 0x00,
    0x00, 0x0d, 0xff, 0x90, 0xff, 0xf6, 0x00, 0x00,
    0x00, 0x2f, 0xff, 0x40, 0xbf, 0xfb, 0x00, 0x00,
    0x00, 0x8f, 0xfe, 0x00, 0x6f, 0xff, 0x00, 0x00,
    0x00, 0xef, 0xff, 0xff, 0xff, 0xff, 0x50, 0x00,
    0x03, 0xff, 0xff, 0xff, 0xff, 0xff, 0xb0, 0x00,
    0x09, 0xff, 0xff, 0xff, 0xff, 0xff, 0xf0, 0x00,
    0x0e, 0xff, 0xa4, 0x44, 0x46, 0xff, 0xf5, 0x00,
    0x4f, 0xff, 0x30, 0x00, 0x00, 0xef, 0xfa, 0x00,
    0xaf, 0xfe, 0x00, 0x00, 0x00, 0x9f, 0xff, 0x00,

    /* U+00C6 "Æ" */
    0x00, 0x00, 0x04, 0xff, 0xff, 0xff, 0xff, 0xff, 0xfb, 0x00,
    0x00, 0x00, 0x0a, 0xff, 0xff, 0xff, 0xff, 0xff, 0xfb, 0x00,
    0x00, 0x00, 0x1f, 0xff, 0xff, 0xff, 0xff, 0xff, 0xfb, 0x00,
    0x00, 0x00, 0x6f, 0xff, 0xef, 0xfe, 0x66, 0x66, 0x64, 0x00,
    0x00, 0x00, 0xcf, 0xfd, 0xaf, 0xfd, 0x00, 0x00, 0x00, 0x00,
    0x00, 0x02, 0xff, 0xf7, 0x8f, 0xff, 0x00, 0x00, 0x00, 0x00,
    0x00, 0x09, 0xff, 0xf1, 0x7f, 0xff, 0xff, 0xff, 0xf1, 0x00,
    0x00, 0x0e, 0xff, 0xa0, 0x5f, 0xff, 0xff, 0xff, 0xf1, 0x00,
    0x00, 0x5f, 0xff, 0x40, 0x3f, 0xff, 0xff, 0xff, 0xf1, 0x00,
    0x00, 0xbf, 0xff, 0xff, 0xff, 0xff, 0x97, 0x77, 0x70, 0x00,
    0x01, 0xff, 0xff, 0xff, 0xff, 0xff, 0x50, 0x00, 0x00, 0x00,
    0x07, 0xff, 0xff, 0xff, 0xff, 0xff, 0xa7, 0x77, 0x77, 0x10,
    0x0d, 0xff, 0xc4, 0x44, 0x4e, 0xff, 0xff, 0xff, 0xff, 0x30,
    0x4f, 0xff, 0x50, 0x00, 0x0c, 0xff, 0xff, 0xff, 0xff, 0x30,
    0xaf, 0xfe, 0x00, 0x00, 0x0a, 0xff, 0xff, 0xff, 0xff, 0x30,

    /* U+00C7 "Ç" */
    0x00, 0x00, 0x4a, 0xdf, 0xfe, 0xa5, 0x00, 0x00,
    0x00, 0x1b, 0xff, 0xff, 0xff, 0xff, 0xc1, 0x00,
    0x00, 0xcf, 0xff, 0xff, 0xff, 0xff, 0xfc, 0x00,
    0x09, 0xff, 0xff, 0xb7, 0x7a, 0xff, 0xff, 0x80,
    0x1f, 0xff, 0xf4, 0x00, 0x00, 0x3f, 0xff, 0xa0,
    0x5f, 0xff, 0x70, 0x00, 0x00, 0x05, 0x71, 0x00,
    0x8f, 0xff, 0x20, 0x00, 0x00, 0x00, 0x00, 0x00,
    0x9f, 0xff, 0x00, 0x00, 0x00, 0x00, 0x00, 0x00,
    0x8f, 0xff, 0x20, 0x00, 0x00, 0x00, 0x00, 0x00,
    0x6f, 0xff, 0x70, 0x00, 0x00, 0x05, 0x71, 0x00,
    0x1f, 0xff, 0xf4, 0x00, 0x00, 0x3f, 0xff, 0xa0,
    0x09, 0xff, 0xff, 0xb7, 0x7b, 0xff, 0xff, 0x80,
    0x00, 0xdf, 0xff, 0xff, 0xff, 0xff, 0xfc, 0x00,
    0x00, 0x1b, 0xff, 0xff, 0xff, 0xff, 0xc1, 0x00,
    0x00, 0x00, 0x4a, 0xef, 0xfe, 0xa5, 0x00, 0x00,
    0x00, 0x00, 0x00, 0x9f, 0xe6, 0x00, 0x00, 0x00,
    0x00, 0x00, 0x00, 0x8a, 0xff, 0x20, 0x00, 0x00,
    0x00, 0x00, 0x04, 0x97, 0xef, 0x30, 0x00, 0x00,
    0x00, 0x00, 0x09, 0xff, 0xfb, 0x00, 0x00, 0x00,
    0x00, 0x00, 0x00, 0x35, 0x30, 0x00, 0x00, 0x00,

    /* U+00C8 "È" */
    0x00, 0x00, 0x00, 0x00, 0x00,
    0x00, 0x9d, 0x10, 0x00, 0x00,
    0x04, 0xff, 0xd2, 0x00, 0x00,
    0x00, 0x7f, 0xfe, 0x20, 0x00,
    0x00, 0x06, 0xff, 0x40, 0x00,
    0x00, 0x00, 0x44, 0x00, 0x00,
    0x00, 0x00, 0x00, 0x00, 0x00,
    0xef, 0xff, 0xff, 0xff, 0xfc,
    0xef, 0xff, 0xff, 0xff, 0xfc,
    0xef, 0xff, 0xff, 0xff, 0xfc,
    0xef, 0xfc, 0x55, 0x55, 0x54,
    0xef, 0xfb, 0x00, 0x00, 0x00,
    0xef, 0xfb, 0x00, 0x00, 0x00,
    0xef, 0xff, 0xff, 0xff, 0x90,
    0xef, 0xff, 0xff, 0xff, 0x90,
    0xef, 0xff, 0xff, 0xff, 0x90,
    0xef, 0xfc, 0x55, 0x55, 0x30,
    0xef, 0xfb, 0x00, 0x00, 0x00,
    0xef, 0xfd, 0x66, 0x66, 0x65,
    0xef, 0xff, 0xff, 0xff, 0xfc,
    0xef, 0xff, 0xff, 0xff, 0xfc,
    0xef, 0xff, 0xff, 0xff, 0xfc,

    /* U+00C9 "É" */
    0x00, 0x00, 0x00, 0x00, 0x00,
    0x00, 0x00, 0x02, 0xd7, 0x00,
    0x00, 0x00, 0x3e, 0xff, 0x30,
    0x00, 0x03, 0xff, 0xf5, 0x00,
    0x00, 0x06, 0xff, 0x40, 0x00,
    0x00, 0x00, 0x53, 0x00, 0x00,
    0x00, 0x00, 0x00, 0x00, 0x00,
    0xef, 0xff, 0xff, 0xff, 0xfc,
    0xef, 0xff, 0xff, 0xff, 0xfc,
    0xef, 0xff, 0xff, 0xff, 0xfc,
    0xef, 0xfc, 0x55, 0x55, 0x54,
    0xef, 0xfb, 0x00, 0x00, 0x00,
    0xef, 0xfb, 0x00, 0x00, 0x00,
    0xef, 0xff, 0xff, 0xff, 0x90,
    0xef, 0xff, 0xff, 0xff, 0x90,
    0xef, 0xff, 0xff, 0xff, 0x90,
    0xef, 0xfc, 0x55, 0x55, 0x30,
    0xef, 0xfb, 0x00, 0x00, 0x00,
    0xef, 0xfd, 0x66, 0x66, 0x65,
    0xef, 0xff, 0xff, 0xff, 0xfc,
    0xef, 0xff, 0xff, 0xff, 0xfc,
    0xef, 0xff, 0xff, 0xff, 0xfc,

    /* U+00CA "Ê" */
    0x00, 0x00, 0x87, 0x00, 0x00,
    0x00, 0x0a, 0xff, 0x90, 0x00,
    0x01, 0xcf, 0xff, 0xfb, 0x00,
    0x03, 0xff, 0x89, 0xfe, 0x20,
    0x00, 0x26, 0x00, 0x62, 0x00,
    0x00, 0x00, 0x00, 0x00, 0x00,
    0xef, 0xff, 0xff, 0xff, 0xfc,
    0xef, 0xff, 0xff, 0xff, 0xfc,
    0xef, 0xff, 0xff, 0xff, 0xfc,
    0xef, 0xfc, 0x55, 0x55, 0x54,
    0xef, 0xfb, 0x00, 0x00, 0x00,
    0xef, 0xfb, 0x00, 0x00, 0x00,
    0xef, 0xff, 0xff, 0xff, 0x90,
    0xef, 0xff, 0xff, 0xff, 0x90,
    0xef, 0xff, 0xff, 0xff, 0x90,
    0xef, 0xfc, 0x55, 0x55, 0x30,
    0xef, 0xfb, 0x00, 0x00, 0x00,
    0xef, 0xfd, 0x66, 0x66, 0x65,
    0xef, 0xff, 0xff, 0xff, 0xfc,
    0xef, 0xff, 0xff, 0xff, 0xfc,
    0xef, 0xff, 0xff, 0xff, 0xfc,

    /* U+00CB "Ë" */
    0x07, 0xfc, 0x12, 0xdf, 0x70,
    0x1f, 0xff, 0x89, 0xff, 0xf0,
    0x1f, 0xff, 0x78, 0xff, 0xf0,
    0x04, 0xb8, 0x00, 0x9b, 0x30,
    0x00, 0x00, 0x00, 0x00, 0x00,
    0xef, 0xff, 0xff, 0xff, 0xfc,
    0xef, 0xff, 0xff, 0xff, 0xfc,
    0xef, 0xff, 0xff, 0xff, 0xfc,
    0xef, 0xfc, 0x55, 0x55, 0x54,
    0xef, 0xfb, 0x00, 0x00, 0x00,
    0xef, 0xfb, 0x00, 0x00, 0x00,
    0xef, 0xff, 0xff, 0xff, 0x90,
    0xef, 0xff, 0xff, 0xff, 0x90,
    0xef, 0xff, 0xff, 0xff, 0x90,
    0xef, 0xfc, 0x55, 0x55, 0x30,
    0xef, 0xfb, 0x00, 0x00, 0x00,
    0xef, 0xfd, 0x66, 0x66, 0x65,
    0xef, 0xff, 0xff, 0xff, 0xfc,
    0xef, 0xff, 0xff, 0xff, 0xfc,
    0xef, 0xff, 0xff, 0xff, 0xfc,

    /* U+00CC "Ì" */
    0x00, 0x00, 0x00,
    0x09, 0xc1, 0x00,
    0x5f, 0xfd, 0x10,
    0x07, 0xff, 0xe2,
    0x00, 0x6f, 0xf4,
    0x00, 0x05, 0x40,
    0x00, 0x00, 0x00,
    0x00, 0xef, 0xfb,
    0x00, 0xef, 0xfb,
    0x00, 0xef, 0xfb,
    0x00, 0xef, 0xfb,
    0x00, 0xef, 0xfb,
    0x00, 0xef, 0xfb,
    0x00, 0xef, 0xfb,
    0x00, 0xef, 0xfb,
    0x00, 0xef, 0xfb,
    0x00, 0xef, 0xfb,
    0x00, 0xef, 0xfb,
    0x00, 0xef, 0xfb,
    0x00, 0xef, 0xfb,
    0x00, 0xef, 0xfb,
    0x00, 0xef, 0xfb,

    /* U+00CD "Í" */
    0x00, 0x00, 0x00,
    0x00, 0x2e, 0x60,
    0x03, 0xef, 0xf2,
    0x4f, 0xff, 0x50,
    0x6f, 0xf4, 0x00,
    0x06, 0x30, 0x00,
    0x00, 0x00, 0x00,
    0xef, 0xfb, 0x00,
    0xef, 0xfb, 0x00,
    0xef, 0xfb, 0x00,
    0xef, 0xfb, 0x00,
    0xef, 0xfb, 0x00,
    0xef, 0xfb, 0x00,
    0xef, 0xfb, 0x00,
    0xef, 0xfb, 0x00,
    0xef, 0xfb, 0x00,
    0xef, 0xfb, 0x00,
    0xef, 0xfb, 0x00,
    0xef, 0xfb, 0x00,
    0xef, 0xfb, 0x00,
    0xef, 0xfb, 0x00,
    0xef, 0xfb, 0x00,

    /* U+00CE "Î" */
    0x00, 0x00, 0x00, 0x00,
    0x00, 0x0b, 0x90, 0x00,
    0x00, 0xbf, 0xf8, 0x00,
    0x0a, 0xff, 0xff, 0x80,
    0x0b, 0xf8, 0xbf, 0x90,
    0x00, 0x60, 0x06, 0x00,
    0x00, 0x00, 0x00, 0x00,
    0x00, 0xef, 0xfb, 0x00,
    0x00, 0xef, 0xfb, 0x00,
    0x00, 0xef, 0xfb, 0x00,
    0x00, 0xef, 0xfb, 0x00,
    0x00, 0xef, 0xfb, 0x00,
    0x00, 0xef, 0xfb, 0x00,
    0x00, 0xef, 0xfb, 0x00,
    0x00, 0xef, 0xfb, 0x00,
    0x00, 0xef, 0xfb, 0x00,
    0x00, 0xef, 0xfb, 0x00,
    0x00, 0xef, 0xfb, 0x00,
    0x00, 0xef, 0xfb, 0x00,
    0x00, 0xef, 0xfb, 0x00,
    0x00, 0xef, 0xfb, 0x00,
    0x00, 0xef, 0xfb, 0x00,

    /* U+00CF "Ï" */
    0x6f, 0xe3, 0x5e, 0xe4,
    0xef, 0xfb, 0xdf, 0xfc,
    0xdf, 0xfa, 0xcf, 0xfb,
    0x3b, 0xa1, 0x2a, 0xa2,
    0x00, 0x00, 0x00, 0x00,
    0x00, 0xef, 0xfb, 0x00,
    0x00, 0xef, 0xfb, 0x00,
    0x00, 0xef, 0xfb, 0x00,
    0x00, 0xef, 0xfb, 0x00,
    0x00, 0xef, 0xfb, 0x00,
    0x00, 0xef, 0xfb, 0x00,
    0x00, 0xef, 0xfb, 0x00,
    0x00, 0xef, 0xfb, 0x00,
    0x00, 0xef, 0xfb, 0x00,
    0x00, 0xef, 0xfb, 0x00,
    0x00, 0xef, 0xfb, 0x00,
    0x00, 0xef, 0xfb, 0x00,
    0x00, 0xef, 0xfb, 0x00,
    0x00, 0xef, 0xfb, 0x00,
    0x00, 0xef, 0xfb, 0x00,

    /* U+00D0 "Ð" */
    0x03, 0xff, 0xff, 0xff, 0xeb, 0x60, 0x00, 0x00,
    0x03, 0xff, 0xff, 0xff, 0xff, 0xfd, 0x30, 0x00,
    0x03, 0xff, 0xff, 0xff, 0xff, 0xff, 0xf2, 0x00,
    0x03, 0xff, 0xfa, 0x67, 0xaf, 0xff, 0xfc, 0x00,
    0x03, 0xff, 0xf5, 0x00, 0x02, 0xef, 0xff, 0x30,
    0x03, 0xff, 0xf5, 0x00, 0x00, 0x6f, 0xff, 0x70,
    0xbf, 0xff, 0xff, 0xfc, 0x00, 0x1f, 0xff, 0x90,
    0xbf, 0xff, 0xff, 0xfc, 0x00, 0x0f, 0xff, 0xa0,
    0xbf, 0xff, 0xff, 0xfc, 0x00, 0x1f, 0xff, 0x90,
    0x26, 0xff, 0xf7, 0x43, 0x00, 0x6f, 0xff, 0x70,
    0x03, 0xff, 0xf5, 0x00, 0x02, 0xef, 0xff, 0x20,
    0x03, 0xff, 0xfa, 0x77, 0xaf, 0xff, 0xfc, 0x00,
    0x03, 0xff, 0xff, 0xff, 0xff, 0xff, 0xf2, 0x00,
    0x03, 0xff, 0xff, 0xff, 0xff, 0xfd, 0x30, 0x00,
    0x03, 0xff, 0xff, 0xff, 0xeb, 0x60, 0x00, 0x00,

    /* U+00D1 "Ñ" */
    0x00, 0x04, 0xdf, 0x91, 0x6b, 0x20, 0x00,
    0x00, 0x1f, 0xff, 0xff, 0xff, 0xe0, 0x00,
    0x00, 0x4e, 0xfb, 0xef, 0xff, 0x50, 0x00,
    0x00, 0x01, 0x50, 0x17, 0x94, 0x00, 0x00,
    0x00, 0x00, 0x00, 0x00, 0x00, 0x00, 0x00,
    0xef, 0xfc, 0x00, 0x00, 0x05, 0xff, 0xf3,
    0xef, 0xff, 0x80, 0x00, 0x05, 0xff, 0xf3,
    0xef, 0xff, 0xf3, 0x00, 0x05, 0xff, 0xf3,
    0xef, 0xff, 0xfe, 0x10, 0x05, 0xff, 0xf3,
    0xef, 0xff, 0xff, 0xa0, 0x05, 0xff, 0xf3,
    0xef, 0xff, 0xff, 0xf6, 0x05, 0xff, 0xf3,
    0xef, 0xfe, 0xff, 0xff, 0x25, 0xff, 0xf3,
    0xef, 0xfb, 0x8f, 0xff, 0xc6, 0xff, 0xf3,
    0xef, 0xfb, 0x0c, 0xff, 0xfd, 0xff, 0xf3,
    0xef, 0xfb, 0x01, 0xef, 0xff, 0xff, 0xf3,
    0xef, 0xfb, 0x00, 0x5f, 0xff, 0xff, 0xf3,
    0xef, 0xfb, 0x00, 0x09, 0xff, 0xff, 0xf3,
    0xef, 0xfb, 0x00, 0x00, 0xdf, 0xff, 0xf3,
    0xef, 0xfb, 0x00, 0x00, 0x2f, 0xff, 0xf3,
    0xef, 0xfb, 0x00, 0x00, 0x06, 0xff, 0xf3,

    /* U+00D2 "Ò" */
    0x00, 0x00, 0x03, 0x90, 0x00, 0x00, 0x00, 0x00,
    0x00, 0x00, 0x2f, 0xfb, 0x00, 0x00, 0x00, 0x00,
    0x00, 0x00, 0x0a, 0xff, 0xc1, 0x00, 0x00, 0x00,
    0x00, 0x00, 0x00, 0x9f, 0xf8, 0x00, 0x00, 0x00,
    0x00, 0x00, 0x00, 0x07, 0xa0, 0x00, 0x00, 0x00,
    0x00, 0x00, 0x00, 0x00, 0x00, 0x00, 0x00, 0x00,
    0x00, 0x00, 0x39, 0xdf, 0xfe, 0xa4, 0x00, 0x00,
    0x00, 0x0a, 0xff, 0xff, 0xff, 0xff, 0xc1, 0x00,
    0x00, 0xcf, 0xff, 0xff, 0xff, 0xff, 0xfe, 0x10,
    0x08, 0xff, 0xff, 0xc8, 0x8b, 0xff, 0xff, 0xb0,
    0x1f, 0xff, 0xf5, 0x00, 0x00, 0x3e, 0xff, 0xf3,
    0x5f, 0xff, 0x70, 0x00, 0x00, 0x05, 0xff, 0xf8,
    0x8f, 0xff, 0x20, 0x00, 0x00, 0x00, 0xff, 0xfb,
    0x9f, 0xff, 0x00, 0x00, 0x00, 0x00, 0xdf, 0xfc,
    0x8f, 0xff, 0x20, 0x00, 0x00, 0x00, 0xff, 0xfb,
    0x6f, 0xff, 0x70, 0x00, 0x00, 0x05, 0xff, 0xf8,
    0x1f, 0xff, 0xf4, 0x00, 0x00, 0x3e, 0xff, 0xf3,
    0x09, 0xff, 0xff, 0xc8, 0x8b, 0xff, 0xff, 0xb0,
    0x00, 0xcf, 0xff, 0xff, 0xff, 0xff, 0xfe, 0x10,
    0x00, 0x1b, 0xff, 0xff, 0xff, 0xff, 0xc2, 0x00,
    0x00, 0x00, 0x4a, 0xdf, 0xfe, 0xa5, 0x00, 0x00,

    /* U+00D3 "Ó" */
    0x00, 0x00, 0x00, 0x00, 0x08, 0x40, 0x00, 0x00,
    0x00, 0x00, 0x00, 0x00, 0xaf, 0xf4, 0x00, 0x00,
    0x00, 0x00, 0x00, 0x0b, 0xff, 0xb0, 0x00, 0x00,
    0x00, 0x00, 0x00, 0x6f, 0xfa, 0x00, 0x00, 0x00,
    0x00, 0x00, 0x00, 0x09, 0x90, 0x00, 0x00, 0x00,
    0x00, 0x00, 0x00, 0x00, 0x00, 0x00, 0x00, 0x00,
    0x00, 0x00, 0x39, 0xdf, 0xfe, 0xa4, 0x00, 0x00,
    0x00, 0x0a, 0xff, 0xff, 0xff, 0xff, 0xc1, 0x00,
    0x00, 0xcf, 0xff, 0xff, 0xff, 0xff, 0xfe, 0x10,
    0x08, 0xff, 0xff, 0xc8, 0x8b, 0xff, 0xff, 0xb0,
    0x1f, 0xff, 0xf5, 0x00, 0x00, 0x3e, 0xff, 0xf3,
    0x5f, 0xff, 0x70, 0x00, 0x00, 0x05, 0xff, 0xf8,
    0x8f, 0xff, 0x20, 0x00, 0x00, 0x00, 0xff, 0xfb,
    0x9f, 0xff, 0x00, 0x00, 0x00, 0x00, 0xdf, 0xfc,
    0x8f, 0xff, 0x20, 0x00, 0x00, 0x00, 0xff, 0xfb,
    0x6f, 0xff, 0x70, 0x00, 0x00, 0x05, 0xff, 0xf8,
    0x1f, 0xff, 0xf4, 0x00, 0x00, 0x3e, 0xff, 0xf3,
    0x09, 0xff, 0xff, 0xc8, 0x8b, 0xff, 0xff, 0xb0,
    0x00, 0xcf, 0xff, 0xff, 0xff, 0xff, 0xfe, 0x10,
    0x00, 0x1b, 0xff, 0xff, 0xff, 0xff, 0xc2, 0x00,
    0x00, 0x00, 0x4a, 0xdf, 0xfe, 0xa5, 0x00, 0x00,

    /* U+00D4 "Ô" */
    0x00, 0x00, 0x00, 0x07, 0x80, 0x00, 0x00, 0x00,
    0x00, 0x00, 0x00, 0x9f, 0xfa, 0x00, 0x00, 0x00,
    0x00, 0x00, 0x0a, 0xff, 0xff, 0xb0, 0x00, 0x00,
    0x00, 0x00, 0x2e, 0xfa, 0x9f, 0xf3, 0x00, 0x00,
    0x00, 0x00, 0x02, 0x80, 0x08, 0x40, 0x00, 0x00,
    0x00, 0x00, 0x00, 0x00, 0x00, 0x00, 0x00, 0x00,
    0x00, 0x00, 0x39, 0xdf, 0xfe, 0xa4, 0x00, 0x00,
    0x00, 0x0a, 0xff, 0xff, 0xff, 0xff, 0xc1, 0x00,
    0x00, 0xcf, 0xff, 0xff, 0xff, 0xff, 0xfe, 0x10,
    0x08, 0xff, 0xff, 0xc8, 0x8b, 0xff, 0xff, 0xb0,
    0x1f, 0xff, 0xf5, 0x00, 0x00, 0x3e, 0xff, 0xf3,
    0x5f, 0xff, 0x70, 0x00, 0x00, 0x05, 0xff, 0xf8,
    0x8f, 0xff, 0x20, 0x00, 0x00, 0x00, 0xff, 0xfb,
    0x9f, 0xff, 0x00, 0x00, 0x00, 0x00, 0xdf, 0xfc,
    0x8f, 0xff, 0x20, 0x00, 0x00, 0x00, 0xff, 0xfb,
    0x6f, 0xff, 0x70, 0x00, 0x00, 0x05, 0xff, 0xf8,
    0x1f, 0xff, 0xf4, 0x00, 0x00, 0x3e, 0xff, 0xf3,
    0x09, 0xff, 0xff, 0xc8, 0x8b, 0xff, 0xff, 0xb0,
    0x00, 0xcf, 0xff, 0xff, 0xff, 0xff, 0xfe, 0x10,
    0x00, 0x1b, 0xff, 0xff, 0xff, 0xff, 0xc2, 0x00,
    0x00, 0x00, 0x4a, 0xdf, 0xfe, 0xa5, 0x00, 0x00,

    /* U+00D5 "Õ" */
    0x00, 0x00, 0x05, 0x96, 0x00, 0x60, 0x00, 0x00,
    0x00, 0x00, 0x8f, 0xff, 0xdc, 0xfe, 0x20, 0x00,
    0x00, 0x01, 0xff, 0xff, 0xff, 0xfd, 0x00, 0x00,
    0x00, 0x00, 0x3b, 0x32, 0xbf, 0xc2, 0x00, 0x00,
    0x00, 0x00, 0x00, 0x00, 0x00, 0x00, 0x00, 0x00,
    0x00, 0x00, 0x00, 0x00, 0x00, 0x00, 0x00, 0x00,
    0x00, 0x00, 0x39, 0xdf, 0xfe, 0xa4, 0x00, 0x00,
    0x00, 0x0a, 0xff, 0xff, 0xff, 0xff, 0xc1, 0x00,
    0x00, 0xcf, 0xff, 0xff, 0xff, 0xff, 0xfe, 0x10,
    0x08, 0xff, 0xff, 0xc8, 0x8b, 0xff, 0xff, 0xb0,
    0x1f, 0xff, 0xf5, 0x00, 0x00, 0x3e, 0xff, 0xf3,
    0x5f, 0xff, 0x70, 0x00, 0x00, 0x05, 0xff, 0xf8,
    0x8f, 0xff, 0x20, 0x00, 0x00, 0x00, 0xff, 0xfb,
    0x9f, 0xff, 0x00, 0x00, 0x00, 0x00, 0xdf, 0xfc,
    0x8f, 0xff, 0x20, 0x00, 0x00, 0x00, 0xff, 0xfb,
    0x6f, 0xff, 0x70, 0x00, 0x00, 0x05, 0xff, 0xf8,
    0x1f, 0xff, 0xf4, 0x00, 0x00, 0x3e, 0xff, 0xf3,
    0x09, 0xff, 0xff, 0xc8, 0x8b, 0xff, 0xff, 0xb0,
    0x00, 0xcf, 0xff, 0xff, 0xff, 0xff, 0xfe, 0x10,
    0x00, 0x1b, 0xff, 0xff, 0xff, 0xff, 0xc2, 0x00,
    0x00, 0x00, 0x4a, 0xdf, 0xfe, 0xa5, 0x00, 0x00,

    /* U+00D6 "Ö" */
    0x00, 0x00, 0x6f, 0xd2, 0x1c, 0xf8, 0x00, 0x00,
    0x00, 0x00, 0xff, 0xfa, 0x7f, 0xff, 0x20, 0x00,
    0x00, 0x00, 0xef, 0xf9, 0x6f, 0xff, 0x10, 0x00,
    0x00, 0x00, 0x3b, 0x90, 0x08, 0xb4, 0x00, 0x00,
    0x00, 0x00, 0x00, 0x00, 0x00, 0x00, 0x00, 0x00,
    0x00, 0x00, 0x39, 0xdf, 0xfe, 0xa4, 0x00, 0x00,
    0x00, 0x0a, 0xff, 0xff, 0xff, 0xff, 0xc1, 0x00,
    0x00, 0xcf, 0xff, 0xff, 0xff, 0xff, 0xfe, 0x10,
    0x08, 0xff, 0xff, 0xc8, 0x8b, 0xff, 0xff, 0xb0,
    0x1f, 0xff, 0xf5, 0x00, 0x00, 0x3e, 0xff, 0xf3,
    0x5f, 0xff, 0x70, 0x00, 0x00, 0x05, 0xff, 0xf8,
    0x8f, 0xff, 0x20, 0x00, 0x00, 0x00, 0xff, 0xfb,
    0x9f, 0xff, 0x00, 0x00, 0x00, 0x00, 0xdf, 0xfc,
    0x8f, 0xff, 0x20, 0x00, 0x00, 0x00, 0xff, 0xfb,
    0x6f, 0xff, 0x70, 0x00, 0x00, 0x05, 0xff, 0xf8,
    0x1f, 0xff, 0xf4, 0x00, 0x00, 0x3e, 0xff, 0xf3,
    0x09, 0xff, 0xff, 0xc8, 0x8b, 0xff, 0xff, 0xb0,
    0x00, 0xcf, 0xff, 0xff, 0xff, 0xff, 0xfe, 0x10,
    0x00, 0x1b, 0xff, 0xff, 0xff, 0xff, 0xc2, 0x00,
    0x00, 0x00, 0x4a, 0xdf, 0xfe, 0xa5, 0x00, 0x00,

    /* U+00D7 "×" */
    0x00, 0x19, 0x00, 0x00, 0x19, 0x00,
    0x02, 0xef, 0xb0, 0x01, 0xdf, 0xb0,
    0x0c, 0xff, 0xfb, 0x2d, 0xff, 0xf9,
    0x02, 0xef, 0xff, 0xff, 0xff, 0xc1,
    0x00, 0x2e, 0xff, 0xff, 0xfc, 0x10,
    0x00, 0x04, 0xff, 0xff, 0xf1, 0x00,
    0x00, 0x2e, 0xff, 0xff, 0xfb, 0x00,
    0x02, 0xef, 0xff, 0xff, 0xff, 0xb0,
    0x0c, 0xff, 0xfc, 0x3e, 0xff, 0xf9,
    0x02, 0xef, 0xc0, 0x02, 0xef, 0xc1,
    0x00, 0x2b, 0x00, 0x00, 0x2b, 0x10,

    /* U+00D8 "Ø" */
    0x00, 0x00, 0x00, 0x00, 0x00, 0x00, 0x30, 0x00,
    0x00, 0x00, 0x39, 0xdf, 0xfe, 0xa8, 0xfb, 0x10,
    0x00, 0x0a, 0xff, 0xff, 0xff, 0xff, 0xff, 0xd0,
    0x00, 0xcf, 0xff, 0xff, 0xff, 0xff, 0xff, 0x50,
    0x08, 0xff, 0xff, 0xc8, 0x8f, 0xff, 0xff, 0xb0,
    0x1f, 0xff, 0xf5, 0x00, 0x9f, 0xff, 0xff, 0xf3,
    0x5f, 0xff, 0x70, 0x06, 0xff, 0xfe, 0xff, 0xf8,
    0x8f, 0xff, 0x20, 0x3f, 0xff, 0xe1, 0xff, 0xfb,
    0x9f, 0xff, 0x01, 0xef, 0xff, 0x30, 0xdf, 0xfc,
    0x8f, 0xff, 0x2c, 0xff, 0xf6, 0x00, 0xff, 0xfb,
    0x6f, 0xff, 0xef, 0xff, 0x90, 0x05, 0xff, 0xf8,
    0x1f, 0xff, 0xff, 0xfc, 0x00, 0x3e, 0xff, 0xf3,
    0x09, 0xff, 0xff, 0xfa, 0x8b, 0xff, 0xff, 0xb0,
    0x02, 0xff, 0xff, 0xff, 0xff, 0xff, 0xfe, 0x10,
    0x0a, 0xff, 0xff, 0xff, 0xff, 0xff, 0xc2, 0x00,
    0x00, 0x8f, 0xaa, 0xdf, 0xfe, 0xa5, 0x00, 0x00,
    0x00, 0x03, 0x00, 0x00, 0x00, 0x00, 0x00, 0x00,

    /* U+00D9 "Ù" */
    0x00, 0x00, 0x00, 0x00, 0x00, 0x00, 0x00,
    0x00, 0x04, 0xe4, 0x00, 0x00, 0x00, 0x00,
    0x00, 0x0e, 0xff, 0x50, 0x00, 0x00, 0x00,
    0x00, 0x03, 0xef, 0xf6, 0x00, 0x00, 0x00,
    0x00, 0x00, 0x2e, 0xf9, 0x00, 0x00, 0x00,
    0x00, 0x00, 0x01, 0x70, 0x00, 0x00, 0x00,
    0x00, 0x00, 0x00, 0x00, 0x00, 0x00, 0x00,
    0xef, 0xfa, 0x00, 0x00, 0x2f, 0xff, 0x70,
    0xef, 0xfa, 0x00, 0x00, 0x2f, 0xff, 0x70,
    0xef, 0xfa, 0x00, 0x00, 0x2f, 0xff, 0x70,
    0xef, 0xfa, 0x00, 0x00, 0x2f, 0xff, 0x70,
    0xef, 0xfa, 0x00, 0x00, 0x2f, 0xff, 0x70,
    0xef, 0xfa, 0x00, 0x00, 0x2f, 0xff, 0x70,
    0xef, 0xfa, 0x00, 0x00, 0x2f, 0xff, 0x70,
    0xef, 0xfa, 0x00, 0x00, 0x2f, 0xff, 0x70,
    0xef, 0xfa, 0x00, 0x00, 0x2f, 0xff, 0x70,
    0xdf, 0xfb, 0x00, 0x00, 0x3f, 0xff, 0x60,
    0xbf, 0xff, 0x20, 0x00, 0xaf, 0xff, 0x40,
    0x7f, 0xff, 0xe8, 0x7b, 0xff, 0xff, 0x00,
    0x1e, 0xff, 0xff, 0xff, 0xff, 0xf8, 0x00,
    0x04, 0xff, 0xff, 0xff, 0xff, 0xb0, 0x00,
    0x00, 0x18, 0xdf, 0xfe, 0xb5, 0x00, 0x00,

    /* U+00DA "Ú" */
    0x00, 0x00, 0x00, 0x00, 0x00, 0x00, 0x00,
    0x00, 0x00, 0x00, 0x0a, 0xc0, 0x00, 0x00,
    0x00, 0x00, 0x00, 0xbf, 0xf8, 0x00, 0x00,
    0x00, 0x00, 0x1c, 0xff, 0xa0, 0x00, 0x00,
    0x00, 0x00, 0x2e, 0xf9, 0x00, 0x00, 0x00,
    0x00, 0x00, 0x02, 0x70, 0x00, 0x00, 0x00,
    0x00, 0x00, 0x00, 0x00, 0x00, 0x00, 0x00,
    0xef, 0xfa, 0x00, 0x00, 0x2f, 0xff, 0x70,
    0xef, 0xfa, 0x00, 0x00, 0x2f, 0xff, 0x70,
    0xef, 0xfa, 0x00, 0x00, 0x2f, 0xff, 0x70,
    0xef, 0xfa, 0x00, 0x00, 0x2f, 0xff, 0x70,
    0xef, 0xfa, 0x00, 0x00, 0x2f, 0xff, 0x70,
    0xef, 0xfa, 0x00, 0x00, 0x2f, 0xff, 0x70,
    0xef, 0xfa, 0x00, 0x00, 0x2f, 0xff, 0x70,
    0xef, 0xfa, 0x00, 0x00, 0x2f, 0xff, 0x70,
    0xef, 0xfa, 0x00, 0x00, 0x2f, 0xff, 0x70,
    0xdf, 0xfb, 0x00, 0x00, 0x3f, 0xff, 0x60,
    0xbf, 0xff, 0x20, 0x00, 0xaf, 0xff, 0x40,
    0x7f, 0xff, 0xe8, 0x7b, 0xff, 0xff, 0x00,
    0x1e, 0xff, 0xff, 0xff, 0xff, 0xf8, 0x00,
    0x04, 0xff, 0xff, 0xff, 0xff, 0xb0, 0x00,
    0x00, 0x18, 0xdf, 0xfe, 0xb5, 0x00, 0x00,

    /* U+00DB "Û" */
    0x00, 0x00, 0x04, 0xb0, 0x00, 0x00, 0x00,
    0x00, 0x00, 0x6f, 0xfd, 0x10, 0x00, 0x00,
    0x00, 0x08, 0xff, 0xff, 0xe2, 0x00, 0x00,
    0x00, 0x0c, 0xfc, 0x6f, 0xf6, 0x00, 0x00,
    0x00, 0x00, 0x80, 0x03, 0x50, 0x00, 0x00,
    0x00, 0x00, 0x00, 0x00, 0x00, 0x00, 0x00,
    0xef, 0xfa, 0x00, 0x00, 0x2f, 0xff, 0x70,
    0xef, 0xfa, 0x00, 0x00, 0x2f, 0xff, 0x70,
    0xef, 0xfa, 0x00, 0x00, 0x2f, 0xff, 0x70,
    0xef, 0xfa, 0x00, 0x00, 0x2f, 0xff, 0x70,
    0xef, 0xfa, 0x00, 0x00, 0x2f, 0xff, 0x70,
    0xef, 0xfa, 0x00, 0x00, 0x2f, 0xff, 0x70,
    0xef, 0xfa, 0x00, 0x00, 0x2f, 0xff, 0x70,
    0xef, 0xfa, 0x00, 0x00, 0x2f, 0xff, 0x70,
    0xef, 0xfa, 0x00, 0x00, 0x2f, 0xff, 0x70,
    0xdf, 0xfb, 0x00, 0x00, 0x3f, 0xff, 0x60,
    0xbf, 0xff, 0x20, 0x00, 0xaf, 0xff, 0x40,
    0x7f, 0xff, 0xe8, 0x7b, 0xff, 0xff, 0x00,
    0x1e, 0xff, 0xff, 0xff, 0xff, 0xf8, 0x00,
    0x04, 0xff, 0xff, 0xff, 0xff, 0xb0, 0x00,
    0x00, 0x18, 0xdf, 0xfe, 0xb5, 0x00, 0x00,

    /* U+00DC "Ü" */
    0x00, 0x3e, 0xe4, 0x0a, 0xfb, 0x00, 0x00,
    0x00, 0xcf, 0xfd, 0x4f, 0xff, 0x50, 0x00,
    0x00, 0xbf, 0xfc, 0x3f, 0xff, 0x40, 0x00,
    0x00, 0x1a, 0xa2, 0x06, 0xb7, 0x00, 0x00,
    0x00, 0x00, 0x00, 0x00, 0x00, 0x00, 0x00,
    0xef, 0xfa, 0x00, 0x00, 0x2f, 0xff, 0x70,
    0xef, 0xfa, 0x00, 0x00, 0x2f, 0xff, 0x70,
    0xef, 0xfa, 0x00, 0x00, 0x2f, 0xff, 0x70,
    0xef, 0xfa, 0x00, 0x00, 0x2f, 0xff, 0x70,
    0xef, 0xfa, 0x00, 0x00, 0x2f, 0xff, 0x70,
    0xef, 0xfa, 0x00, 0x00, 0x2f, 0xff, 0x70,
    0xef, 0xfa, 0x00, 0x00, 0x2f, 0xff, 0x70,
    0xef, 0xfa, 0x00, 0x00, 0x2f, 0xff, 0x70,
    0xef, 0xfa, 0x00, 0x00, 0x2f, 0xff, 0x70,
    0xdf, 0xfb, 0x00, 0x00, 0x3f, 0xff, 0x60,
    0xbf, 0xff, 0x20, 0x00, 0xaf, 0xff, 0x40,
    0x7f, 0xff, 0xe8, 0x7b, 0xff, 0xff, 0x00,
    0x1e, 0xff, 0xff, 0xff, 0xff, 0xf8, 0x00,
    0x04, 0xff, 0xff, 0xff, 0xff, 0xb0, 0x00,
    0x00, 0x18, 0xdf, 0xfe, 0xb5, 0x00, 0x00,

    /* U+00DD "Ý" */
    0x00, 0x00, 0x00, 0x00, 0x00, 0x00, 0x00, 0x00,
    0x00, 0x00, 0x00, 0x00, 0x3e, 0x50, 0x00, 0x00,
    0x00, 0x00, 0x00, 0x04, 0xff, 0xf1, 0x00, 0x00,
    0x00, 0x00, 0x00, 0x5f, 0xff, 0x40, 0x00, 0x00,
    0x00, 0x00, 0x00, 0x8f, 0xe3, 0x00, 0x00, 0x00,
    0x00, 0x00, 0x00, 0x07, 0x20, 0x00, 0x00, 0x00,
    0x00, 0x00, 0x00, 0x00, 0x00, 0x00, 0x00, 0x00,
    0x0d, 0xff, 0xf1, 0x00, 0x00, 0x5f, 0xff, 0x70,
    0x05, 0xff, 0xf9, 0x00, 0x00, 0xdf, 0xfe, 0x00,
    0x00, 0xcf, 0xff, 0x20, 0x05, 0xff, 0xf7, 0x00,
    0x00, 0x4f, 0xff, 0x90, 0x0d, 0xff, 0xe0, 0x00,
    0x00, 0x0c, 0xff, 0xf2, 0x5f, 0xff, 0x60, 0x00,
    0x00, 0x04, 0xff, 0xf9, 0xdf, 0xfe, 0x00, 0x00,
    0x00, 0x00, 0xcf, 0xff, 0xff, 0xf6, 0x00, 0x00,
    0x00, 0x00, 0x3f, 0xff, 0xff, 0xd0, 0x00, 0x00,
    0x00, 0x00, 0x0b, 0xff, 0xff, 0x50, 0x00, 0x00,
    0x00, 0x00, 0x03, 0xff, 0xfd, 0x00, 0x00, 0x00,
    0x00, 0x00, 0x00, 0xff, 0xf9, 0x00, 0x00, 0x00,
    0x00, 0x00, 0x00, 0xff, 0xf9, 0x00, 0x00, 0x00,
    0x00, 0x00, 0x00, 0xff, 0xf9, 0x00, 0x00, 0x00,
    0x00, 0x00, 0x00, 0xff, 0xf9, 0x00, 0x00, 0x00,
    0x00, 0x00, 0x00, 0xff, 0xf9, 0x00, 0x00, 0x00,

    /* U+00DE "Þ" */
    0xef, 0xfb, 0x00, 0x00, 0x00, 0x00,
    0xef, 0xfb, 0x00, 0x00, 0x00, 0x00,
    0xef, 0xff, 0xff, 0xfc, 0x60, 0x00,
    0xef, 0xff, 0xff, 0xff, 0xfc, 0x00,
    0xef, 0xff, 0xff, 0xff, 0xff, 0x90,
    0xef, 0xfd, 0x77, 0xaf, 0xff, 0xf1,
    0xef, 0xfb, 0x00, 0x08, 0xff, 0xf5,
    0xef, 0xfb, 0x00, 0x04, 0xff, 0xf6,
    0xef, 0xfb, 0x00, 0x07, 0xff, 0xf5,
    0xef, 0xfd, 0x66, 0x9f, 0xff, 0xf1,
    0xef, 0xff, 0xff, 0xff, 0xff, 0xa0,
    0xef, 0xff, 0xff, 0xff, 0xfc, 0x00,
    0xef, 0xff, 0xff, 0xfc, 0x60, 0x00,
    0xef, 0xfb, 0x00, 0x00, 0x00, 0x00,
    0xef, 0xfb, 0x00, 0x00, 0x00, 0x00,

    /* U+00DF "ß" */
    0x00, 0x05, 0xbe, 0xff, 0xc6, 0x00, 0x00,
    0x00, 0xaf, 0xff, 0xff, 0xff, 0xc0, 0x00,
    0x06, 0xff, 0xff, 0xff, 0xff, 0xf7, 0x00,
    0x0d, 0xff, 0xf8, 0x59, 0xff, 0xfa, 0x00,
    0x0f, 0xff, 0xa0, 0x00, 0xff, 0xf7, 0x00,
    0x1f, 0xff, 0x70, 0x07, 0xff, 0xd0, 0x00,
    0x1f, 0xff, 0x70, 0x4f, 0xff, 0x10, 0x00,
    0x1f, 0xff, 0x70, 0x9f, 0xff, 0x20, 0x00,
    0x1f, 0xff, 0x70, 0x4f, 0xff, 0xf5, 0x00,
    0x1f, 0xff, 0x70, 0x05, 0xff, 0xff, 0x50,
    0x1f, 0xff, 0x70, 0x00, 0x1d, 0xff, 0xe0,
    0x1f, 0xff, 0x70, 0xa3, 0x07, 0xff, 0xf2,
    0x1f, 0xff, 0x79, 0xff, 0xcf, 0xff, 0xf1,
    0x1f, 0xff, 0x78, 0xff, 0xff, 0xff, 0x90,
    0x1f, 0xff, 0x70, 0x5b, 0xff, 0xd7, 0x00,

    /* U+00E0 "à" */
    0x00, 0x06, 0x70, 0x00, 0x00, 0x00,
    0x00, 0x6f, 0xf8, 0x00, 0x00, 0x00,
    0x00, 0x1d, 0xff, 0x90, 0x00, 0x00,
    0x00, 0x01, 0xcf, 0xf4, 0x00, 0x00,
    0x00, 0x00, 0x0b, 0x60, 0x00, 0x00,
    0x00, 0x00, 0x00, 0x00, 0x00, 0x00,
    0x01, 0x6b, 0xef, 0xfc, 0x50, 0x00,
    0x09, 0xff, 0xff, 0xff, 0xf7, 0x00,
    0x03, 0xff, 0xff, 0xff, 0xff, 0x10,
    0x00, 0x62, 0x00, 0x7f, 0xff, 0x50,
    0x01, 0x9e, 0xfe, 0xaf, 0xff, 0x60,
    0x0d, 0xff, 0xff, 0xff, 0xff, 0x60,
    0x6f, 0xff, 0xc7, 0xcf, 0xff, 0x60,
    0x9f, 0xff, 0x20, 0x2f, 0xff, 0x60,
    0x6f, 0xff, 0xb6, 0xbf, 0xff, 0x60,
    0x0e, 0xff, 0xff, 0xff, 0xff, 0x60,
    0x01, 0xae, 0xfd, 0x8b, 0xff, 0x60,

    /* U+00E1 "á" */
    0x00, 0x00, 0x00, 0x1a, 0x20, 0x00,
    0x00, 0x00, 0x01, 0xdf, 0xe1, 0x00,
    0x00, 0x00, 0x2e, 0xff, 0x80, 0x00,
    0x00, 0x00, 0xaf, 0xf7, 0x00, 0x00,
    0x00, 0x00, 0x0c, 0x50, 0x00, 0x00,
    0x00, 0x00, 0x00, 0x00, 0x00, 0x00,
    0x01, 0x6b, 0xef, 0xfc, 0x50, 0x00,
    0x09, 0xff, 0xff, 0xff, 0xf7, 0x00,
    0x03, 0xff, 0xff, 0xff, 0xff, 0x10,
    0x00, 0x62, 0x00, 0x7f, 0xff, 0x50,
    0x01, 0x9e, 0xfe, 0xaf, 0xff, 0x60,
    0x0d, 0xff, 0xff, 0xff, 0xff, 0x60,
    0x6f, 0xff, 0xc7, 0xcf, 0xff, 0x60,
    0x9f, 0xff, 0x20, 0x2f, 0xff, 0x60,
    0x6f, 0xff, 0xb6, 0xbf, 0xff, 0x60,
    0x0e, 0xff, 0xff, 0xff, 0xff, 0x60,
    0x01, 0xae, 0xfd, 0x8b, 0xff, 0x60,

    /* U+00E2 "â" */
    0x00, 0x00, 0x0a, 0x50, 0x00, 0x00,
    0x00, 0x01, 0xcf, 0xf7, 0x00, 0x00,
    0x00, 0x1d, 0xff, 0xff, 0x80, 0x00,
    0x00, 0x5f, 0xf7, 0xcf, 0xe1, 0x00,
    0x00, 0x05, 0x50, 0x0a, 0x20, 0x00,
    0x00, 0x00, 0x00, 0x00, 0x00, 0x00,
    0x01, 0x6b, 0xef, 0xfc, 0x50, 0x00,
    0x09, 0xff, 0xff, 0xff, 0xf7, 0x00,
    0x03, 0xff, 0xff, 0xff, 0xff, 0x10,
    0x00, 0x62, 0x00, 0x7f, 0xff, 0x50,
    0x01, 0x9e, 0xfe, 0xaf, 0xff, 0x60,
    0x0d, 0xff, 0xff, 0xff, 0xff, 0x60,
    0x6f, 0xff, 0xc7, 0xcf, 0xff, 0x60,
    0x9f, 0xff, 0x20, 0x2f, 0xff, 0x60,
    0x6f, 0xff, 0xb6, 0xbf, 0xff, 0x60,
    0x0e, 0xff, 0xff, 0xff, 0xff, 0x60,
    0x01, 0xae, 0xfd, 0x8b, 0xff, 0x60,

    /* U+00E3 "ã" */
    0x00, 0x3d, 0xfa, 0x15, 0xb2, 0x00,
    0x01, 0xef, 0xff, 0xff, 0xfe, 0x00,
    0x03, 0xef, 0xce, 0xff, 0xf6, 0x00,
    0x00, 0x06, 0x00, 0x79, 0x40, 0x00,
    0x00, 0x00, 0x00, 0x00, 0x00, 0x00,
    0x01, 0x6b, 0xef, 0xfc, 0x50, 0x00,
    0x09, 0xff, 0xff, 0xff, 0xf7, 0x00,
    0x03, 0xff, 0xff, 0xff, 0xff, 0x10,
    0x00, 0x62, 0x00, 0x7f, 0xff, 0x50,
    0x01, 0x9e, 0xfe, 0xaf, 0xff, 0x60,
    0x0d, 0xff, 0xff, 0xff, 0xff, 0x60,
    0x6f, 0xff, 0xc7, 0xcf, 0xff, 0x60,
    0x9f, 0xff, 0x20, 0x2f, 0xff, 0x60,
    0x6f, 0xff, 0xb6, 0xbf, 0xff, 0x60,
    0x0e, 0xff, 0xff, 0xff, 0xff, 0x60,
    0x01, 0xae, 0xfd, 0x8b, 0xff, 0x60,

    /* U+00E4 "ä" */
    0x00, 0x9f, 0xb0, 0x3e, 0xe5, 0x00,
    0x04, 0xff, 0xf6, 0xbf, 0xfe, 0x00,
    0x02, 0xff, 0xf4, 0xaf, 0xfc, 0x00,
    0x00, 0x5b, 0x70, 0x1a, 0xa2, 0x00,
    0x00, 0x00, 0x00, 0x00, 0x00, 0x00,
    0x01, 0x6b, 0xef, 0xfc, 0x50, 0x00,
    0x09, 0xff, 0xff, 0xff, 0xf7, 0x00,
    0x03, 0xff, 0xff, 0xff, 0xff, 0x10,
    0x00, 0x62, 0x00, 0x7f, 0xff, 0x50,
    0x01, 0x9e, 0xfe, 0xaf, 0xff, 0x60,
    0x0d, 0xff, 0xff, 0xff, 0xff, 0x60,
    0x6f, 0xff, 0xc7, 0xcf, 0xff, 0x60,
    0x9f, 0xff, 0x20, 0x2f, 0xff, 0x60,
    0x6f, 0xff, 0xb6, 0xbf, 0xff, 0x60,
    0x0e, 0xff, 0xff, 0xff, 0xff, 0x60,
    0x01, 0xae, 0xfd, 0x8b, 0xff, 0x60,

    /* U+00E5 "å" */
    0x00, 0x00, 0x8d, 0xc4, 0x00, 0x00,
    0x00, 0x07, 0xff, 0xff, 0x20, 0x00,
    0x00, 0x0c, 0xf4, 0x9f, 0x60, 0x00,
    0x00, 0x0c, 0xf4, 0x9f, 0x70, 0x00,
    0x00, 0x07, 0xff, 0xff, 0x20, 0x00,
    0x00, 0x00, 0x8d, 0xc4, 0x00, 0x00,
    0x00, 0x00, 0x00, 0x00, 0x00, 0x00,
    0x01, 0x6b, 0xef, 0xfc, 0x50, 0x00,
    0x09, 0xff, 0xff, 0xff, 0xf7, 0x00,
    0x03, 0xff, 0xff, 0xff, 0xff, 0x10,
    0x00, 0x62, 0x00, 0x7f, 0xff, 0x50,
    0x01, 0x9e, 0xfe, 0xaf, 0xff, 0x60,
    0x0d, 0xff, 0xff, 0xff, 0xff, 0x60,
    0x6f, 0xff, 0xc7, 0xcf, 0xff, 0x60,
    0x9f, 0xff, 0x20, 0x2f, 0xff, 0x60,
    0x6f, 0xff, 0xb6, 0xbf, 0xff, 0x60,
    0x0e, 0xff, 0xff, 0xff, 0xff, 0x60,
    0x01, 0xae, 0xfd, 0x8b, 0xff, 0x60,

    /* U+00E6 "æ" */
    0x00, 0x6b, 0xef, 0xeb, 0x33, 0xbf, 0xfd, 0x81, 0x00,
    0x07, 0xff, 0xff, 0xff, 0xff, 0xff, 0xff, 0xfd, 0x10,
    0x01, 0xff, 0xff, 0xff, 0xff, 0xff, 0xef, 0xff, 0xb0,
    0x00, 0x52, 0x00, 0x7f, 0xff, 0xc1, 0x03, 0xff, 0xf1,
    0x01, 0x9e, 0xfe, 0xbf, 0xff, 0xff, 0xff, 0xff, 0xf4,
    0x0d, 0xff, 0xff, 0xff, 0xff, 0xff, 0xff, 0xff, 0xf5,
    0x6f, 0xff, 0xb5, 0xaf, 0xff, 0x95, 0x55, 0x65, 0x51,
    0x9f, 0xff, 0x30, 0x2f, 0xff, 0xb0, 0x00, 0xbd, 0x30,
    0x6f, 0xff, 0xc7, 0xcf, 0xff, 0xff, 0xdf, 0xff, 0xe0,
    0x0d, 0xff, 0xff, 0xff, 0x9f, 0xff, 0xff, 0xff, 0x40,
    0x01, 0x9e, 0xfe, 0xb3, 0x03, 0xbe, 0xfe, 0x92, 0x00,

    /* U+00E7 "ç" */
    0x00, 0x07, 0xdf, 0xfc, 0x70, 0x00,
    0x01, 0xdf, 0xff, 0xff, 0xfc, 0x10,
    0x0c, 0xff, 0xff, 0xff, 0xff, 0xa0,
    0x3f, 0xff, 0xe8, 0x8e, 0xff, 0x80,
    0x7f, 0xff, 0x40, 0x03, 0x70, 0x00,
    0x9f, 0xff, 0x00, 0x00, 0x00, 0x00,
    0x7f, 0xff, 0x30, 0x02, 0x40, 0x00,
    0x3f, 0xff, 0xe6, 0x6d, 0xfd, 0x70,
    0x0c, 0xff, 0xff, 0xff, 0xff, 0xb0,
    0x01, 0xdf, 0xff, 0xff, 0xfd, 0x10,
    0x00, 0x07, 0xef, 0xfd, 0x70, 0x00,
    0x00, 0x00, 0xaf, 0xe6, 0x00, 0x00,
    0x00, 0x00, 0x9b, 0xff, 0x10, 0x00,
    0x00, 0x05, 0x97, 0xef, 0x20, 0x00,
    0x00, 0x0a, 0xff, 0xfa, 0x00, 0x00,
    0x00, 0x00, 0x35, 0x30, 0x00, 0x00,

    /* U+00E8 "è" */
    0x00, 0x06, 0x70, 0x00, 0x00, 0x00,
    0x00, 0x5f, 0xf9, 0x00, 0x00, 0x00,
    0x00, 0x1c, 0xff, 0xa0, 0x00, 0x00,
    0x00, 0x00, 0xbf, 0xf5, 0x00, 0x00,
    0x00, 0x00, 0x0a, 0x70, 0x00, 0x00,
    0x00, 0x00, 0x00, 0x00, 0x00, 0x00,
    0x00, 0x08, 0xdf, 0xfc, 0x60, 0x00,
    0x01, 0xdf, 0xff, 0xff, 0xfb, 0x00,
    0x0c, 0xff, 0xfc, 0xcf, 0xff, 0x80,
    0x3f, 0xff, 0x20, 0x04, 0xff, 0xf0,
    0x7f, 0xff, 0xff, 0xff, 0xff, 0xf3,
    0x9f, 0xff, 0xff, 0xff, 0xff, 0xf4,
    0x8f, 0xfd, 0x66, 0x66, 0x66, 0x61,
    0x4f, 0xff, 0x20, 0x01, 0xc8, 0x00,
    0x0d, 0xff, 0xfc, 0xbf, 0xff, 0xb0,
    0x02, 0xef, 0xff, 0xff, 0xfd, 0x10,
    0x00, 0x18, 0xdf, 0xfc, 0x70, 0x00,

    /* U+00E9 "é" */
    0x00, 0x00, 0x00, 0x0a, 0x20, 0x00,
    0x00, 0x00, 0x01, 0xcf, 0xe1, 0x00,
    0x00, 0x00, 0x2d, 0xff, 0x80, 0x00,
    0x00, 0x00, 0xaf, 0xf7, 0x00, 0x00,
    0x00, 0x00, 0x0b, 0x60, 0x00, 0x00,
    0x00, 0x00, 0x00, 0x00, 0x00, 0x00,
    0x00, 0x08, 0xdf, 0xfc, 0x60, 0x00,
    0x01, 0xdf, 0xff, 0xff, 0xfb, 0x00,
    0x0c, 0xff, 0xfc, 0xcf, 0xff, 0x80,
    0x3f, 0xff, 0x20, 0x04, 0xff, 0xf0,
    0x7f, 0xff, 0xff, 0xff, 0xff, 0xf3,
    0x9f, 0xff, 0xff, 0xff, 0xff, 0xf4,
    0x8f, 0xfd, 0x66, 0x66, 0x66, 0x61,
    0x4f, 0xff, 0x20, 0x01, 0xc8, 0x00,
    0x0d, 0xff, 0xfc, 0xbf, 0xff, 0xb0,
    0x02, 0xef, 0xff, 0xff, 0xfd, 0x10,
    0x00, 0x18, 0xdf, 0xfc, 0x70, 0x00,

    /* U+00EA "ê" */
    0x00, 0x00, 0x09, 0x60, 0x00, 0x00,
    0x00, 0x00, 0xbf, 0xf7, 0x00, 0x00,
    0x00, 0x1c, 0xff, 0xff, 0x90, 0x00,
    0x00, 0x5f, 0xf7, 0xcf, 0xe1, 0x00,
    0x00, 0x04, 0x50, 0x0a, 0x20, 0x00,
    0x00, 0x00, 0x00, 0x00, 0x00, 0x00,
    0x00, 0x08, 0xdf, 0xfc, 0x60, 0x00,
    0x01, 0xdf, 0xff, 0xff, 0xfb, 0x00,
    0x0c, 0xff, 0xfc, 0xcf, 0xff, 0x80,
    0x3f, 0xff, 0x20, 0x04, 0xff, 0xf0,
    0x7f, 0xff, 0xff, 0xff, 0xff, 0xf3,
    0x9f, 0xff, 0xff, 0xff, 0xff, 0xf4,
    0x8f, 0xfd, 0x66, 0x66, 0x66, 0x61,
    0x4f, 0xff, 0x20, 0x01, 0xc8, 0x00,
    0x0d, 0xff, 0xfc, 0xbf, 0xff, 0xb0,
    0x02, 0xef, 0xff, 0xff, 0xfd, 0x10,
    0x00, 0x18, 0xdf, 0xfc, 0x70, 0x00,

    /* U+00EB "ë" */
    0x00, 0x9f, 0xb0, 0x3e, 0xe5, 0x00,
    0x03, 0xff, 0xf6, 0xbf, 0xfe, 0x00,
    0x02, 0xff, 0xf5, 0x9f, 0xfd, 0x00,
    0x00, 0x5b, 0x70, 0x19, 0xa2, 0x00,
    0x00, 0x00, 0x00, 0x00, 0x00, 0x00,
    0x00, 0x08, 0xdf, 0xfc, 0x60, 0x00,
    0x01, 0xdf, 0xff, 0xff, 0xfb, 0x00,
    0x0c, 0xff, 0xfc, 0xcf, 0xff, 0x80,
    0x3f, 0xff, 0x20, 0x04, 0xff, 0xf0,
    0x7f, 0xff, 0xff, 0xff, 0xff, 0xf3,
    0x9f, 0xff, 0xff, 0xff, 0xff, 0xf4,
    0x8f, 0xfd, 0x66, 0x66, 0x66, 0x61,
    0x4f, 0xff, 0x20, 0x01, 0xc8, 0x00,
    0x0d, 0xff, 0xfc, 0xbf, 0xff, 0xb0,
    0x02, 0xef, 0xff, 0xff, 0xfd, 0x10,
    0x00, 0x18, 0xdf, 0xfc, 0x70, 0x00,

    /* U+00EC "ì" */
    0x00, 0x00, 0x00,
    0x0a, 0xb0, 0x00,
    0x6f, 0xfc, 0x10,
    0x09, 0xff, 0xd2,
    0x00, 0x7f, 0xf3,
    0x00, 0x06, 0x30,
    0x00, 0x00, 0x00,
    0x00, 0xef, 0xfa,
    0x00, 0xef, 0xfa,
    0x00, 0xef, 0xfa,
    0x00, 0xef, 0xfa,
    0x00, 0xef, 0xfa,
    0x00, 0xef, 0xfa,
    0x00, 0xef, 0xfa,
    0x00, 0xef, 0xfa,
    0x00, 0xef, 0xfa,
    0x00, 0xef, 0xfa,
    0x00, 0xef, 0xfa,

    /* U+00ED "í" */
    0x00, 0x00, 0x00,
    0x00, 0x2e, 0x60,
    0x03, 0xef, 0xf2,
    0x4f, 0xff, 0x50,
    0x7f, 0xf4, 0x00,
    0x07, 0x30, 0x00,
    0x00, 0x00, 0x00,
    0xef, 0xfa, 0x00,
    0xef, 0xfa, 0x00,
    0xef, 0xfa, 0x00,
    0xef, 0xfa, 0x00,
    0xef, 0xfa, 0x00,
    0xef, 0xfa, 0x00,
    0xef, 0xfa, 0x00,
    0xef, 0xfa, 0x00,
    0xef, 0xfa, 0x00,
    0xef, 0xfa, 0x00,
    0xef, 0xfa, 0x00,

    /* U+00EE "î" */
    0x00, 0x04, 0x20, 0x00,
    0x00, 0x5f, 0xe2, 0x00,
    0x05, 0xff, 0xfe, 0x20,
    0x1f, 0xfd, 0xef, 0xb0,
    0x03, 0xc1, 0x29, 0x00,
    0x00, 0x00, 0x00, 0x00,
    0x00, 0xef, 0xfa, 0x00,
    0x00, 0xef, 0xfa, 0x00,
    0x00, 0xef, 0xfa, 0x00,
    0x00, 0xef, 0xfa, 0x00,
    0x00, 0xef, 0xfa, 0x00,
    0x00, 0xef, 0xfa, 0x00,
    0x00, 0xef, 0xfa, 0x00,
    0x00, 0xef, 0xfa, 0x00,
    0x00, 0xef, 0xfa, 0x00,
    0x00, 0xef, 0xfa, 0x00,
    0x00, 0xef, 0xfa, 0x00,

    /* U+00EF "ï" */
    0x06, 0xfd, 0x35, 0xee, 0x40,
    0x0f, 0xff, 0xad, 0xff, 0xc0,
    0x0e, 0xff, 0x9c, 0xff, 0xb0,
    0x03, 0xb9, 0x12, 0xaa, 0x10,
    0x00, 0x00, 0x00, 0x00, 0x00,
    0x00, 0x0e, 0xff, 0xa0, 0x00,
    0x00, 0x0e, 0xff, 0xa0, 0x00,
    0x00, 0x0e, 0xff, 0xa0, 0x00,
    0x00, 0x0e, 0xff, 0xa0, 0x00,
    0x00, 0x0e, 0xff, 0xa0, 0x00,
    0x00, 0x0e, 0xff, 0xa0, 0x00,
    0x00, 0x0e, 0xff, 0xa0, 0x00,
    0x00, 0x0e, 0xff, 0xa0, 0x00,
    0x00, 0x0e, 0xff, 0xa0, 0x00,
    0x00, 0x0e, 0xff, 0xa0, 0x00,
    0x00, 0x0e, 0xff, 0xa0, 0x00,

    /* U+00F0 "ð" */
    0x00, 0x00, 0x00, 0x01, 0x00, 0x00,
    0x00, 0xae, 0xa5, 0x3e, 0x80, 0x00,
    0x02, 0xff, 0xff, 0xff, 0xf2, 0x00,
    0x03, 0xaf, 0xff, 0xff, 0xc0, 0x00,
    0x00, 0x08, 0xff, 0xff, 0xfa, 0x00,
    0x00, 0x0d, 0xfc, 0x7f, 0xff, 0x60,
    0x00, 0x02, 0x90, 0x06, 0xff, 0xe0,
    0x00, 0x19, 0xef, 0xe8, 0xdf, 0xf4,
    0x02, 0xef, 0xff, 0xff, 0xff, 0xf9,
    0x0d, 0xff, 0xff, 0xff, 0xff, 0xfb,
    0x3f, 0xff, 0xb2, 0x19, 0xff, 0xfb,
    0x5f, 0xff, 0x20, 0x00, 0xef, 0xfa,
    0x5f, 0xff, 0x20, 0x00, 0xef, 0xf7,
    0x2f, 0xff, 0xb1, 0x08, 0xff, 0xf3,
    0x0b, 0xff, 0xff, 0xff, 0xff, 0xa0,
    0x01, 0xdf, 0xff, 0xff, 0xfd, 0x10,
    0x00, 0x08, 0xdf, 0xfc, 0x70, 0x00,

    /* U+00F1 "ñ" */
    0x00, 0xaf, 0xc4, 0x1c, 0x50, 0x00,
    0x0a, 0xff, 0xff, 0xff, 0xf4, 0x00,
    0x0c, 0xfd, 0xcf, 0xff, 0xb0, 0x00,
    0x00, 0x51, 0x05, 0xa7, 0x00, 0x00,
    0x00, 0x00, 0x00, 0x00, 0x00, 0x00,
    0xff, 0xd0, 0x7d, 0xff, 0xa1, 0x00,
    0xff, 0xfe, 0xff, 0xff, 0xfb, 0x00,
    0xff, 0xff, 0xff, 0xff, 0xff, 0x10,
    0xff, 0xff, 0xd8, 0xcf, 0xff, 0x40,
    0xff, 0xfb, 0x00, 0x4f, 0xff, 0x40,
    0xff, 0xfa, 0x00, 0x4f, 0xff, 0x50,
    0xff, 0xfa, 0x00, 0x4f, 0xff, 0x50,
    0xff, 0xfa, 0x00, 0x4f, 0xff, 0x50,
    0xff, 0xfa, 0x00, 0x4f, 0xff, 0x50,
    0xff, 0xfa, 0x00, 0x4f, 0xff, 0x50,
    0xff, 0xfa, 0x00, 0x4f, 0xff, 0x50,

    /* U+00F2 "ò" */
    0x00, 0x02, 0xa0, 0x00, 0x00, 0x00,
    0x00, 0x2e, 0xfc, 0x10, 0x00, 0x00,
    0x00, 0x09, 0xff, 0xd1, 0x00, 0x00,
    0x00, 0x00, 0x8f, 0xf9, 0x00, 0x00,
    0x00, 0x00, 0x06, 0xb0, 0x00, 0x00,
    0x00, 0x00, 0x00, 0x00, 0x00, 0x00,
    0x00, 0x06, 0xcf, 0xfd, 0x91, 0x00,
    0x01, 0xcf, 0xff, 0xff, 0xfe, 0x30,
    0x0b, 0xff, 0xff, 0xff, 0xff, 0xe1,
    0x3f, 0xff, 0xf9, 0x8d, 0xff, 0xf8,
    0x7f, 0xff, 0x50, 0x01, 0xff, 0xfc,
    0x8f, 0xff, 0x10, 0x00, 0xcf, 0xfd,
    0x7f, 0xff, 0x50, 0x01, 0xff, 0xfc,
    0x3f, 0xff, 0xf9, 0x8d, 0xff, 0xf8,
    0x0b, 0xff, 0xff, 0xff, 0xff, 0xf1,
    0x01, 0xcf, 0xff, 0xff, 0xff, 0x40,
    0x00, 0x07, 0xcf, 0xfd, 0x91, 0x00,

    /* U+00F3 "ó" */
    0x00, 0x00, 0x00, 0x08, 0x50, 0x00,
    0x00, 0x00, 0x00, 0x9f, 0xf4, 0x00,
    0x00, 0x00, 0x0a, 0xff, 0xc1, 0x00,
    0x00, 0x00, 0x5f, 0xfb, 0x00, 0x00,
    0x00, 0x00, 0x08, 0xa0, 0x00, 0x00,
    0x00, 0x00, 0x00, 0x00, 0x00, 0x00,
    0x00, 0x06, 0xcf, 0xfd, 0x91, 0x00,
    0x01, 0xcf, 0xff, 0xff, 0xfe, 0x30,
    0x0b, 0xff, 0xff, 0xff, 0xff, 0xe1,
    0x3f, 0xff, 0xf9, 0x8d, 0xff, 0xf8,
    0x7f, 0xff, 0x50, 0x01, 0xff, 0xfc,
    0x8f, 0xff, 0x10, 0x00, 0xcf, 0xfd,
    0x7f, 0xff, 0x50, 0x01, 0xff, 0xfc,
    0x3f, 0xff, 0xf9, 0x8d, 0xff, 0xf8,
    0x0b, 0xff, 0xff, 0xff, 0xff, 0xf1,
    0x01, 0xcf, 0xff, 0xff, 0xff, 0x40,
    0x00, 0x07, 0xcf, 0xfd, 0x91, 0x00,

    /* U+00F4 "ô" */
    0x00, 0x00, 0x06, 0x90, 0x00, 0x00,
    0x00, 0x00, 0x7f, 0xfb, 0x00, 0x00,
    0x00, 0x09, 0xff, 0xff, 0xc1, 0x00,
    0x00, 0x1e, 0xfb, 0x8f, 0xf4, 0x00,
    0x00, 0x01, 0x80, 0x07, 0x50, 0x00,
    0x00, 0x00, 0x00, 0x00, 0x00, 0x00,
    0x00, 0x06, 0xcf, 0xfd, 0x91, 0x00,
    0x01, 0xcf, 0xff, 0xff, 0xfe, 0x30,
    0x0b, 0xff, 0xff, 0xff, 0xff, 0xe1,
    0x3f, 0xff, 0xf9, 0x8d, 0xff, 0xf8,
    0x7f, 0xff, 0x50, 0x01, 0xff, 0xfc,
    0x8f, 0xff, 0x10, 0x00, 0xcf, 0xfd,
    0x7f, 0xff, 0x50, 0x01, 0xff, 0xfc,
    0x3f, 0xff, 0xf9, 0x8d, 0xff, 0xf8,
    0x0b, 0xff, 0xff, 0xff, 0xff, 0xf1,
    0x01, 0xcf, 0xff, 0xff, 0xff, 0x40,
    0x00, 0x07, 0xcf, 0xfd, 0x91, 0x00,

    /* U+00F5 "õ" */
    0x00, 0x0a, 0xfc, 0x41, 0xc5, 0x00,
    0x00, 0xaf, 0xff, 0xff, 0xff, 0x40,
    0x00, 0xcf, 0xdc, 0xff, 0xfb, 0x00,
    0x00, 0x05, 0x10, 0x5a, 0x70, 0x00,
    0x00, 0x00, 0x00, 0x00, 0x00, 0x00,
    0x00, 0x06, 0xcf, 0xfd, 0x91, 0x00,
    0x01, 0xcf, 0xff, 0xff, 0xfe, 0x30,
    0x0b, 0xff, 0xff, 0xff, 0xff, 0xe1,
    0x3f, 0xff, 0xf9, 0x8d, 0xff, 0xf8,
    0x7f, 0xff, 0x50, 0x01, 0xff, 0xfc,
    0x8f, 0xff, 0x10, 0x00, 0xcf, 0xfd,
    0x7f, 0xff, 0x50, 0x01, 0xff, 0xfc,
    0x3f, 0xff, 0xf9, 0x8d, 0xff, 0xf8,
    0x0b, 0xff, 0xff, 0xff, 0xff, 0xf1,
    0x01, 0xcf, 0xff, 0xff, 0xff, 0x40,
    0x00, 0x07, 0xcf, 0xfd, 0x91, 0x00,

    /* U+00F6 "ö" */
    0x00, 0x5e, 0xd3, 0x0b, 0xf9, 0x00,
    0x00, 0xef, 0xfb, 0x6f, 0xff, 0x30,
    0x00, 0xdf, 0xfa, 0x5f, 0xff, 0x20,
    0x00, 0x2a, 0x91, 0x07, 0xb5, 0x00,
    0x00, 0x00, 0x00, 0x00, 0x00, 0x00,
    0x00, 0x06, 0xcf, 0xfd, 0x91, 0x00,
    0x01, 0xcf, 0xff, 0xff, 0xfe, 0x30,
    0x0b, 0xff, 0xff, 0xff, 0xff, 0xe1,
    0x3f, 0xff, 0xf9, 0x8d, 0xff, 0xf8,
    0x7f, 0xff, 0x50, 0x01, 0xff, 0xfc,
    0x8f, 0xff, 0x10, 0x00, 0xcf, 0xfd,
    0x7f, 0xff, 0x50, 0x01, 0xff, 0xfc,
    0x3f, 0xff, 0xf9, 0x8d, 0xff, 0xf8,
    0x0b, 0xff, 0xff, 0xff, 0xff, 0xf1,
    0x01, 0xcf, 0xff, 0xff, 0xff, 0x40,
    0x00, 0x07, 0xcf, 0xfd, 0x91, 0x00,

    /* U+00F7 "÷" */
    0x00, 0x00, 0x02, 0x31, 0x00, 0x00, 0x00,
    0x00, 0x00, 0x9f, 0xff, 0x40, 0x00, 0x00,
    0x00, 0x02, 0xff, 0xff, 0xc0, 0x00, 0x00,
    0x00, 0x01, 0xff, 0xff, 0xb0, 0x00, 0x00,
    0x00, 0x00, 0x6e, 0xfc, 0x20, 0x00, 0x00,
    0x27, 0x77, 0x77, 0x77, 0x77, 0x77, 0x10,
    0x6f, 0xff, 0xff, 0xff, 0xff, 0xff, 0x20,
    0x6f, 0xff, 0xff, 0xff, 0xff, 0xff, 0x20,
    0x6f, 0xff, 0xff, 0xff, 0xff, 0xff, 0x20,
    0x00, 0x00, 0x02, 0x31, 0x00, 0x00, 0x00,
    0x00, 0x00, 0x9f, 0xff, 0x40, 0x00, 0x00,
    0x00, 0x02, 0xff, 0xff, 0xc0, 0x00, 0x00,
    0x00, 0x01, 0xff, 0xff, 0xb0, 0x00, 0x00,
    0x00, 0x00, 0x5e, 0xfc, 0x20, 0x00, 0x00,

    /* U+00F8 "ø" */
    0x00, 0x00, 0x00, 0x00, 0x04, 0x00,
    0x00, 0x07, 0xcf, 0xfd, 0xaf, 0xc1,
    0x01, 0xcf, 0xff, 0xff, 0xff, 0xd0,
    0x0b, 0xff, 0xff, 0xff, 0xff, 0xe1,
    0x3f, 0xff, 0x92, 0xcf, 0xff, 0xf8,
    0x7f, 0xfc, 0x08, 0xff, 0xdf, 0xfc,
    0x8f, 0xf9, 0x5f, 0xfa, 0x4f, 0xfd,
    0x7f, 0xfd, 0xff, 0xd0, 0x7f, 0xfc,
    0x3f, 0xff, 0xff, 0x36, 0xff, 0xf8,
    0x0b, 0xff, 0xff, 0xff, 0xff, 0xf1,
    0x08, 0xff, 0xff, 0xff, 0xff, 0x40,
    0x06, 0xfc, 0xcf, 0xfd, 0x91, 0x00,
    0x00, 0x30, 0x00, 0x00, 0x00, 0x00,

    /* U+00F9 "ù" */
    0x00, 0x00, 0x00, 0x00, 0x00, 0x00,
    0x00, 0x07, 0xd1, 0x00, 0x00, 0x00,
    0x00, 0x3f, 0xfe, 0x20, 0x00, 0x00,
    0x00, 0x06, 0xff, 0xe3, 0x00, 0x00,
    0x00, 0x00, 0x5f, 0xf5, 0x00, 0x00,
    0x00, 0x00, 0x04, 0x50, 0x00, 0x00,
    0x00, 0x00, 0x00, 0x00, 0x00, 0x00,
    0x1f, 0xff, 0x70, 0x07, 0xff, 0xf2,
    0x1f, 0xff, 0x70, 0x07, 0xff, 0xf2,
    0x1f, 0xff, 0x70, 0x07, 0xff, 0xf2,
    0x1f, 0xff, 0x70, 0x07, 0xff, 0xf2,
    0x1f, 0xff, 0x70, 0x07, 0xff, 0xf2,
    0x1f, 0xff, 0x70, 0x07, 0xff, 0xf2,
    0x1f, 0xff, 0x80, 0x08, 0xff, 0xf2,
    0x0f, 0xff, 0xe7, 0xaf, 0xff, 0xf2,
    0x0d, 0xff, 0xff, 0xff, 0xff, 0xf2,
    0x07, 0xff, 0xff, 0xff, 0xff, 0xf2,
    0x00, 0x7d, 0xfe, 0x91, 0xaf, 0xf2,

    /* U+00FA "ú" */
    0x00, 0x00, 0x00, 0x00, 0x00, 0x00,
    0x00, 0x00, 0x00, 0x1d, 0x80, 0x00,
    0x00, 0x00, 0x02, 0xef, 0xf4, 0x00,
    0x00, 0x00, 0x3e, 0xff, 0x70, 0x00,
    0x00, 0x00, 0x5f, 0xf5, 0x00, 0x00,
    0x00, 0x00, 0x05, 0x40, 0x00, 0x00,
    0x00, 0x00, 0x00, 0x00, 0x00, 0x00,
    0x1f, 0xff, 0x70, 0x07, 0xff, 0xf2,
    0x1f, 0xff, 0x70, 0x07, 0xff, 0xf2,
    0x1f, 0xff, 0x70, 0x07, 0xff, 0xf2,
    0x1f, 0xff, 0x70, 0x07, 0xff, 0xf2,
    0x1f, 0xff, 0x70, 0x07, 0xff, 0xf2,
    0x1f, 0xff, 0x70, 0x07, 0xff, 0xf2,
    0x1f, 0xff, 0x80, 0x08, 0xff, 0xf2,
    0x0f, 0xff, 0xe7, 0xaf, 0xff, 0xf2,
    0x0d, 0xff, 0xff, 0xff, 0xff, 0xf2,
    0x07, 0xff, 0xff, 0xff, 0xff, 0xf2,
    0x00, 0x7d, 0xfe, 0x91, 0xaf, 0xf2,

    /* U+00FB "û" */
    0x00, 0x00, 0x07, 0x80, 0x00, 0x00,
    0x00, 0x00, 0x9f, 0xfa, 0x00, 0x00,
    0x00, 0x0b, 0xff, 0xff, 0xc1, 0x00,
    0x00, 0x2e, 0xf9, 0x8f, 0xe3, 0x00,
    0x00, 0x02, 0x60, 0x06, 0x20, 0x00,
    0x00, 0x00, 0x00, 0x00, 0x00, 0x00,
    0x1f, 0xff, 0x70, 0x07, 0xff, 0xf2,
    0x1f, 0xff, 0x70, 0x07, 0xff, 0xf2,
    0x1f, 0xff, 0x70, 0x07, 0xff, 0xf2,
    0x1f, 0xff, 0x70, 0x07, 0xff, 0xf2,
    0x1f, 0xff, 0x70, 0x07, 0xff, 0xf2,
    0x1f, 0xff, 0x70, 0x07, 0xff, 0xf2,
    0x1f, 0xff, 0x80, 0x08, 0xff, 0xf2,
    0x0f, 0xff, 0xe7, 0xaf, 0xff, 0xf2,
    0x0d, 0xff, 0xff, 0xff, 0xff, 0xf2,
    0x07, 0xff, 0xff, 0xff, 0xff, 0xf2,
    0x00, 0x7d, 0xfe, 0x91, 0xaf, 0xf2,

    /* U+00FC "ü" */
    0x00, 0x7f, 0xd2, 0x1c, 0xf7, 0x00,
    0x00, 0xff, 0xf9, 0x8f, 0xff, 0x10,
    0x00, 0xef, 0xf8, 0x7f, 0xff, 0x00,
    0x00, 0x3b, 0x90, 0x08, 0xb4, 0x00,
    0x00, 0x00, 0x00, 0x00, 0x00, 0x00,
    0x1f, 0xff, 0x70, 0x07, 0xff, 0xf2,
    0x1f, 0xff, 0x70, 0x07, 0xff, 0xf2,
    0x1f, 0xff, 0x70, 0x07, 0xff, 0xf2,
    0x1f, 0xff, 0x70, 0x07, 0xff, 0xf2,
    0x1f, 0xff, 0x70, 0x07, 0xff, 0xf2,
    0x1f, 0xff, 0x70, 0x07, 0xff, 0xf2,
    0x1f, 0xff, 0x80, 0x08, 0xff, 0xf2,
    0x0f, 0xff, 0xe7, 0xaf, 0xff, 0xf2,
    0x0d, 0xff, 0xff, 0xff, 0xff, 0xf2,
    0x07, 0xff, 0xff, 0xff, 0xff, 0xf2,
    0x00, 0x7d, 0xfe, 0x91, 0xaf, 0xf2,

    /* U+00FD "ý" */
    0x00, 0x00, 0x00, 0x00, 0x00, 0x00, 0x00,
    0x00, 0x00, 0x00, 0x0b, 0xb0, 0x00, 0x00,
    0x00, 0x00, 0x01, 0xcf, 0xf7, 0x00, 0x00,
    0x00, 0x00, 0x1d, 0xff, 0x90, 0x00, 0x00,
    0x00, 0x00, 0x2e, 0xf8, 0x00, 0x00, 0x00,
    0x00, 0x00, 0x03, 0x70, 0x00, 0x00, 0x00,
    0x00, 0x00, 0x00, 0x00, 0x00, 0x00, 0x00,
    0xaf, 0xfe, 0x00, 0x00, 0x7f, 0xff, 0x10,
    0x3f, 0xff, 0x50, 0x00, 0xef, 0xfa, 0x00,
    0x0c, 0xff, 0xc0, 0x05, 0xff, 0xf4, 0x00,
    0x05, 0xff, 0xf3, 0x0c, 0xff, 0xd0, 0x00,
    0x00, 0xef, 0xfa, 0x2f, 0xff, 0x60, 0x00,
    0x00, 0x8f, 0xff, 0xbf, 0xff, 0x00, 0x00,
    0x00, 0x1f, 0xff, 0xff, 0xf8, 0x00, 0x00,
    0x00, 0x0a, 0xff, 0xff, 0xf2, 0x00, 0x00,
    0x00, 0x03, 0xff, 0xff, 0xb0, 0x00, 0x00,
    0x00, 0x00, 0xcf, 0xff, 0x40, 0x00, 0x00,
    0x00, 0x00, 0xbf, 0xfd, 0x00, 0x00, 0x00,
    0x00, 0x02, 0xff, 0xf7, 0x00, 0x00, 0x00,
    0x00, 0x09, 0xff, 0xf1, 0x00, 0x00, 0x00,
    0x00, 0x0f, 0xff, 0x90, 0x00, 0x00, 0x00,
    0x00, 0x6f, 0xff, 0x20, 0x00, 0x00, 0x00,

    /* U+00FE "þ" */
    0xff, 0xfa, 0x00, 0x00, 0x00, 0x00,
    0xff, 0xfa, 0x00, 0x00, 0x00, 0x00,
    0xff, 0xfa, 0x00, 0x00, 0x00, 0x00,
    0xff, 0xfa, 0x00, 0x00, 0x00, 0x00,
    0xff, 0xfc, 0xaf, 0xfd, 0x60, 0x00,
    0xff, 0xff, 0xff, 0xff, 0xfa, 0x00,
    0xff, 0xff, 0xff, 0xff, 0xff, 0x60,
    0xff, 0xff, 0x62, 0x6f, 0xff, 0xd0,
    0xff, 0xf9, 0x00, 0x0a, 0xff, 0xf0,
    0xff, 0xf8, 0x00, 0x08, 0xff, 0xf2,
    0xff, 0xfb, 0x00, 0x0c, 0xff, 0xf0,
    0xff, 0xff, 0xb7, 0xbf, 0xff, 0xd0,
    0xff, 0xff, 0xff, 0xff, 0xff, 0x60,
    0xff, 0xff, 0xff, 0xff, 0xfa, 0x00,
    0xff, 0xfc, 0xbf, 0xfd, 0x60, 0x00,
    0xff, 0xfa, 0x00, 0x00, 0x00, 0x00,
    0xff, 0xfa, 0x00, 0x00, 0x00, 0x00,
    0xff, 0xfa, 0x00, 0x00, 0x00, 0x00,
    0xff, 0xfa, 0x00, 0x00, 0x00, 0x00,

    /* U+00FF "ÿ" */
    0x00, 0x4e, 0xe4, 0x0b, 0xfa, 0x00, 0x00,
    0x00, 0xdf, 0xfc, 0x5f, 0xff, 0x40, 0x00,
    0x00, 0xcf, 0xfb, 0x3f, 0xff, 0x30, 0x00,
    0x00, 0x2a, 0xa1, 0x06, 0xb6, 0x00, 0x00,
    0x00, 0x00, 0x00, 0x00, 0x00, 0x00, 0x00,
    0xaf, 0xfe, 0x00, 0x00, 0x7f, 0xff, 0x10,
    0x3f, 0xff, 0x50, 0x00, 0xef, 0xfa, 0x00,
    0x0c, 0xff, 0xc0, 0x05, 0xff, 0xf4, 0x00,
    0x05, 0xff, 0xf3, 0x0c, 0xff, 0xd0, 0x00,
    0x00, 0xef, 0xfa, 0x2f, 0xff, 0x60, 0x00,
    0x00, 0x8f, 0xff, 0xbf, 0xff, 0x00, 0x00,
    0x00, 0x1f, 0xff, 0xff, 0xf8, 0x00, 0x00,
    0x00, 0x0a, 0xff, 0xff, 0xf2, 0x00, 0x00,
    0x00, 0x03, 0xff, 0xff, 0xb0, 0x00, 0x00,
    0x00, 0x00, 0xcf, 0xff, 0x40, 0x00, 0x00,
    0x00, 0x00, 0xbf, 0xfd, 0x00, 0x00, 0x00,
    0x00, 0x02, 0xff, 0xf7, 0x00, 0x00, 0x00,
    0x00, 0x09, 0xff, 0xf1, 0x00, 0x00, 0x00,
    0x00, 0x0f, 0xff, 0x90, 0x00, 0x00, 0x00,
    0x00, 0x6f, 0xff, 0x20, 0x00, 0x00, 0x00,

    /* U+2022 "•" */
    0x00, 0x5a, 0xb5, 0x00,
    0x08, 0xff, 0xff, 0x90,
    0x2f, 0xff, 0xff, 0xf2,
    0x5f, 0xff, 0xff, 0xf5,
    0x3f, 0xff, 0xff, 0xf4,
    0x0b, 0xff, 0xff, 0xc0,
    0x00, 0x9f, 0xfa, 0x10,

    /* U+E800 "" */
    0x00, 0x00, 0x00, 0x02, 0x78, 0x99, 0x99, 0x99, 0x99, 0x99, 0x99, 0x86, 0x10, 0x00,
    0x00, 0x00, 0x00, 0x6f, 0xff, 0xff, 0xff, 0xff, 0xff, 0xff, 0xff, 0xff, 0xe2, 0x00,
    0x00, 0x00, 0x03, 0xff, 0xff, 0xff, 0xff, 0xff, 0xff, 0xff, 0xff, 0xff, 0xfd, 0x00,
    0x00, 0x00, 0x1e, 0xff, 0x30, 0x00, 0x00, 0x00, 0x00, 0x00, 0x00, 0x08, 0xff, 0x20,
    0x00, 0x00, 0xbf, 0xf6, 0x00, 0x00, 0x00, 0x00, 0x00, 0x00, 0x00, 0x03, 0xff, 0x30,
    0x00, 0x07, 0xff, 0xa0, 0x00, 0x00, 0x00, 0x00, 0x00, 0x00, 0x00, 0x03, 0xff, 0x40,
    0x00, 0x3f, 0xfd, 0x00, 0x00, 0x5c, 0x50, 0x00, 0x01, 0xba, 0x00, 0x03, 0xff, 0x40,
    0x01, 0xef, 0xf3, 0x00, 0x00, 0xbf, 0xf5, 0x00, 0x1c, 0xff, 0x30, 0x03, 0xff, 0x40,
    0x0b, 0xff, 0x60, 0x00, 0x00, 0x3f, 0xff, 0x51, 0xcf, 0xfa, 0x00, 0x03, 0xff, 0x40,
    0x6f, 0xfa, 0x00, 0x00, 0x00, 0x03, 0xff, 0xfd, 0xff, 0xa0, 0x00, 0x03, 0xff, 0x40,
    0xdf, 0xd0, 0x00, 0x00, 0x00, 0x00, 0x3f, 0xff, 0xfa, 0x00, 0x00, 0x03, 0xff, 0x40,
    0xff, 0x90, 0x00, 0x00, 0x00, 0x00, 0x1d, 0xff, 0xf6, 0x00, 0x00, 0x03, 0xff, 0x40,
    0xcf, 0xe1, 0x00, 0x00, 0x00, 0x01, 0xcf, 0xff, 0xff, 0x50, 0x00, 0x03, 0xff, 0x40,
    0x5f, 0xfb, 0x00, 0x00, 0x00, 0x1c, 0xff, 0xa4, 0xff, 0xf5, 0x00, 0x03, 0xff, 0x40,
    0x0a, 0xff, 0x70, 0x00, 0x00, 0xaf, 0xfa, 0x00, 0x3f, 0xff, 0x20, 0x03, 0xff, 0x40,
    0x00, 0xdf, 0xf4, 0x00, 0x00, 0x8f, 0xa0, 0x00, 0x03, 0xfe, 0x10, 0x03, 0xff, 0x40,
    0x00, 0x2f, 0xfe, 0x10, 0x00, 0x01, 0x00, 0x00, 0x00, 0x00, 0x00, 0x03, 0xff, 0x40,
    0x00, 0x06, 0xff, 0xb0, 0x00, 0x00, 0x00, 0x00, 0x00, 0x00, 0x00, 0x03, 0xff, 0x40,
    0x00, 0x00, 0xaf, 0xf7, 0x00, 0x00, 0x00, 0x00, 0x00, 0x00, 0x00, 0x03, 0xff, 0x30,
    0x00, 0x00, 0x0d, 0xff, 0x50, 0x00, 0x00, 0x00, 0x00, 0x00, 0x00, 0x19, 0xff, 0x20,
    0x00, 0x00, 0x02, 0xff, 0xff, 0xff, 0xff, 0xff, 0xff, 0xff, 0xff, 0xff, 0xfc, 0x00,
    0x00, 0x00, 0x00, 0x4f, 0xff, 0xff, 0xff, 0xff, 0xff, 0xff, 0xff, 0xff, 0xd2, 0x00,
    0x00, 0x00, 0x00, 0x01, 0x57, 0x77, 0x77, 0x77, 0x77, 0x77, 0x77, 0x74, 0x00, 0x00,

    /* U+E801 "" */
    0x00, 0x00, 0x00, 0x00, 0x58, 0x47, 0x73, 0x00, 0x00, 0x00, 0x00,
    0x00, 0x00, 0x02, 0x84, 0xff, 0x7c, 0xff, 0x27, 0x10, 0x00, 0x00,
    0x00, 0x00, 0x7f, 0x7b, 0xff, 0x7c, 0xff, 0x87, 0xf6, 0x00, 0x00,
    0x00, 0x0a, 0xff, 0x3f, 0xff, 0x7c, 0xff, 0xe2, 0xff, 0x80, 0x00,
    0x00, 0x9f, 0xfc, 0x6f, 0xff, 0x7c, 0xff, 0xf3, 0xdf, 0xf8, 0x00,
    0x04, 0xff, 0xf8, 0xaf, 0xff, 0x7c, 0xff, 0xf8, 0x9f, 0xff, 0x30,
    0x02, 0x33, 0x30, 0x23, 0x33, 0x12, 0x33, 0x32, 0x03, 0x33, 0x20,
    0x4f, 0xff, 0xf3, 0xff, 0xff, 0x7c, 0xff, 0xfd, 0x2f, 0xff, 0xf3,
    0x9f, 0xff, 0xf3, 0xff, 0xff, 0x7c, 0xff, 0xff, 0x0f, 0xff, 0xf9,
    0xcf, 0xff, 0xf3, 0xff, 0xff, 0x7c, 0xff, 0xff, 0x0e, 0xff, 0xfc,
    0xef, 0xff, 0xe3, 0xff, 0xff, 0x7b, 0xff, 0xff, 0x1d, 0xff, 0xfe,
    0x34, 0x44, 0x31, 0x44, 0x44, 0x13, 0x44, 0x44, 0x03, 0x44, 0x43,
    0xef, 0xff, 0xf3, 0xff, 0xff, 0x7c, 0xff, 0xff, 0x1e, 0xff, 0xfe,
    0xbf, 0xff, 0xf3, 0xff, 0xff, 0x7c, 0xff, 0xff, 0x0f, 0xff, 0xfb,
    0x6f, 0xff, 0xf3, 0xff, 0xff, 0x7c, 0xff, 0xfe, 0x1f, 0xff, 0xf6,
    0x19, 0x99, 0x92, 0x99, 0x99, 0x47, 0x99, 0x97, 0x19, 0x99, 0x91,
    0x04, 0x99, 0x94, 0x79, 0x99, 0x47, 0x99, 0x95, 0x49, 0x99, 0x30,
    0x00, 0xdf, 0xfb, 0x8f, 0xff, 0x7c, 0xff, 0xf5, 0xbf, 0xfd, 0x00,
    0x00, 0x2e, 0xff, 0x4f, 0xff, 0x7c, 0xff, 0xf2, 0xff, 0xe1, 0x00,
    0x00, 0x02, 0xdf, 0x4e, 0xff, 0x7c, 0xff, 0xb5, 0xfc, 0x20, 0x00,
    0x00, 0x00, 0x09, 0xb8, 0xff, 0x7c, 0xff, 0x4c, 0x80, 0x00, 0x00,
    0x00, 0x00, 0x00, 0x11, 0xcf, 0x7c, 0xfa, 0x00, 0x00, 0x00, 0x00,
    0x00, 0x00, 0x00, 0x00, 0x00, 0x00, 0x00, 0x00, 0x00, 0x00, 0x00
};

/*---------------------
 *  GLYPH DESCRIPTION
 *--------------------*/

static const lv_font_fmt_txt_glyph_dsc_t glyph_dsc[] = {
    {.bitmap_index = 0, .adv_w = 0, .box_w = 0, .box_h = 0, .ofs_x = 0, .ofs_y = 0} /* id = 0 reserved */,
    {.bitmap_index = 0, .adv_w = 92, .box_w = 0, .box_h = 0, .ofs_x = 0, .ofs_y = 0},
    {.bitmap_index = 0, .adv_w = 100, .box_w = 6, .box_h = 16, .ofs_x = 0, .ofs_y = 0},
    {.bitmap_index = 48, .adv_w = 147, .box_w = 9, .box_h = 8, .ofs_x = 0, .ofs_y = 7},
    {.bitmap_index = 88, .adv_w = 246, .box_w = 15, .box_h = 15, .ofs_x = 0, .ofs_y = 0},
    {.bitmap_index = 208, .adv_w = 199, .box_w = 12, .box_h = 20, .ofs_x = 0, .ofs_y = -3},
    {.bitmap_index = 328, .adv_w = 281, .box_w = 18, .box_h = 15, .ofs_x = 0, .ofs_y = 0},
    {.bitmap_index = 463, .adv_w = 227, .box_w = 14, .box_h = 16, .ofs_x = 0, .ofs_y = 0},
    {.bitmap_index = 575, .adv_w = 76, .box_w = 5, .box_h = 8, .ofs_x = 0, .ofs_y = 7},
    {.bitmap_index = 599, .adv_w = 124, .box_w = 8, .box_h = 21, .ofs_x = 0, .ofs_y = -3},
    {.bitmap_index = 683, .adv_w = 124, .box_w = 7, .box_h = 21, .ofs_x = 0, .ofs_y = -3},
    {.bitmap_index = 767, .adv_w = 153, .box_w = 10, .box_h = 9, .ofs_x = 0, .ofs_y = 7},
    {.bitmap_index = 812, .adv_w = 236, .box_w = 12, .box_h = 11, .ofs_x = 1, .ofs_y = 2},
    {.bitmap_index = 878, .adv_w = 103, .box_w = 6, .box_h = 9, .ofs_x = 0, .ofs_y = -4},
    {.bitmap_index = 905, .adv_w = 130, .box_w = 8, .box_h = 4, .ofs_x = 0, .ofs_y = 5},
    {.bitmap_index = 921, .adv_w = 101, .box_w = 6, .box_h = 5, .ofs_x = 0, .ofs_y = 0},
    {.bitmap_index = 936, .adv_w = 178, .box_w = 13, .box_h = 20, .ofs_x = -1, .ofs_y = -3},
    {.bitmap_index = 1076, .adv_w = 201, .box_w = 12, .box_h = 15, .ofs_x = 0, .ofs_y = 0},
    {.bitmap_index = 1166, .adv_w = 131, .box_w = 7, .box_h = 15, .ofs_x = 0, .ofs_y = 0},
    {.bitmap_index = 1226, .adv_w = 184, .box_w = 11, .box_h = 15, .ofs_x = 0, .ofs_y = 0},
    {.bitmap_index = 1316, .adv_w = 191, .box_w = 12, .box_h = 15, .ofs_x = 0, .ofs_y = 0},
    {.bitmap_index = 1406, .adv_w = 210, .box_w = 13, .box_h = 15, .ofs_x = 0, .ofs_y = 0},
    {.bitmap_index = 1511, .adv_w = 191, .box_w = 12, .box_h = 15, .ofs_x = 0, .ofs_y = 0},
    {.bitmap_index = 1601, .adv_w = 200, .box_w = 12, .box_h = 15, .ofs_x = 0, .ofs_y = 0},
    {.bitmap_index = 1691, .adv_w = 178, .box_w = 11, .box_h = 15, .ofs_x = 0, .ofs_y = 0},
    {.bitmap_index = 1781, .adv_w = 196, .box_w = 12, .box_h = 15, .ofs_x = 0, .ofs_y = 0},
    {.bitmap_index = 1871, .adv_w = 200, .box_w = 12, .box_h = 15, .ofs_x = 0, .ofs_y = 0},
    {.bitmap_index = 1961, .adv_w = 101, .box_w = 6, .box_h = 11, .ofs_x = 0, .ofs_y = 0},
    {.bitmap_index = 1994, .adv_w = 103, .box_w = 6, .box_h = 15, .ofs_x = 0, .ofs_y = -4},
    {.bitmap_index = 2039, .adv_w = 236, .box_w = 11, .box_h = 13, .ofs_x = 2, .ofs_y = 0},
    {.bitmap_index = 2117, .adv_w = 236, .box_w = 11, .box_h = 9, .ofs_x = 2, .ofs_y = 2},
    {.bitmap_index = 2171, .adv_w = 236, .box_w = 11, .box_h = 13, .ofs_x = 2, .ofs_y = 0},
    {.bitmap_index = 2249, .adv_w = 192, .box_w = 12, .box_h = 15, .ofs_x = 0, .ofs_y = 0},
    {.bitmap_index = 2339, .adv_w = 304, .box_w = 19, .box_h = 19, .ofs_x = 0, .ofs_y = -2},
    {.bitmap_index = 2529, .adv_w = 229, .box_w = 15, .box_h = 15, .ofs_x = 0, .ofs_y = 0},
    {.bitmap_index = 2649, .adv_w = 206, .box_w = 12, .box_h = 15, .ofs_x = 1, .ofs_y = 0},
    {.bitmap_index = 2739, .adv_w = 243, .box_w = 15, .box_h = 15, .ofs_x = 0, .ofs_y = 0},
    {.bitmap_index = 2859, .adv_w = 231, .box_w = 14, .box_h = 15, .ofs_x = 1, .ofs_y = 0},
    {.bitmap_index = 2964, .adv_w = 186, .box_w = 10, .box_h = 15, .ofs_x = 1, .ofs_y = 0},
    {.bitmap_index = 3039, .adv_w = 180, .box_w = 10, .box_h = 15, .ofs_x = 1, .ofs_y = 0},
    {.bitmap_index = 3114, .adv_w = 250, .box_w = 16, .box_h = 15, .ofs_x = 0, .ofs_y = 0},
    {.bitmap_index = 3234, .adv_w = 236, .box_w = 13, .box_h = 15, .ofs_x = 1, .ofs_y = 0},
    {.bitmap_index = 3339, .adv_w = 93, .box_w = 4, .box_h = 15, .ofs_x = 1, .ofs_y = 0},
    {.bitmap_index = 3369, .adv_w = 196, .box_w = 12, .box_h = 15, .ofs_x = 0, .ofs_y = 0},
    {.bitmap_index = 3459, .adv_w = 225, .box_w = 13, .box_h = 15, .ofs_x = 1, .ofs_y = 0},
    {.bitmap_index = 3564, .adv_w = 174, .box_w = 10, .box_h = 15, .ofs_x = 1, .ofs_y = 0},
    {.bitmap_index = 3639, .adv_w = 302, .box_w = 19, .box_h = 15, .ofs_x = 0, .ofs_y = 0},
    {.bitmap_index = 3789, .adv_w = 246, .box_w = 14, .box_h = 15, .ofs_x = 1, .ofs_y = 0},
    {.bitmap_index = 3894, .adv_w = 258, .box_w = 16, .box_h = 15, .ofs_x = 0, .ofs_y = 0},
    {.bitmap_index = 4014, .adv_w = 203, .box_w = 12, .box_h = 15, .ofs_x = 1, .ofs_y = 0},
    {.bitmap_index = 4104, .adv_w = 258, .box_w = 16, .box_h = 16, .ofs_x = 0, .ofs_y = -1},
    {.bitmap_index = 4232, .adv_w = 209, .box_w = 12, .box_h = 15, .ofs_x = 1, .ofs_y = 0},
    {.bitmap_index = 4322, .adv_w = 202, .box_w = 13, .box_h = 15, .ofs_x = 0, .ofs_y = 0},
    {.bitmap_index = 4427, .adv_w = 204, .box_w = 13, .box_h = 15, .ofs_x = 0, .ofs_y = 0},
    {.bitmap_index = 4532, .adv_w = 232, .box_w = 13, .box_h = 15, .ofs_x = 1, .ofs_y = 0},
    {.bitmap_index = 4637, .adv_w = 227, .box_w = 15, .box_h = 15, .ofs_x = 0, .ofs_y = 0},
    {.bitmap_index = 4757, .adv_w = 351, .box_w = 22, .box_h = 15, .ofs_x = 0, .ofs_y = 0},
    {.bitmap_index = 4922, .adv_w = 240, .box_w = 15, .box_h = 15, .ofs_x = 0, .ofs_y = 0},
    {.bitmap_index = 5042, .adv_w = 221, .box_w = 15, .box_h = 15, .ofs_x = -1, .ofs_y = 0},
    {.bitmap_index = 5162, .adv_w = 206, .box_w = 13, .box_h = 15, .ofs_x = 0, .ofs_y = 0},
    {.bitmap_index = 5267, .adv_w = 120, .box_w = 6, .box_h = 21, .ofs_x = 1, .ofs_y = -4},
    {.bitmap_index = 5330, .adv_w = 178, .box_w = 13, .box_h = 20, .ofs_x = -1, .ofs_y = -3},
    {.bitmap_index = 5470, .adv_w = 119, .box_w = 7, .box_h = 21, .ofs_x = 0, .ofs_y = -4},
    {.bitmap_index = 5554, .adv_w = 236, .box_w = 11, .box_h = 8, .ofs_x = 2, .ofs_y = 5},
    {.bitmap_index = 5602, .adv_w = 196, .box_w = 12, .box_h = 3, .ofs_x = 0, .ofs_y = -2},
    {.bitmap_index = 5620, .adv_w = 200, .box_w = 6, .box_h = 6, .ofs_x = 3, .ofs_y = 11},
    {.bitmap_index = 5638, .adv_w = 181, .box_w = 11, .box_h = 11, .ofs_x = 0, .ofs_y = 0},
    {.bitmap_index = 5704, .adv_w = 201, .box_w = 12, .box_h = 15, .ofs_x = 1, .ofs_y = 0},
    {.bitmap_index = 5794, .adv_w = 180, .box_w = 12, .box_h = 11, .ofs_x = 0, .ofs_y = 0},
    {.bitmap_index = 5860, .adv_w = 201, .box_w = 12, .box_h = 15, .ofs_x = 0, .ofs_y = 0},
    {.bitmap_index = 5950, .adv_w = 187, .box_w = 12, .box_h = 11, .ofs_x = 0, .ofs_y = 0},
    {.bitmap_index = 6016, .adv_w = 122, .box_w = 8, .box_h = 15, .ofs_x = 0, .ofs_y = 0},
    {.bitmap_index = 6076, .adv_w = 202, .box_w = 12, .box_h = 15, .ofs_x = 0, .ofs_y = -4},
    {.bitmap_index = 6166, .adv_w = 195, .box_w = 11, .box_h = 15, .ofs_x = 1, .ofs_y = 0},
    {.bitmap_index = 6256, .adv_w = 92, .box_w = 5, .box_h = 17, .ofs_x = 0, .ofs_y = 0},
    {.bitmap_index = 6307, .adv_w = 95, .box_w = 7, .box_h = 21, .ofs_x = -1, .ofs_y = -4},
    {.bitmap_index = 6391, .adv_w = 187, .box_w = 11, .box_h = 15, .ofs_x = 1, .ofs_y = 0},
    {.bitmap_index = 6481, .adv_w = 98, .box_w = 5, .box_h = 15, .ofs_x = 1, .ofs_y = 0},
    {.bitmap_index = 6526, .adv_w = 295, .box_w = 17, .box_h = 11, .ofs_x = 1, .ofs_y = 0},
    {.bitmap_index = 6625, .adv_w = 195, .box_w = 11, .box_h = 11, .ofs_x = 1, .ofs_y = 0},
    {.bitmap_index = 6691, .adv_w = 197, .box_w = 12, .box_h = 11, .ofs_x = 0, .ofs_y = 0},
    {.bitmap_index = 6757, .adv_w = 201, .box_w = 12, .box_h = 15, .ofs_x = 1, .ofs_y = -4},
    {.bitmap_index = 6847, .adv_w = 201, .box_w = 12, .box_h = 15, .ofs_x = 0, .ofs_y = -4},
    {.bitmap_index = 6937, .adv_w = 132, .box_w = 7, .box_h = 11, .ofs_x = 1, .ofs_y = 0},
    {.bitmap_index = 6981, .adv_w = 161, .box_w = 10, .box_h = 11, .ofs_x = 0, .ofs_y = 0},
    {.bitmap_index = 7036, .adv_w = 144, .box_w = 9, .box_h = 14, .ofs_x = 0, .ofs_y = 0},
    {.bitmap_index = 7106, .adv_w = 195, .box_w = 12, .box_h = 11, .ofs_x = 0, .ofs_y = 0},
    {.bitmap_index = 7172, .adv_w = 185, .box_w = 12, .box_h = 11, .ofs_x = 0, .ofs_y = 0},
    {.bitmap_index = 7238, .adv_w = 272, .box_w = 17, .box_h = 11, .ofs_x = 0, .ofs_y = 0},
    {.bitmap_index = 7337, .adv_w = 191, .box_w = 12, .box_h = 11, .ofs_x = 0, .ofs_y = 0},
    {.bitmap_index = 7403, .adv_w = 199, .box_w = 13, .box_h = 15, .ofs_x = 0, .ofs_y = -4},
    {.bitmap_index = 7508, .adv_w = 172, .box_w = 10, .box_h = 11, .ofs_x = 0, .ofs_y = 0},
    {.bitmap_index = 7563, .adv_w = 118, .box_w = 7, .box_h = 22, .ofs_x = 0, .ofs_y = -3},
    {.bitmap_index = 7651, .adv_w = 91, .box_w = 4, .box_h = 21, .ofs_x = 1, .ofs_y = -3},
    {.bitmap_index = 7693, .adv_w = 118, .box_w = 7, .box_h = 22, .ofs_x = 0, .ofs_y = -3},
    {.bitmap_index = 7781, .adv_w = 236, .box_w = 13, .box_h = 6, .ofs_x = 1, .ofs_y = 4},
    {.bitmap_index = 7823, .adv_w = 92, .box_w = 0, .box_h = 0, .ofs_x = 0, .ofs_y = 0},
    {.bitmap_index = 7823, .adv_w = 100, .box_w = 6, .box_h = 16, .ofs_x = 0, .ofs_y = -4},
    {.bitmap_index = 7871, .adv_w = 182, .box_w = 12, .box_h = 15, .ofs_x = 0, .ofs_y = 0},
    {.bitmap_index = 7961, .adv_w = 194, .box_w = 12, .box_h = 15, .ofs_x = 0, .ofs_y = 0},
    {.bitmap_index = 8051, .adv_w = 202, .box_w = 13, .box_h = 13, .ofs_x = 0, .ofs_y = 0},
    {.bitmap_index = 8142, .adv_w = 207, .box_w = 13, .box_h = 14, .ofs_x = 0, .ofs_y = 0},
    {.bitmap_index = 8240, .adv_w = 91, .box_w = 4, .box_h = 21, .ofs_x = 1, .ofs_y = -3},
    {.bitmap_index = 8282, .adv_w = 197, .box_w = 12, .box_h = 21, .ofs_x = 0, .ofs_y = -3},
    {.bitmap_index = 8408, .adv_w = 200, .box_w = 9, .box_h = 4, .ofs_x = 2, .ofs_y = 12},
    {.bitmap_index = 8428, .adv_w = 235, .box_w = 15, .box_h = 14, .ofs_x = 0, .ofs_y = 3},
    {.bitmap_index = 8540, .adv_w = 131, .box_w = 8, .box_h = 9, .ofs_x = 0, .ofs_y = 7},
    {.bitmap_index = 8576, .adv_w = 219, .box_w = 14, .box_h = 10, .ofs_x = 0, .ofs_y = 2},
    {.bitmap_index = 8646, .adv_w = 236, .box_w = 12, .box_h = 8, .ofs_x = 1, .ofs_y = 2},
    {.bitmap_index = 8694, .adv_w = 234, .box_w = 15, .box_h = 14, .ofs_x = 0, .ofs_y = 3},
    {.bitmap_index = 8806, .adv_w = 200, .box_w = 8, .box_h = 3, .ofs_x = 2, .ofs_y = 13},
    {.bitmap_index = 8818, .adv_w = 136, .box_w = 9, .box_h = 8, .ofs_x = 0, .ofs_y = 7},
    {.bitmap_index = 8858, .adv_w = 236, .box_w = 12, .box_h = 14, .ofs_x = 1, .ofs_y = 0},
    {.bitmap_index = 8942, .adv_w = 128, .box_w = 8, .box_h = 9, .ofs_x = 0, .ofs_y = 8},
    {.bitmap_index = 8978, .adv_w = 127, .box_w = 8, .box_h = 9, .ofs_x = 0, .ofs_y = 8},
    {.bitmap_index = 9014, .adv_w = 200, .box_w = 6, .box_h = 6, .ofs_x = 3, .ofs_y = 11},
    {.bitmap_index = 9032, .adv_w = 195, .box_w = 12, .box_h = 15, .ofs_x = 0, .ofs_y = -4},
    {.bitmap_index = 9122, .adv_w = 250, .box_w = 15, .box_h = 19, .ofs_x = 0, .ofs_y = -3},
    {.bitmap_index = 9274, .adv_w = 101, .box_w = 6, .box_h = 5, .ofs_x = 0, .ofs_y = 4},
    {.bitmap_index = 9289, .adv_w = 200, .box_w = 6, .box_h = 5, .ofs_x = 3, .ofs_y = -5},
    {.bitmap_index = 9304, .adv_w = 89, .box_w = 5, .box_h = 9, .ofs_x = 0, .ofs_y = 8},
    {.bitmap_index = 9331, .adv_w = 146, .box_w = 9, .box_h = 9, .ofs_x = 0, .ofs_y = 7},
    {.bitmap_index = 9376, .adv_w = 219, .box_w = 14, .box_h = 10, .ofs_x = 0, .ofs_y = 2},
    {.bitmap_index = 9446, .adv_w = 323, .box_w = 20, .box_h = 17, .ofs_x = 0, .ofs_y = -1},
    {.bitmap_index = 9616, .adv_w = 315, .box_w = 20, .box_h = 18, .ofs_x = 0, .ofs_y = -2},
    {.bitmap_index = 9796, .adv_w = 354, .box_w = 22, .box_h = 17, .ofs_x = 0, .ofs_y = -1},
    {.bitmap_index = 9983, .adv_w = 183, .box_w = 12, .box_h = 16, .ofs_x = 0, .ofs_y = -4},
    {.bitmap_index = 10079, .adv_w = 229, .box_w = 15, .box_h = 22, .ofs_x = 0, .ofs_y = 0},
    {.bitmap_index = 10255, .adv_w = 229, .box_w = 15, .box_h = 22, .ofs_x = 0, .ofs_y = 0},
    {.bitmap_index = 10431, .adv_w = 229, .box_w = 15, .box_h = 21, .ofs_x = 0, .ofs_y = 0},
    {.bitmap_index = 10599, .adv_w = 229, .box_w = 15, .box_h = 20, .ofs_x = 0, .ofs_y = 0},
    {.bitmap_index = 10759, .adv_w = 229, .box_w = 15, .box_h = 20, .ofs_x = 0, .ofs_y = 0},
    {.bitmap_index = 10919, .adv_w = 229, .box_w = 15, .box_h = 22, .ofs_x = 0, .ofs_y = 0},
    {.bitmap_index = 11095, .adv_w = 304, .box_w = 19, .box_h = 15, .ofs_x = 0, .ofs_y = 0},
    {.bitmap_index = 11245, .adv_w = 243, .box_w = 15, .box_h = 20, .ofs_x = 0, .ofs_y = -5},
    {.bitmap_index = 11405, .adv_w = 186, .box_w = 10, .box_h = 22, .ofs_x = 1, .ofs_y = 0},
    {.bitmap_index = 11515, .adv_w = 186, .box_w = 10, .box_h = 22, .ofs_x = 1, .ofs_y = 0},
    {.bitmap_index = 11625, .adv_w = 186, .box_w = 10, .box_h = 21, .ofs_x = 1, .ofs_y = 0},
    {.bitmap_index = 11730, .adv_w = 186, .box_w = 10, .box_h = 20, .ofs_x = 1, .ofs_y = 0},
    {.bitmap_index = 11830, .adv_w = 93, .box_w = 6, .box_h = 22, .ofs_x = -1, .ofs_y = 0},
    {.bitmap_index = 11896, .adv_w = 93, .box_w = 6, .box_h = 22, .ofs_x = 1, .ofs_y = 0},
    {.bitmap_index = 11962, .adv_w = 93, .box_w = 8, .box_h = 22, .ofs_x = -1, .ofs_y = 0},
    {.bitmap_index = 12050, .adv_w = 93, .box_w = 8, .box_h = 20, .ofs_x = -1, .ofs_y = 0},
    {.bitmap_index = 12130, .adv_w = 244, .box_w = 15, .box_h = 15, .ofs_x = 0, .ofs_y = 0},
    {.bitmap_index = 12250, .adv_w = 246, .box_w = 14, .box_h = 20, .ofs_x = 1, .ofs_y = 0},
    {.bitmap_index = 12390, .adv_w = 258, .box_w = 16, .box_h = 21, .ofs_x = 0, .ofs_y = 0},
    {.bitmap_index = 12558, .adv_w = 258, .box_w = 16, .box_h = 21, .ofs_x = 0, .ofs_y = 0},
    {.bitmap_index = 12726, .adv_w = 258, .box_w = 16, .box_h = 21, .ofs_x = 0, .ofs_y = 0},
    {.bitmap_index = 12894, .adv_w = 258, .box_w = 16, .box_h = 21, .ofs_x = 0, .ofs_y = 0},
    {.bitmap_index = 13062, .adv_w = 258, .box_w = 16, .box_h = 20, .ofs_x = 0, .ofs_y = 0},
    {.bitmap_index = 13222, .adv_w = 236, .box_w = 12, .box_h = 11, .ofs_x = 1, .ofs_y = 2},
    {.bitmap_index = 13288, .adv_w = 258, .box_w = 16, .box_h = 17, .ofs_x = 0, .ofs_y = -1},
    {.bitmap_index = 13424, .adv_w = 232, .box_w = 13, .box_h = 22, .ofs_x = 1, .ofs_y = 0},
    {.bitmap_index = 13578, .adv_w = 232, .box_w = 13, .box_h = 22, .ofs_x = 1, .ofs_y = 0},
    {.bitmap_index = 13732, .adv_w = 232, .box_w = 13, .box_h = 21, .ofs_x = 1, .ofs_y = 0},
    {.bitmap_index = 13879, .adv_w = 232, .box_w = 13, .box_h = 20, .ofs_x = 1, .ofs_y = 0},
    {.bitmap_index = 14019, .adv_w = 221, .box_w = 15, .box_h = 22, .ofs_x = -1, .ofs_y = 0},
    {.bitmap_index = 14195, .adv_w = 203, .box_w = 12, .box_h = 15, .ofs_x = 1, .ofs_y = 0},
    {.bitmap_index = 14285, .adv_w = 215, .box_w = 14, .box_h = 15, .ofs_x = 0, .ofs_y = 0},
    {.bitmap_index = 14390, .adv_w = 181, .box_w = 11, .box_h = 17, .ofs_x = 0, .ofs_y = 0},
    {.bitmap_index = 14492, .adv_w = 181, .box_w = 11, .box_h = 17, .ofs_x = 0, .ofs_y = 0},
    {.bitmap_index = 14594, .adv_w = 181, .box_w = 11, .box_h = 17, .ofs_x = 0, .ofs_y = 0},
    {.bitmap_index = 14696, .adv_w = 181, .box_w = 11, .box_h = 16, .ofs_x = 0, .ofs_y = 0},
    {.bitmap_index = 14792, .adv_w = 181, .box_w = 11, .box_h = 16, .ofs_x = 0, .ofs_y = 0},
    {.bitmap_index = 14888, .adv_w = 181, .box_w = 11, .box_h = 18, .ofs_x = 0, .ofs_y = 0},
    {.bitmap_index = 14996, .adv_w = 284, .box_w = 18, .box_h = 11, .ofs_x = 0, .ofs_y = 0},
    {.bitmap_index = 15095, .adv_w = 180, .box_w = 12, .box_h = 16, .ofs_x = 0, .ofs_y = -5},
    {.bitmap_index = 15191, .adv_w = 187, .box_w = 12, .box_h = 17, .ofs_x = 0, .ofs_y = 0},
    {.bitmap_index = 15293, .adv_w = 187, .box_w = 12, .box_h = 17, .ofs_x = 0, .ofs_y = 0},
    {.bitmap_index = 15395, .adv_w = 187, .box_w = 12, .box_h = 17, .ofs_x = 0, .ofs_y = 0},
    {.bitmap_index = 15497, .adv_w = 187, .box_w = 12, .box_h = 16, .ofs_x = 0, .ofs_y = 0},
    {.bitmap_index = 15593, .adv_w = 92, .box_w = 6, .box_h = 18, .ofs_x = -1, .ofs_y = 0},
    {.bitmap_index = 15647, .adv_w = 92, .box_w = 6, .box_h = 18, .ofs_x = 1, .ofs_y = 0},
    {.bitmap_index = 15701, .adv_w = 92, .box_w = 8, .box_h = 17, .ofs_x = -1, .ofs_y = 0},
    {.bitmap_index = 15769, .adv_w = 92, .box_w = 9, .box_h = 16, .ofs_x = -2, .ofs_y = 0},
    {.bitmap_index = 15849, .adv_w = 199, .box_w = 12, .box_h = 17, .ofs_x = 0, .ofs_y = 0},
    {.bitmap_index = 15951, .adv_w = 195, .box_w = 11, .box_h = 16, .ofs_x = 1, .ofs_y = 0},
    {.bitmap_index = 16047, .adv_w = 197, .box_w = 12, .box_h = 17, .ofs_x = 0, .ofs_y = 0},
    {.bitmap_index = 16149, .adv_w = 197, .box_w = 12, .box_h = 17, .ofs_x = 0, .ofs_y = 0},
    {.bitmap_index = 16251, .adv_w = 197, .box_w = 12, .box_h = 17, .ofs_x = 0, .ofs_y = 0},
    {.bitmap_index = 16353, .adv_w = 197, .box_w = 12, .box_h = 16, .ofs_x = 0, .ofs_y = 0},
    {.bitmap_index = 16449, .adv_w = 197, .box_w = 12, .box_h = 16, .ofs_x = 0, .ofs_y = 0},
    {.bitmap_index = 16545, .adv_w = 236, .box_w = 13, .box_h = 14, .ofs_x = 1, .ofs_y = 1},
    {.bitmap_index = 16643, .adv_w = 197, .box_w = 12, .box_h = 13, .ofs_x = 0, .ofs_y = -1},
    {.bitmap_index = 16721, .adv_w = 195, .box_w = 12, .box_h = 18, .ofs_x = 0, .ofs_y = 0},
    {.bitmap_index = 16829, .adv_w = 195, .box_w = 12, .box_h = 18, .ofs_x = 0, .ofs_y = 0},
    {.bitmap_index = 16937, .adv_w = 195, .box_w = 12, .box_h = 17, .ofs_x = 0, .ofs_y = 0},
    {.bitmap_index = 17039, .adv_w = 195, .box_w = 12, .box_h = 16, .ofs_x = 0, .ofs_y = 0},
    {.bitmap_index = 17135, .adv_w = 199, .box_w = 13, .box_h = 22, .ofs_x = 0, .ofs_y = -4},
    {.bitmap_index = 17289, .adv_w = 201, .box_w = 12, .box_h = 19, .ofs_x = 1, .ofs_y = -4},
    {.bitmap_index = 17403, .adv_w = 199, .box_w = 13, .box_h = 20, .ofs_x = 0, .ofs_y = -4},
    {.bitmap_index = 17543, .adv_w = 129, .box_w = 8, .box_h = 7, .ofs_x = 0, .ofs_y = 3},
    {.bitmap_index = 17571, .adv_w = 420, .box_w = 27, .box_h = 23, .ofs_x = 0, .ofs_y = -4},
    {.bitmap_index = 17893, .adv_w = 352, .box_w = 22, .box_h = 23, .ofs_x = 0, .ofs_y = -4}
};

/*---------------------
 *  CHARACTER MAPPING
 *--------------------*/

static const uint16_t unicode_list_3[] = {
    0x00, 0xc7de, 0xc7df
};

/*Collect the unicode lists and glyph_id offsets*/
static const lv_font_fmt_txt_cmap_t cmaps[] =
{
    {
        .range_start = 32, .range_length = 95, .glyph_id_start = 1,
        .unicode_list = NULL, .glyph_id_ofs_list = NULL, .list_length = 0, .type = LV_FONT_FMT_TXT_CMAP_FORMAT0_TINY
    },
    {
        .range_start = 160, .range_length = 13, .glyph_id_start = 96,
        .unicode_list = NULL, .glyph_id_ofs_list = NULL, .list_length = 0, .type = LV_FONT_FMT_TXT_CMAP_FORMAT0_TINY
    },
    {
        .range_start = 174, .range_length = 82, .glyph_id_start = 109,
        .unicode_list = NULL, .glyph_id_ofs_list = NULL, .list_length = 0, .type = LV_FONT_FMT_TXT_CMAP_FORMAT0_TINY
    },
    {
        .range_start = 8226, .range_length = 51168, .glyph_id_start = 191,
        .unicode_list = unicode_list_3, .glyph_id_ofs_list = NULL, .list_length = 3, .type = LV_FONT_FMT_TXT_CMAP_SPARSE_TINY
    }
};



/*--------------------
 *  ALL CUSTOM DATA
 *--------------------*/

#if LVGL_VERSION_MAJOR == 8
/*Store all the custom data of the font*/
static  lv_font_fmt_txt_glyph_cache_t cache;
#endif

#if LVGL_VERSION_MAJOR >= 8
static const lv_font_fmt_txt_dsc_t font_dsc = {
#else
static lv_font_fmt_txt_dsc_t font_dsc = {
#endif
    .glyph_bitmap = glyph_bitmap,
    .glyph_dsc = glyph_dsc,
    .cmaps = cmaps,
    .kern_dsc = NULL,
    .kern_scale = 0,
    .cmap_num = 4,
    .bpp = 4,
    .kern_classes = 0,
    .bitmap_format = 0,
#if LVGL_VERSION_MAJOR == 8
    .cache = &cache
#endif
    .stride = 1
};



/*-----------------
 *  PUBLIC FONT
 *----------------*/

/*Initialize a public general font descriptor*/
#if LVGL_VERSION_MAJOR >= 8
const lv_font_t Gabarito22 = {
#else
lv_font_t Gabarito22 = {
#endif
    .get_glyph_dsc = lv_font_get_glyph_dsc_fmt_txt,    /*Function pointer to get glyph's data*/
    .get_glyph_bitmap = lv_font_get_bitmap_fmt_txt,    /*Function pointer to get glyph's bitmap*/
    .line_height = 27,          /*The maximum line height required by the font*/
    .base_line = 5,             /*Baseline measured from the bottom of the line*/
#if LV_VERSION_CHECK(9, 6, 0) || LVGL_VERSION_MAJOR >= 10
    .cap_height = 15,           /*Cap height of the font*/
    .x_height = 11,               /*x-height of the font*/
#endif
#if !(LVGL_VERSION_MAJOR == 6 && LVGL_VERSION_MINOR == 0)
    .subpx = LV_FONT_SUBPX_NONE,
#endif
#if LV_VERSION_CHECK(7, 4, 0) || LVGL_VERSION_MAJOR >= 8
    .underline_position = -4,
    .underline_thickness = 2,
#endif

#if LV_VERSION_CHECK(9, 3, 0)
    .static_bitmap = 1,    /*Bitmaps are stored as const so they are always static if not compressed */
#endif

    .dsc = &font_dsc,          /*The custom font data. Will be accessed by `get_glyph_bitmap/dsc` */
#if LV_VERSION_CHECK(8, 2, 0) || LVGL_VERSION_MAJOR >= 9
    .fallback = NULL,
#endif
    .user_data = NULL,
};



#endif /*#if GABARITO22*/
