/**
 * @file      Gabarito32.c
 * @brief     Custom font asset embeddings
 *
 * Copyright (C) Witekio
 *
 * This file is part of the Zephyr Rush demonstration.
 *
 * This demonstration is free software: you can redistribute it and/or modify
 * it under the terms of the GNU General Public License as published by
 * the Free Software Foundation, either version 3 of the License, or
 * (at your option) any later version.
 *
 * This demonstration is distributed in the hope that it will be useful,
 * but WITHOUT ANY WARRANTY; without even the implied warranty of
 * MERCHANTABILITY or FITNESS FOR A PARTICULAR PURPOSE. See the
 * GNU General Public License for more details.
 *
 * You should have received a copy of the GNU General Public License
 * along with This demonstration. If not, see <http://www.gnu.org/licenses/>.
 */

/*******************************************************************************
 * Size: 32 px
 * Bpp: 4
 * Opts: --bpp 4 --size 32 --no-compress --stride 1 --align 1 --font ../Gabarito-ExtraBold.ttf --range 32-255,8226 --font ../Symbols.ttf --range 59392,59393 --format lvgl -o out/Gabarito32.c
 ******************************************************************************/

#ifdef __has_include
    #if __has_include("lvgl.h")
        #ifndef LV_LVGL_H_INCLUDE_SIMPLE
            #define LV_LVGL_H_INCLUDE_SIMPLE
        #endif
    #endif
#endif

#ifdef LV_LVGL_H_INCLUDE_SIMPLE
    #include "lvgl.h"
#else
    #include "lvgl/lvgl.h"
#endif

#if !LV_VERSION_CHECK(9, 3, 0)
#error "At least LVGL v9.3 is required to use the stride attribute of the fonts"
#endif

#ifndef GABARITO32
#define GABARITO32 1
#endif

#if GABARITO32

/*-----------------
 *    BITMAPS
 *----------------*/

/*Store the image of the glyphs*/
static LV_ATTRIBUTE_LARGE_CONST const uint8_t glyph_bitmap[] = {
    /* U+0020 " " */

    /* U+0021 "!" */
    0x4f, 0xff, 0xff, 0x50,
    0x4f, 0xff, 0xff, 0x50,
    0x3f, 0xff, 0xff, 0x40,
    0x3f, 0xff, 0xff, 0x40,
    0x2f, 0xff, 0xff, 0x30,
    0x2f, 0xff, 0xff, 0x30,
    0x1f, 0xff, 0xff, 0x20,
    0x1f, 0xff, 0xff, 0x20,
    0x0f, 0xff, 0xff, 0x20,
    0x0f, 0xff, 0xff, 0x10,
    0x0f, 0xff, 0xff, 0x00,
    0x0e, 0xff, 0xff, 0x00,
    0x0d, 0xff, 0xfe, 0x00,
    0x0b, 0xff, 0xfd, 0x00,
    0x0a, 0xff, 0xfb, 0x00,
    0x05, 0x99, 0x96, 0x00,
    0x00, 0x24, 0x20, 0x00,
    0x08, 0xff, 0xfa, 0x00,
    0x4f, 0xff, 0xff, 0x60,
    0x9f, 0xff, 0xff, 0xb0,
    0x8f, 0xff, 0xff, 0xa0,
    0x2f, 0xff, 0xff, 0x40,
    0x04, 0xcf, 0xd5, 0x00,

    /* U+0022 "\"" */
    0x4f, 0xff, 0xfe, 0x0b, 0xff, 0xff, 0x70,
    0x4f, 0xff, 0xfe, 0x0b, 0xff, 0xff, 0x70,
    0x4f, 0xff, 0xfe, 0x0b, 0xff, 0xff, 0x70,
    0x4f, 0xff, 0xfe, 0x0b, 0xff, 0xff, 0x70,
    0x4f, 0xff, 0xfe, 0x0b, 0xff, 0xff, 0x70,
    0x2f, 0xff, 0xfe, 0x09, 0xff, 0xff, 0x70,
    0x0e, 0xff, 0xfe, 0x05, 0xff, 0xff, 0x70,
    0x0b, 0xff, 0xfe, 0x02, 0xff, 0xff, 0x70,
    0x07, 0xff, 0xfe, 0x00, 0xef, 0xff, 0x70,
    0x04, 0xff, 0xfe, 0x00, 0xbf, 0xff, 0x70,
    0x00, 0x66, 0x65, 0x00, 0x36, 0x66, 0x20,

    /* U+0023 "#" */
    0x00, 0x00, 0x00, 0xff, 0xff, 0x50, 0x09, 0xff, 0xfc, 0x00, 0x00,
    0x00, 0x00, 0x03, 0xff, 0xff, 0x20, 0x0c, 0xff, 0xf9, 0x00, 0x00,
    0x00, 0x00, 0x06, 0xff, 0xff, 0x00, 0x0f, 0xff, 0xf6, 0x00, 0x00,
    0x00, 0x00, 0x09, 0xff, 0xfc, 0x00, 0x2f, 0xff, 0xf3, 0x00, 0x00,
    0x00, 0x00, 0x0c, 0xff, 0xf9, 0x00, 0x5f, 0xff, 0xf0, 0x00, 0x00,
    0x07, 0xff, 0xff, 0xff, 0xff, 0xff, 0xff, 0xff, 0xff, 0xff, 0x40,
    0x07, 0xff, 0xff, 0xff, 0xff, 0xff, 0xff, 0xff, 0xff, 0xff, 0x40,
    0x07, 0xff, 0xff, 0xff, 0xff, 0xff, 0xff, 0xff, 0xff, 0xff, 0x40,
    0x07, 0xff, 0xff, 0xff, 0xff, 0xff, 0xff, 0xff, 0xff, 0xff, 0x40,
    0x00, 0x00, 0xaf, 0xff, 0xa0, 0x04, 0xff, 0xff, 0x10, 0x00, 0x00,
    0x00, 0x00, 0xdf, 0xff, 0x70, 0x06, 0xff, 0xfe, 0x00, 0x00, 0x00,
    0x00, 0x00, 0xff, 0xff, 0x40, 0x09, 0xff, 0xfb, 0x00, 0x00, 0x00,
    0x00, 0x03, 0xff, 0xff, 0x10, 0x0c, 0xff, 0xf8, 0x00, 0x00, 0x00,
    0xff, 0xff, 0xff, 0xff, 0xff, 0xff, 0xff, 0xff, 0xff, 0xd0, 0x00,
    0xff, 0xff, 0xff, 0xff, 0xff, 0xff, 0xff, 0xff, 0xff, 0xd0, 0x00,
    0xff, 0xff, 0xff, 0xff, 0xff, 0xff, 0xff, 0xff, 0xff, 0xd0, 0x00,
    0xff, 0xff, 0xff, 0xff, 0xff, 0xff, 0xff, 0xff, 0xff, 0xd0, 0x00,
    0x00, 0x2f, 0xff, 0xf3, 0x00, 0xbf, 0xff, 0x90, 0x00, 0x00, 0x00,
    0x00, 0x5f, 0xff, 0xf0, 0x00, 0xef, 0xff, 0x60, 0x00, 0x00, 0x00,
    0x00, 0x8f, 0xff, 0xd0, 0x01, 0xff, 0xff, 0x30, 0x00, 0x00, 0x00,
    0x00, 0xbf, 0xff, 0xa0, 0x04, 0xff, 0xff, 0x00, 0x00, 0x00, 0x00,
    0x00, 0xef, 0xff, 0x70, 0x07, 0xff, 0xfd, 0x00, 0x00, 0x00, 0x00,

    /* U+0024 "$" */
    0x00, 0x00, 0x00, 0x18, 0x88, 0x84, 0x00, 0x00, 0x00,
    0x00, 0x00, 0x00, 0x2f, 0xff, 0xf8, 0x00, 0x00, 0x00,
    0x00, 0x00, 0x00, 0x2f, 0xff, 0xf8, 0x00, 0x00, 0x00,
    0x00, 0x00, 0x00, 0x7f, 0xff, 0xfc, 0x40, 0x00, 0x00,
    0x00, 0x00, 0x7f, 0xff, 0xff, 0xff, 0xfd, 0x40, 0x00,
    0x00, 0x0a, 0xff, 0xff, 0xff, 0xff, 0xff, 0xf8, 0x00,
    0x00, 0x7f, 0xff, 0xff, 0xff, 0xff, 0xff, 0xff, 0x70,
    0x00, 0xff, 0xff, 0xff, 0xff, 0xff, 0xff, 0xff, 0x70,
    0x04, 0xff, 0xff, 0xf8, 0x33, 0x6b, 0xff, 0xe3, 0x00,
    0x07, 0xff, 0xff, 0xc0, 0x00, 0x00, 0x7a, 0x10, 0x00,
    0x07, 0xff, 0xff, 0xf3, 0x00, 0x00, 0x00, 0x00, 0x00,
    0x04, 0xff, 0xff, 0xff, 0xc7, 0x30, 0x00, 0x00, 0x00,
    0x00, 0xff, 0xff, 0xff, 0xff, 0xfe, 0x92, 0x00, 0x00,
    0x00, 0x7f, 0xff, 0xff, 0xff, 0xff, 0xff, 0x90, 0x00,
    0x00, 0x09, 0xff, 0xff, 0xff, 0xff, 0xff, 0xfc, 0x00,
    0x00, 0x00, 0x4c, 0xff, 0xff, 0xff, 0xff, 0xff, 0x70,
    0x00, 0x00, 0x00, 0x15, 0x9e, 0xff, 0xff, 0xff, 0xd0,
    0x00, 0x00, 0x10, 0x00, 0x00, 0x5e, 0xff, 0xff, 0xf1,
    0x00, 0x05, 0xe7, 0x00, 0x00, 0x05, 0xff, 0xff, 0xf1,
    0x01, 0xbf, 0xff, 0x91, 0x00, 0x08, 0xff, 0xff, 0xf0,
    0x0d, 0xff, 0xff, 0xff, 0xdb, 0xdf, 0xff, 0xff, 0xc0,
    0x05, 0xff, 0xff, 0xff, 0xff, 0xff, 0xff, 0xff, 0x40,
    0x00, 0x8f, 0xff, 0xff, 0xff, 0xff, 0xff, 0xf8, 0x00,
    0x00, 0x06, 0xff, 0xff, 0xff, 0xff, 0xff, 0x60, 0x00,
    0x00, 0x00, 0x16, 0xcf, 0xff, 0xfd, 0x71, 0x00, 0x00,
    0x00, 0x00, 0x00, 0x2f, 0xff, 0xf8, 0x00, 0x00, 0x00,
    0x00, 0x00, 0x00, 0x2f, 0xff, 0xf8, 0x00, 0x00, 0x00,
    0x00, 0x00, 0x00, 0x2f, 0xff, 0xf8, 0x00, 0x00, 0x00,
    0x00, 0x00, 0x00, 0x18, 0x88, 0x84, 0x00, 0x00, 0x00,

    /* U+0025 "%" */
    0x00, 0x06, 0xcf, 0xfd, 0x81, 0x00, 0x00, 0x00, 0x00, 0x06, 0x40, 0x00, 0x00,
    0x01, 0xcf, 0xff, 0xff, 0xfe, 0x20, 0x00, 0x00, 0x00, 0x5f, 0xf8, 0x00, 0x00,
    0x0b, 0xff, 0xff, 0xff, 0xff, 0xe0, 0x00, 0x00, 0x04, 0xff, 0xff, 0x90, 0x00,
    0x4f, 0xff, 0xff, 0xef, 0xff, 0xf6, 0x00, 0x00, 0x3f, 0xff, 0xfe, 0x10, 0x00,
    0x7f, 0xff, 0xb0, 0x08, 0xff, 0xfa, 0x00, 0x02, 0xef, 0xff, 0xf2, 0x00, 0x00,
    0x7f, 0xff, 0xb0, 0x08, 0xff, 0xfa, 0x00, 0x1d, 0xff, 0xff, 0x40, 0x00, 0x00,
    0x3f, 0xff, 0xfe, 0xef, 0xff, 0xf6, 0x00, 0xcf, 0xff, 0xf5, 0x00, 0x00, 0x00,
    0x0b, 0xff, 0xff, 0xff, 0xff, 0xd0, 0x0a, 0xff, 0xff, 0x70, 0x00, 0x00, 0x00,
    0x01, 0xcf, 0xff, 0xff, 0xfe, 0x20, 0x9f, 0xff, 0xf8, 0x00, 0x00, 0x00, 0x00,
    0x00, 0x06, 0xcf, 0xfd, 0x80, 0x07, 0xff, 0xff, 0xa0, 0x00, 0x00, 0x00, 0x00,
    0x00, 0x00, 0x00, 0x00, 0x00, 0x5f, 0xff, 0xfc, 0x00, 0x00, 0x00, 0x00, 0x00,
    0x00, 0x00, 0x00, 0x00, 0x04, 0xff, 0xff, 0xd1, 0x18, 0xcd, 0xc7, 0x10, 0x00,
    0x00, 0x00, 0x00, 0x00, 0x3f, 0xff, 0xfe, 0x14, 0xff, 0xff, 0xff, 0xe3, 0x00,
    0x00, 0x00, 0x00, 0x01, 0xef, 0xff, 0xf2, 0x2f, 0xff, 0xff, 0xff, 0xff, 0x20,
    0x00, 0x00, 0x00, 0x1d, 0xff, 0xff, 0x40, 0xbf, 0xff, 0xff, 0xff, 0xff, 0xa0,
    0x00, 0x00, 0x00, 0xcf, 0xff, 0xf5, 0x00, 0xff, 0xff, 0x50, 0x6f, 0xff, 0xf0,
    0x00, 0x00, 0x0a, 0xff, 0xff, 0x70, 0x01, 0xff, 0xfe, 0x00, 0x0f, 0xff, 0xf1,
    0x00, 0x00, 0x9f, 0xff, 0xf8, 0x00, 0x00, 0xff, 0xff, 0x30, 0x4f, 0xff, 0xf0,
    0x00, 0x07, 0xff, 0xff, 0xa0, 0x00, 0x00, 0xbf, 0xff, 0xfe, 0xff, 0xff, 0xb0,
    0x00, 0x4f, 0xff, 0xfc, 0x00, 0x00, 0x00, 0x3f, 0xff, 0xff, 0xff, 0xff, 0x20,
    0x00, 0x07, 0xff, 0xd1, 0x00, 0x00, 0x00, 0x05, 0xff, 0xff, 0xff, 0xf4, 0x00,
    0x00, 0x00, 0x3c, 0x10, 0x00, 0x00, 0x00, 0x00, 0x2a, 0xef, 0xe9, 0x20, 0x00,

    /* U+0026 "&" */
    0x00, 0x00, 0x39, 0xdf, 0xfe, 0xa5, 0x00, 0x00, 0x00, 0x00,
    0x00, 0x09, 0xff, 0xff, 0xff, 0xff, 0xd2, 0x00, 0x00, 0x00,
    0x00, 0x9f, 0xff, 0xff, 0xff, 0xff, 0xff, 0x30, 0x00, 0x00,
    0x04, 0xff, 0xff, 0xff, 0xff, 0xff, 0xff, 0x70, 0x00, 0x00,
    0x0a, 0xff, 0xff, 0xff, 0xff, 0xff, 0xf5, 0x00, 0x00, 0x00,
    0x0e, 0xff, 0xff, 0xb1, 0x03, 0xce, 0x30, 0x00, 0x00, 0x00,
    0x0e, 0xff, 0xff, 0x30, 0x00, 0x01, 0x00, 0x00, 0x00, 0x00,
    0x0c, 0xff, 0xff, 0x80, 0x00, 0x00, 0x00, 0x00, 0x00, 0x00,
    0x06, 0xff, 0xff, 0xfd, 0x98, 0x88, 0x88, 0x88, 0x88, 0x80,
    0x00, 0xcf, 0xff, 0xff, 0xff, 0xff, 0xff, 0xff, 0xff, 0xf1,
    0x00, 0x1e, 0xff, 0xff, 0xff, 0xff, 0xff, 0xff, 0xff, 0xf1,
    0x00, 0xaf, 0xff, 0xff, 0xff, 0xff, 0xff, 0xff, 0xff, 0xf1,
    0x0a, 0xff, 0xff, 0xff, 0xff, 0xff, 0xff, 0xff, 0xff, 0xf1,
    0x4f, 0xff, 0xff, 0x71, 0x00, 0x0b, 0xff, 0xff, 0x80, 0x00,
    0xbf, 0xff, 0xf8, 0x00, 0x00, 0x0b, 0xff, 0xff, 0x70, 0x00,
    0xef, 0xff, 0xf5, 0x00, 0x00, 0x0d, 0xff, 0xff, 0x70, 0x00,
    0xef, 0xff, 0xf8, 0x00, 0x00, 0x2f, 0xff, 0xff, 0x50, 0x00,
    0xcf, 0xff, 0xff, 0x72, 0x13, 0xdf, 0xff, 0xff, 0x10, 0x00,
    0x7f, 0xff, 0xff, 0xff, 0xff, 0xff, 0xff, 0xfc, 0x00, 0x00,
    0x1e, 0xff, 0xff, 0xff, 0xff, 0xff, 0xff, 0xf3, 0x00, 0x00,
    0x04, 0xff, 0xff, 0xff, 0xff, 0xff, 0xff, 0x70, 0x00, 0x00,
    0x00, 0x3d, 0xff, 0xff, 0xff, 0xff, 0xf6, 0x00, 0x00, 0x00,
    0x00, 0x00, 0x5a, 0xdf, 0xfe, 0xb7, 0x10, 0x00, 0x00, 0x00,

    /* U+0027 "'" */
    0x4f, 0xff, 0xfe,
    0x4f, 0xff, 0xfe,
    0x4f, 0xff, 0xfe,
    0x4f, 0xff, 0xfe,
    0x4f, 0xff, 0xfe,
    0x2f, 0xff, 0xfe,
    0x0e, 0xff, 0xfe,
    0x0b, 0xff, 0xfe,
    0x07, 0xff, 0xfe,
    0x04, 0xff, 0xfe,
    0x00, 0x66, 0x65,

    /* U+0028 "(" */
    0x00, 0x00, 0x00, 0x20, 0x00, 0x00,
    0x00, 0x00, 0x04, 0xf9, 0x00, 0x00,
    0x00, 0x00, 0x3f, 0xff, 0xa0, 0x00,
    0x00, 0x01, 0xef, 0xff, 0xfa, 0x00,
    0x00, 0x0b, 0xff, 0xff, 0xf5, 0x00,
    0x00, 0x5f, 0xff, 0xff, 0x70, 0x00,
    0x00, 0xdf, 0xff, 0xfb, 0x00, 0x00,
    0x05, 0xff, 0xff, 0xf2, 0x00, 0x00,
    0x0b, 0xff, 0xff, 0x90, 0x00, 0x00,
    0x1f, 0xff, 0xff, 0x20, 0x00, 0x00,
    0x5f, 0xff, 0xfc, 0x00, 0x00, 0x00,
    0x8f, 0xff, 0xf7, 0x00, 0x00, 0x00,
    0xbf, 0xff, 0xf4, 0x00, 0x00, 0x00,
    0xdf, 0xff, 0xf2, 0x00, 0x00, 0x00,
    0xef, 0xff, 0xf1, 0x00, 0x00, 0x00,
    0xef, 0xff, 0xf0, 0x00, 0x00, 0x00,
    0xdf, 0xff, 0xf1, 0x00, 0x00, 0x00,
    0xcf, 0xff, 0xf2, 0x00, 0x00, 0x00,
    0xbf, 0xff, 0xf4, 0x00, 0x00, 0x00,
    0x8f, 0xff, 0xf8, 0x00, 0x00, 0x00,
    0x4f, 0xff, 0xfc, 0x00, 0x00, 0x00,
    0x0f, 0xff, 0xff, 0x20, 0x00, 0x00,
    0x0b, 0xff, 0xff, 0xa0, 0x00, 0x00,
    0x04, 0xff, 0xff, 0xf3, 0x00, 0x00,
    0x00, 0xcf, 0xff, 0xfd, 0x00, 0x00,
    0x00, 0x4f, 0xff, 0xff, 0x90, 0x00,
    0x00, 0x09, 0xff, 0xff, 0xf7, 0x00,
    0x00, 0x00, 0xdf, 0xff, 0xf8, 0x00,
    0x00, 0x00, 0x2e, 0xff, 0x70, 0x00,
    0x00, 0x00, 0x02, 0xe6, 0x00, 0x00,
    0x00, 0x00, 0x00, 0x00, 0x00, 0x00,

    /* U+0029 ")" */
    0x00, 0x02, 0x00, 0x00, 0x00, 0x00,
    0x00, 0x5f, 0x80, 0x00, 0x00, 0x00,
    0x06, 0xff, 0xf7, 0x00, 0x00, 0x00,
    0x6f, 0xff, 0xff, 0x40, 0x00, 0x00,
    0x2e, 0xff, 0xff, 0xe1, 0x00, 0x00,
    0x03, 0xff, 0xff, 0xf9, 0x00, 0x00,
    0x00, 0x7f, 0xff, 0xff, 0x20, 0x00,
    0x00, 0x0d, 0xff, 0xff, 0x90, 0x00,
    0x00, 0x05, 0xff, 0xff, 0xf0, 0x00,
    0x00, 0x00, 0xdf, 0xff, 0xf5, 0x00,
    0x00, 0x00, 0x8f, 0xff, 0xf9, 0x00,
    0x00, 0x00, 0x3f, 0xff, 0xfd, 0x00,
    0x00, 0x00, 0x0f, 0xff, 0xff, 0x00,
    0x00, 0x00, 0x0e, 0xff, 0xff, 0x10,
    0x00, 0x00, 0x0d, 0xff, 0xff, 0x20,
    0x00, 0x00, 0x0d, 0xff, 0xff, 0x20,
    0x00, 0x00, 0x0d, 0xff, 0xff, 0x20,
    0x00, 0x00, 0x0e, 0xff, 0xff, 0x10,
    0x00, 0x00, 0x1f, 0xff, 0xff, 0x00,
    0x00, 0x00, 0x4f, 0xff, 0xfc, 0x00,
    0x00, 0x00, 0x9f, 0xff, 0xf9, 0x00,
    0x00, 0x00, 0xef, 0xff, 0xf4, 0x00,
    0x00, 0x06, 0xff, 0xff, 0xe0, 0x00,
    0x00, 0x0e, 0xff, 0xff, 0x80, 0x00,
    0x00, 0x9f, 0xff, 0xff, 0x10, 0x00,
    0x05, 0xff, 0xff, 0xf7, 0x00, 0x00,
    0x4f, 0xff, 0xff, 0xd0, 0x00, 0x00,
    0x4f, 0xff, 0xff, 0x20, 0x00, 0x00,
    0x04, 0xff, 0xf4, 0x00, 0x00, 0x00,
    0x00, 0x3e, 0x50, 0x00, 0x00, 0x00,
    0x00, 0x00, 0x00, 0x00, 0x00, 0x00,

    /* U+002A "*" */
    0x00, 0x00, 0x55, 0x00, 0x35, 0x00, 0x00,
    0x00, 0x4c, 0xfe, 0x00, 0xcf, 0xd5, 0x00,
    0x00, 0x9f, 0xff, 0x84, 0xff, 0xfb, 0x00,
    0x00, 0x0c, 0xff, 0xfd, 0xff, 0xe1, 0x00,
    0x14, 0x22, 0xef, 0xff, 0xff, 0x52, 0x41,
    0x4f, 0xff, 0xff, 0xff, 0xff, 0xff, 0xf4,
    0x4f, 0xff, 0xff, 0xff, 0xff, 0xff, 0xf4,
    0x4f, 0xec, 0xef, 0xff, 0xff, 0xce, 0xf4,
    0x00, 0x02, 0xff, 0xff, 0xff, 0x60, 0x00,
    0x00, 0x1d, 0xff, 0xfc, 0xff, 0xf3, 0x00,
    0x00, 0xaf, 0xff, 0x73, 0xff, 0xfd, 0x00,
    0x00, 0x18, 0xfe, 0x00, 0xaf, 0x91, 0x00,
    0x00, 0x00, 0x14, 0x00, 0x12, 0x00, 0x00,

    /* U+002B "+" */
    0x00, 0x00, 0x00, 0x78, 0x88, 0x82, 0x00, 0x00, 0x00,
    0x00, 0x00, 0x00, 0xef, 0xff, 0xf4, 0x00, 0x00, 0x00,
    0x00, 0x00, 0x00, 0xef, 0xff, 0xf4, 0x00, 0x00, 0x00,
    0x00, 0x00, 0x00, 0xef, 0xff, 0xf4, 0x00, 0x00, 0x00,
    0x00, 0x00, 0x00, 0xef, 0xff, 0xf4, 0x00, 0x00, 0x00,
    0x00, 0x00, 0x00, 0xef, 0xff, 0xf4, 0x00, 0x00, 0x00,
    0x2f, 0xff, 0xff, 0xff, 0xff, 0xff, 0xff, 0xff, 0xa0,
    0x2f, 0xff, 0xff, 0xff, 0xff, 0xff, 0xff, 0xff, 0xa0,
    0x2f, 0xff, 0xff, 0xff, 0xff, 0xff, 0xff, 0xff, 0xa0,
    0x2f, 0xff, 0xff, 0xff, 0xff, 0xff, 0xff, 0xff, 0xa0,
    0x2f, 0xff, 0xff, 0xff, 0xff, 0xff, 0xff, 0xff, 0xa0,
    0x00, 0x00, 0x00, 0xef, 0xff, 0xf4, 0x00, 0x00, 0x00,
    0x00, 0x00, 0x00, 0xef, 0xff, 0xf4, 0x00, 0x00, 0x00,
    0x00, 0x00, 0x00, 0xef, 0xff, 0xf4, 0x00, 0x00, 0x00,
    0x00, 0x00, 0x00, 0xef, 0xff, 0xf4, 0x00, 0x00, 0x00,
    0x00, 0x00, 0x00, 0xef, 0xff, 0xf4, 0x00, 0x00, 0x00,
    0x00, 0x00, 0x00, 0x78, 0x88, 0x82, 0x00, 0x00, 0x00,

    /* U+002C "," */
    0x00, 0x3b, 0xfe, 0x90, 0x00,
    0x03, 0xff, 0xff, 0xfb, 0x00,
    0x0a, 0xff, 0xff, 0xff, 0x30,
    0x03, 0xdf, 0xff, 0xff, 0x70,
    0x00, 0x2f, 0xff, 0xff, 0x70,
    0x00, 0x0d, 0xff, 0xff, 0x50,
    0x00, 0x0f, 0xff, 0xff, 0x10,
    0x00, 0x6f, 0xff, 0xf9, 0x00,
    0x03, 0xff, 0xff, 0xe1, 0x00,
    0x0c, 0xff, 0xff, 0x30, 0x00,
    0x01, 0xdf, 0xe3, 0x00, 0x00,
    0x00, 0x1a, 0x20, 0x00, 0x00,

    /* U+002D "-" */
    0x1a, 0xaa, 0xaa, 0xaa, 0xaa, 0xa0,
    0x2f, 0xff, 0xff, 0xff, 0xff, 0xf0,
    0x2f, 0xff, 0xff, 0xff, 0xff, 0xf0,
    0x2f, 0xff, 0xff, 0xff, 0xff, 0xf0,
    0x2f, 0xff, 0xff, 0xff, 0xff, 0xf0,

    /* U+002E "." */
    0x03, 0xbe, 0xc5, 0x00,
    0x3f, 0xff, 0xff, 0x50,
    0xbf, 0xff, 0xff, 0xe0,
    0xef, 0xff, 0xff, 0xf0,
    0xcf, 0xff, 0xff, 0xe0,
    0x4f, 0xff, 0xff, 0x60,
    0x04, 0xdf, 0xd6, 0x00,

    /* U+002F "/" */
    0x00, 0x00, 0x00, 0x00, 0x00, 0x00, 0x1c, 0x50, 0x00,
    0x00, 0x00, 0x00, 0x00, 0x00, 0x00, 0x8f, 0xfe, 0x70,
    0x00, 0x00, 0x00, 0x00, 0x00, 0x01, 0xff, 0xff, 0xf5,
    0x00, 0x00, 0x00, 0x00, 0x00, 0x08, 0xff, 0xff, 0xd0,
    0x00, 0x00, 0x00, 0x00, 0x00, 0x1f, 0xff, 0xff, 0x60,
    0x00, 0x00, 0x00, 0x00, 0x00, 0x7f, 0xff, 0xfd, 0x00,
    0x00, 0x00, 0x00, 0x00, 0x00, 0xef, 0xff, 0xf6, 0x00,
    0x00, 0x00, 0x00, 0x00, 0x07, 0xff, 0xff, 0xe0, 0x00,
    0x00, 0x00, 0x00, 0x00, 0x0e, 0xff, 0xff, 0x60, 0x00,
    0x00, 0x00, 0x00, 0x00, 0x7f, 0xff, 0xfe, 0x00, 0x00,
    0x00, 0x00, 0x00, 0x00, 0xef, 0xff, 0xf6, 0x00, 0x00,
    0x00, 0x00, 0x00, 0x06, 0xff, 0xff, 0xe0, 0x00, 0x00,
    0x00, 0x00, 0x00, 0x0e, 0xff, 0xff, 0x70, 0x00, 0x00,
    0x00, 0x00, 0x00, 0x6f, 0xff, 0xfe, 0x00, 0x00, 0x00,
    0x00, 0x00, 0x00, 0xef, 0xff, 0xf7, 0x00, 0x00, 0x00,
    0x00, 0x00, 0x06, 0xff, 0xff, 0xe0, 0x00, 0x00, 0x00,
    0x00, 0x00, 0x0d, 0xff, 0xff, 0x70, 0x00, 0x00, 0x00,
    0x00, 0x00, 0x6f, 0xff, 0xff, 0x10, 0x00, 0x00, 0x00,
    0x00, 0x00, 0xdf, 0xff, 0xf8, 0x00, 0x00, 0x00, 0x00,
    0x00, 0x05, 0xff, 0xff, 0xf1, 0x00, 0x00, 0x00, 0x00,
    0x00, 0x0d, 0xff, 0xff, 0x80, 0x00, 0x00, 0x00, 0x00,
    0x00, 0x5f, 0xff, 0xff, 0x10, 0x00, 0x00, 0x00, 0x00,
    0x00, 0xdf, 0xff, 0xf8, 0x00, 0x00, 0x00, 0x00, 0x00,
    0x05, 0xff, 0xff, 0xf1, 0x00, 0x00, 0x00, 0x00, 0x00,
    0x0c, 0xff, 0xff, 0x90, 0x00, 0x00, 0x00, 0x00, 0x00,
    0x2f, 0xff, 0xff, 0x10, 0x00, 0x00, 0x00, 0x00, 0x00,
    0x01, 0x7e, 0xf9, 0x00, 0x00, 0x00, 0x00, 0x00, 0x00,
    0x00, 0x00, 0x61, 0x00, 0x00, 0x00, 0x00, 0x00, 0x00,

    /* U+0030 "0" */
    0x00, 0x00, 0x01, 0x8d, 0xff, 0xea, 0x30, 0x00, 0x00,
    0x00, 0x00, 0x6f, 0xff, 0xff, 0xff, 0xf9, 0x00, 0x00,
    0x00, 0x07, 0xff, 0xff, 0xff, 0xff, 0xff, 0xa0, 0x00,
    0x00, 0x3f, 0xff, 0xff, 0xff, 0xff, 0xff, 0xf6, 0x00,
    0x00, 0xbf, 0xff, 0xff, 0xff, 0xff, 0xff, 0xfe, 0x00,
    0x02, 0xff, 0xff, 0xfc, 0x32, 0xaf, 0xff, 0xff, 0x60,
    0x07, 0xff, 0xff, 0xf1, 0x00, 0x0d, 0xff, 0xff, 0xb0,
    0x0b, 0xff, 0xff, 0xa0, 0x00, 0x07, 0xff, 0xff, 0xf0,
    0x0e, 0xff, 0xff, 0x70, 0x00, 0x03, 0xff, 0xff, 0xf1,
    0x0f, 0xff, 0xff, 0x50, 0x00, 0x01, 0xff, 0xff, 0xf3,
    0x0f, 0xff, 0xff, 0x40, 0x00, 0x00, 0xff, 0xff, 0xf4,
    0x0f, 0xff, 0xff, 0x30, 0x00, 0x00, 0xff, 0xff, 0xf4,
    0x0f, 0xff, 0xff, 0x40, 0x00, 0x01, 0xff, 0xff, 0xf3,
    0x0e, 0xff, 0xff, 0x60, 0x00, 0x03, 0xff, 0xff, 0xf2,
    0x0b, 0xff, 0xff, 0x90, 0x00, 0x06, 0xff, 0xff, 0xf0,
    0x08, 0xff, 0xff, 0xf1, 0x00, 0x0c, 0xff, 0xff, 0xb0,
    0x03, 0xff, 0xff, 0xfb, 0x21, 0x8f, 0xff, 0xff, 0x60,
    0x00, 0xcf, 0xff, 0xff, 0xff, 0xff, 0xff, 0xff, 0x10,
    0x00, 0x3f, 0xff, 0xff, 0xff, 0xff, 0xff, 0xf7, 0x00,
    0x00, 0x07, 0xff, 0xff, 0xff, 0xff, 0xff, 0xb0, 0x00,
    0x00, 0x00, 0x7f, 0xff, 0xff, 0xff, 0xfa, 0x00, 0x00,
    0x00, 0x00, 0x02, 0x8d, 0xff, 0xea, 0x30, 0x00, 0x00,

    /* U+0031 "1" */
    0x00, 0x00, 0x08, 0xff, 0xfc,
    0x00, 0x00, 0x3f, 0xff, 0xfc,
    0x00, 0x18, 0xff, 0xff, 0xfc,
    0x4e, 0xff, 0xff, 0xff, 0xfc,
    0x5f, 0xff, 0xff, 0xff, 0xfc,
    0x5f, 0xff, 0xff, 0xff, 0xfc,
    0x5f, 0xff, 0xff, 0xff, 0xfc,
    0x5f, 0xd9, 0x9f, 0xff, 0xfc,
    0x00, 0x00, 0x6f, 0xff, 0xfc,
    0x00, 0x00, 0x6f, 0xff, 0xfc,
    0x00, 0x00, 0x6f, 0xff, 0xfc,
    0x00, 0x00, 0x6f, 0xff, 0xfc,
    0x00, 0x00, 0x6f, 0xff, 0xfc,
    0x00, 0x00, 0x6f, 0xff, 0xfc,
    0x00, 0x00, 0x6f, 0xff, 0xfc,
    0x00, 0x00, 0x6f, 0xff, 0xfc,
    0x00, 0x00, 0x6f, 0xff, 0xfc,
    0x00, 0x00, 0x6f, 0xff, 0xfc,
    0x00, 0x00, 0x6f, 0xff, 0xfc,
    0x00, 0x00, 0x6f, 0xff, 0xfc,
    0x00, 0x00, 0x6f, 0xff, 0xfc,
    0x00, 0x00, 0x6f, 0xff, 0xfc,

    /* U+0032 "2" */
    0x00, 0x00, 0x05, 0xbe, 0xff, 0xc8, 0x10, 0x00,
    0x00, 0x03, 0xdf, 0xff, 0xff, 0xff, 0xe4, 0x00,
    0x00, 0x4f, 0xff, 0xff, 0xff, 0xff, 0xff, 0x30,
    0x03, 0xff, 0xff, 0xff, 0xff, 0xff, 0xff, 0xc0,
    0x0e, 0xff, 0xff, 0xff, 0xff, 0xff, 0xff, 0xf2,
    0x0a, 0xff, 0xff, 0xb3, 0x05, 0xff, 0xff, 0xf5,
    0x00, 0x6f, 0xf8, 0x00, 0x00, 0xcf, 0xff, 0xf5,
    0x00, 0x03, 0x80, 0x00, 0x00, 0xdf, 0xff, 0xf4,
    0x00, 0x00, 0x00, 0x00, 0x03, 0xff, 0xff, 0xf1,
    0x00, 0x00, 0x00, 0x00, 0x0d, 0xff, 0xff, 0xb0,
    0x00, 0x00, 0x00, 0x00, 0xbf, 0xff, 0xff, 0x30,
    0x00, 0x00, 0x00, 0x0a, 0xff, 0xff, 0xf9, 0x00,
    0x00, 0x00, 0x00, 0x9f, 0xff, 0xff, 0xc0, 0x00,
    0x00, 0x00, 0x09, 0xff, 0xff, 0xfd, 0x10, 0x00,
    0x00, 0x00, 0x9f, 0xff, 0xff, 0xd1, 0x00, 0x00,
    0x00, 0x09, 0xff, 0xff, 0xfe, 0x20, 0x00, 0x00,
    0x00, 0x9f, 0xff, 0xff, 0xe2, 0x00, 0x00, 0x00,
    0x08, 0xff, 0xff, 0xff, 0xff, 0xff, 0xff, 0xf7,
    0x0c, 0xff, 0xff, 0xff, 0xff, 0xff, 0xff, 0xf7,
    0x0c, 0xff, 0xff, 0xff, 0xff, 0xff, 0xff, 0xf7,
    0x0c, 0xff, 0xff, 0xff, 0xff, 0xff, 0xff, 0xf7,
    0x0c, 0xff, 0xff, 0xff, 0xff, 0xff, 0xff, 0xf7,

    /* U+0033 "3" */
    0x00, 0x00, 0x28, 0xce, 0xff, 0xd9, 0x30, 0x00, 0x00,
    0x00, 0x09, 0xff, 0xff, 0xff, 0xff, 0xf8, 0x00, 0x00,
    0x01, 0xcf, 0xff, 0xff, 0xff, 0xff, 0xff, 0x80, 0x00,
    0x0c, 0xff, 0xff, 0xff, 0xff, 0xff, 0xff, 0xf2, 0x00,
    0x09, 0xff, 0xff, 0xff, 0xff, 0xff, 0xff, 0xf6, 0x00,
    0x00, 0x6f, 0xfb, 0x41, 0x04, 0xef, 0xff, 0xf8, 0x00,
    0x00, 0x04, 0x60, 0x00, 0x00, 0xaf, 0xff, 0xf6, 0x00,
    0x00, 0x00, 0x00, 0x00, 0x16, 0xff, 0xff, 0xf2, 0x00,
    0x00, 0x00, 0x04, 0xff, 0xff, 0xff, 0xff, 0x90, 0x00,
    0x00, 0x00, 0x04, 0xff, 0xff, 0xff, 0xfa, 0x00, 0x00,
    0x00, 0x00, 0x04, 0xff, 0xff, 0xff, 0xfc, 0x20, 0x00,
    0x00, 0x00, 0x04, 0xff, 0xff, 0xff, 0xff, 0xf2, 0x00,
    0x00, 0x00, 0x01, 0x43, 0x48, 0xff, 0xff, 0xfc, 0x00,
    0x00, 0x00, 0x00, 0x00, 0x00, 0x2f, 0xff, 0xff, 0x30,
    0x00, 0x00, 0x00, 0x00, 0x00, 0x0d, 0xff, 0xff, 0x60,
    0x00, 0x1d, 0x70, 0x00, 0x00, 0x0f, 0xff, 0xff, 0x70,
    0x01, 0xdf, 0xfb, 0x41, 0x03, 0xcf, 0xff, 0xff, 0x50,
    0x1d, 0xff, 0xff, 0xff, 0xff, 0xff, 0xff, 0xff, 0x10,
    0x3f, 0xff, 0xff, 0xff, 0xff, 0xff, 0xff, 0xf9, 0x00,
    0x03, 0xef, 0xff, 0xff, 0xff, 0xff, 0xff, 0xd1, 0x00,
    0x00, 0x1b, 0xff, 0xff, 0xff, 0xff, 0xfb, 0x10, 0x00,
    0x00, 0x00, 0x38, 0xce, 0xff, 0xda, 0x40, 0x00, 0x00,

    /* U+0034 "4" */
    0x00, 0x00, 0xaf, 0xff, 0xf7, 0x00, 0x00, 0x00, 0x00,
    0x00, 0x00, 0xff, 0xff, 0xf2, 0x00, 0x00, 0x00, 0x00,
    0x00, 0x04, 0xff, 0xff, 0xd0, 0x00, 0x00, 0x00, 0x00,
    0x00, 0x09, 0xff, 0xff, 0x80, 0x00, 0x00, 0x00, 0x00,
    0x00, 0x0e, 0xff, 0xff, 0x30, 0x00, 0x00, 0x00, 0x00,
    0x00, 0x3f, 0xff, 0xfe, 0x00, 0x00, 0x00, 0x00, 0x00,
    0x00, 0x8f, 0xff, 0xf9, 0x00, 0x3f, 0xff, 0x90, 0x00,
    0x00, 0xef, 0xff, 0xf3, 0x00, 0x8f, 0xff, 0x90, 0x00,
    0x03, 0xff, 0xff, 0xe0, 0x00, 0xdf, 0xff, 0x90, 0x00,
    0x08, 0xff, 0xff, 0x90, 0x01, 0xff, 0xff, 0x90, 0x00,
    0x0d, 0xff, 0xff, 0x40, 0x06, 0xff, 0xff, 0x90, 0x00,
    0x2f, 0xff, 0xff, 0x00, 0x0b, 0xff, 0xff, 0x90, 0x00,
    0x7f, 0xff, 0xff, 0xff, 0xff, 0xff, 0xff, 0xff, 0xf7,
    0xcf, 0xff, 0xff, 0xff, 0xff, 0xff, 0xff, 0xff, 0xf7,
    0xff, 0xff, 0xff, 0xff, 0xff, 0xff, 0xff, 0xff, 0xf7,
    0xff, 0xff, 0xff, 0xff, 0xff, 0xff, 0xff, 0xff, 0xf7,
    0xff, 0xff, 0xff, 0xff, 0xff, 0xff, 0xff, 0xff, 0xf7,
    0x00, 0x00, 0x00, 0x00, 0x0a, 0xff, 0xff, 0x90, 0x00,
    0x00, 0x00, 0x00, 0x00, 0x0a, 0xff, 0xff, 0x90, 0x00,
    0x00, 0x00, 0x00, 0x00, 0x0a, 0xff, 0xff, 0x90, 0x00,
    0x00, 0x00, 0x00, 0x00, 0x0a, 0xff, 0xff, 0x90, 0x00,
    0x00, 0x00, 0x00, 0x00, 0x0a, 0xff, 0xff, 0x90, 0x00,

    /* U+0035 "5" */
    0x7f, 0xff, 0xff, 0xff, 0xff, 0xff, 0xff, 0x60,
    0x7f, 0xff, 0xff, 0xff, 0xff, 0xff, 0xff, 0x60,
    0x7f, 0xff, 0xff, 0xff, 0xff, 0xff, 0xff, 0x60,
    0x7f, 0xff, 0xff, 0xff, 0xff, 0xff, 0xff, 0x60,
    0x7f, 0xff, 0xff, 0xff, 0xff, 0xff, 0xff, 0x60,
    0x7f, 0xff, 0xf8, 0x00, 0x00, 0x00, 0x00, 0x00,
    0x7f, 0xff, 0xf8, 0x00, 0x00, 0x00, 0x00, 0x00,
    0x7f, 0xff, 0xf8, 0x5a, 0xdd, 0xb6, 0x00, 0x00,
    0x7f, 0xff, 0xff, 0xff, 0xff, 0xff, 0xe3, 0x00,
    0x7f, 0xff, 0xff, 0xff, 0xff, 0xff, 0xff, 0x20,
    0x7f, 0xff, 0xff, 0xff, 0xff, 0xff, 0xff, 0xb0,
    0x7f, 0xff, 0xff, 0xff, 0xff, 0xff, 0xff, 0xf2,
    0x4b, 0xff, 0xfb, 0x30, 0x2b, 0xff, 0xff, 0xf6,
    0x00, 0x02, 0x50, 0x00, 0x00, 0xef, 0xff, 0xf8,
    0x00, 0x00, 0x00, 0x00, 0x00, 0xbf, 0xff, 0xf9,
    0x00, 0x00, 0x30, 0x00, 0x00, 0xdf, 0xff, 0xf7,
    0x00, 0x2b, 0xf8, 0x00, 0x07, 0xff, 0xff, 0xf5,
    0x07, 0xff, 0xff, 0xfd, 0xef, 0xff, 0xff, 0xf0,
    0x9f, 0xff, 0xff, 0xff, 0xff, 0xff, 0xff, 0x80,
    0x1d, 0xff, 0xff, 0xff, 0xff, 0xff, 0xfc, 0x00,
    0x00, 0x9f, 0xff, 0xff, 0xff, 0xff, 0xa0, 0x00,
    0x00, 0x02, 0x8c, 0xef, 0xfd, 0x93, 0x00, 0x00,

    /* U+0036 "6" */
    0x00, 0x00, 0x04, 0xad, 0xff, 0xeb, 0x71, 0x00, 0x00,
    0x00, 0x01, 0xcf, 0xff, 0xff, 0xff, 0xff, 0x80, 0x00,
    0x00, 0x2e, 0xff, 0xff, 0xff, 0xff, 0xff, 0xfc, 0x00,
    0x00, 0xdf, 0xff, 0xff, 0xff, 0xff, 0xff, 0xf6, 0x00,
    0x07, 0xff, 0xff, 0xff, 0xec, 0xef, 0xff, 0x80, 0x00,
    0x0e, 0xff, 0xff, 0xe4, 0x00, 0x02, 0x9a, 0x00, 0x00,
    0x4f, 0xff, 0xff, 0x30, 0x00, 0x00, 0x00, 0x00, 0x00,
    0x8f, 0xff, 0xfb, 0x00, 0x24, 0x42, 0x00, 0x00, 0x00,
    0xbf, 0xff, 0xf7, 0x4c, 0xff, 0xff, 0xd5, 0x00, 0x00,
    0xdf, 0xff, 0xfc, 0xff, 0xff, 0xff, 0xff, 0x80, 0x00,
    0xff, 0xff, 0xff, 0xff, 0xff, 0xff, 0xff, 0xf5, 0x00,
    0xff, 0xff, 0xff, 0xff, 0xff, 0xff, 0xff, 0xfd, 0x00,
    0xff, 0xff, 0xff, 0xa2, 0x02, 0xbf, 0xff, 0xff, 0x20,
    0xdf, 0xff, 0xfd, 0x00, 0x00, 0x0d, 0xff, 0xff, 0x50,
    0xbf, 0xff, 0xf9, 0x00, 0x00, 0x0a, 0xff, 0xff, 0x50,
    0x8f, 0xff, 0xfb, 0x00, 0x00, 0x0c, 0xff, 0xff, 0x40,
    0x3f, 0xff, 0xff, 0x60, 0x00, 0x7f, 0xff, 0xff, 0x20,
    0x0c, 0xff, 0xff, 0xfe, 0xce, 0xff, 0xff, 0xfc, 0x00,
    0x04, 0xff, 0xff, 0xff, 0xff, 0xff, 0xff, 0xf5, 0x00,
    0x00, 0x7f, 0xff, 0xff, 0xff, 0xff, 0xff, 0x90, 0x00,
    0x00, 0x06, 0xff, 0xff, 0xff, 0xff, 0xf8, 0x00, 0x00,
    0x00, 0x00, 0x17, 0xcf, 0xff, 0xc8, 0x20, 0x00, 0x00,

    /* U+0037 "7" */
    0x0f, 0xff, 0xff, 0xff, 0xff, 0xff, 0xff, 0xf5,
    0x0f, 0xff, 0xff, 0xff, 0xff, 0xff, 0xff, 0xf5,
    0x0f, 0xff, 0xff, 0xff, 0xff, 0xff, 0xff, 0xf5,
    0x0f, 0xff, 0xff, 0xff, 0xff, 0xff, 0xff, 0xf5,
    0x0f, 0xff, 0xff, 0xff, 0xff, 0xff, 0xff, 0xf3,
    0x00, 0x00, 0x00, 0x00, 0x0b, 0xff, 0xff, 0xc0,
    0x00, 0x00, 0x00, 0x00, 0x2f, 0xff, 0xff, 0x50,
    0x00, 0x00, 0x00, 0x00, 0xaf, 0xff, 0xfd, 0x00,
    0x00, 0x00, 0x00, 0x02, 0xff, 0xff, 0xf6, 0x00,
    0x00, 0x00, 0x00, 0x09, 0xff, 0xff, 0xe0, 0x00,
    0x00, 0x00, 0x00, 0x1f, 0xff, 0xff, 0x80, 0x00,
    0x00, 0x00, 0x00, 0x8f, 0xff, 0xff, 0x10, 0x00,
    0x00, 0x00, 0x00, 0xff, 0xff, 0xf9, 0x00, 0x00,
    0x00, 0x00, 0x07, 0xff, 0xff, 0xf2, 0x00, 0x00,
    0x00, 0x00, 0x0e, 0xff, 0xff, 0xa0, 0x00, 0x00,
    0x00, 0x00, 0x6f, 0xff, 0xff, 0x30, 0x00, 0x00,
    0x00, 0x00, 0xdf, 0xff, 0xfc, 0x00, 0x00, 0x00,
    0x00, 0x05, 0xff, 0xff, 0xf4, 0x00, 0x00, 0x00,
    0x00, 0x0d, 0xff, 0xff, 0xd0, 0x00, 0x00, 0x00,
    0x00, 0x4f, 0xff, 0xff, 0x60, 0x00, 0x00, 0x00,
    0x00, 0xcf, 0xff, 0xfe, 0x00, 0x00, 0x00, 0x00,
    0x03, 0xff, 0xff, 0xf7, 0x00, 0x00, 0x00, 0x00,

    /* U+0038 "8" */
    0x00, 0x01, 0x7c, 0xef, 0xfe, 0xb6, 0x00, 0x00,
    0x00, 0x5e, 0xff, 0xff, 0xff, 0xff, 0xd3, 0x00,
    0x05, 0xff, 0xff, 0xff, 0xff, 0xff, 0xff, 0x20,
    0x0e, 0xff, 0xff, 0xff, 0xff, 0xff, 0xff, 0xb0,
    0x5f, 0xff, 0xff, 0xfd, 0xdf, 0xff, 0xff, 0xf1,
    0x8f, 0xff, 0xfe, 0x20, 0x04, 0xff, 0xff, 0xf4,
    0x8f, 0xff, 0xfb, 0x00, 0x00, 0xef, 0xff, 0xf4,
    0x4f, 0xff, 0xff, 0x50, 0x18, 0xff, 0xff, 0xf1,
    0x0c, 0xff, 0xff, 0xff, 0xff, 0xff, 0xff, 0x90,
    0x02, 0xef, 0xff, 0xff, 0xff, 0xff, 0xfc, 0x00,
    0x00, 0x4f, 0xff, 0xff, 0xff, 0xff, 0xf2, 0x00,
    0x04, 0xff, 0xff, 0xff, 0xff, 0xff, 0xfe, 0x20,
    0x1f, 0xff, 0xff, 0xfc, 0xcf, 0xff, 0xff, 0xd0,
    0x9f, 0xff, 0xfc, 0x10, 0x02, 0xef, 0xff, 0xf5,
    0xdf, 0xff, 0xf5, 0x00, 0x00, 0x8f, 0xff, 0xfa,
    0xff, 0xff, 0xf5, 0x00, 0x00, 0x8f, 0xff, 0xfc,
    0xef, 0xff, 0xfd, 0x10, 0x03, 0xef, 0xff, 0xfb,
    0xaf, 0xff, 0xff, 0xfd, 0xdf, 0xff, 0xff, 0xf7,
    0x4f, 0xff, 0xff, 0xff, 0xff, 0xff, 0xff, 0xf1,
    0x09, 0xff, 0xff, 0xff, 0xff, 0xff, 0xff, 0x60,
    0x00, 0x8f, 0xff, 0xff, 0xff, 0xff, 0xf6, 0x00,
    0x00, 0x02, 0x8c, 0xef, 0xfe, 0xb7, 0x10, 0x00,

    /* U+0039 "9" */
    0x00, 0x00, 0x17, 0xce, 0xff, 0xd9, 0x20, 0x00, 0x00,
    0x00, 0x05, 0xff, 0xff, 0xff, 0xff, 0xf9, 0x00, 0x00,
    0x00, 0x6f, 0xff, 0xff, 0xff, 0xff, 0xff, 0xb0, 0x00,
    0x02, 0xff, 0xff, 0xff, 0xff, 0xff, 0xff, 0xf8, 0x00,
    0x09, 0xff, 0xff, 0xff, 0xcd, 0xff, 0xff, 0xff, 0x10,
    0x0e, 0xff, 0xff, 0xa0, 0x00, 0x3e, 0xff, 0xff, 0x80,
    0x0f, 0xff, 0xff, 0x00, 0x00, 0x07, 0xff, 0xff, 0xd0,
    0x1f, 0xff, 0xff, 0x00, 0x00, 0x06, 0xff, 0xff, 0xf0,
    0x0f, 0xff, 0xff, 0x40, 0x00, 0x0b, 0xff, 0xff, 0xf2,
    0x0d, 0xff, 0xff, 0xf8, 0x56, 0xcf, 0xff, 0xff, 0xf3,
    0x07, 0xff, 0xff, 0xff, 0xff, 0xff, 0xff, 0xff, 0xf3,
    0x00, 0xdf, 0xff, 0xff, 0xff, 0xff, 0xff, 0xff, 0xf3,
    0x00, 0x1d, 0xff, 0xff, 0xff, 0xf7, 0xff, 0xff, 0xf2,
    0x00, 0x00, 0x7c, 0xff, 0xd9, 0x23, 0xff, 0xff, 0xf0,
    0x00, 0x00, 0x00, 0x00, 0x00, 0x08, 0xff, 0xff, 0xd0,
    0x00, 0x00, 0x00, 0x00, 0x00, 0x1e, 0xff, 0xff, 0x90,
    0x00, 0x07, 0xc4, 0x00, 0x02, 0xcf, 0xff, 0xff, 0x30,
    0x00, 0x5f, 0xff, 0xfd, 0xdf, 0xff, 0xff, 0xfb, 0x00,
    0x03, 0xff, 0xff, 0xff, 0xff, 0xff, 0xff, 0xf2, 0x00,
    0x08, 0xff, 0xff, 0xff, 0xff, 0xff, 0xff, 0x40, 0x00,
    0x00, 0x5e, 0xff, 0xff, 0xff, 0xff, 0xd3, 0x00, 0x00,
    0x00, 0x00, 0x5a, 0xef, 0xfe, 0xb5, 0x00, 0x00, 0x00,

    /* U+003A ":" */
    0x04, 0xdf, 0xd6, 0x00,
    0x4f, 0xff, 0xff, 0x60,
    0xcf, 0xff, 0xff, 0xe0,
    0xef, 0xff, 0xff, 0xf0,
    0xbf, 0xff, 0xff, 0xe0,
    0x3f, 0xff, 0xff, 0x60,
    0x03, 0xce, 0xc5, 0x00,
    0x00, 0x00, 0x00, 0x00,
    0x00, 0x00, 0x00, 0x00,
    0x03, 0xbe, 0xc5, 0x00,
    0x3f, 0xff, 0xff, 0x50,
    0xbf, 0xff, 0xff, 0xe0,
    0xef, 0xff, 0xff, 0xf0,
    0xcf, 0xff, 0xff, 0xe0,
    0x4f, 0xff, 0xff, 0x60,
    0x04, 0xdf, 0xd6, 0x00,

    /* U+003B ";" */
    0x00, 0x3c, 0xfe, 0x80, 0x00,
    0x02, 0xff, 0xff, 0xf9, 0x00,
    0x09, 0xff, 0xff, 0xff, 0x10,
    0x0b, 0xff, 0xff, 0xff, 0x30,
    0x09, 0xff, 0xff, 0xff, 0x10,
    0x01, 0xef, 0xff, 0xf8, 0x00,
    0x00, 0x2b, 0xed, 0x70, 0x00,
    0x00, 0x00, 0x00, 0x00, 0x00,
    0x00, 0x00, 0x00, 0x00, 0x00,
    0x00, 0x00, 0x00, 0x00, 0x00,
    0x00, 0x4d, 0xff, 0x90, 0x00,
    0x04, 0xff, 0xff, 0xfb, 0x00,
    0x0b, 0xff, 0xff, 0xff, 0x30,
    0x02, 0xdf, 0xff, 0xff, 0x70,
    0x00, 0x1f, 0xff, 0xff, 0x70,
    0x00, 0x0d, 0xff, 0xff, 0x50,
    0x00, 0x0f, 0xff, 0xff, 0x00,
    0x00, 0x7f, 0xff, 0xf8, 0x00,
    0x04, 0xff, 0xff, 0xd0, 0x00,
    0x0c, 0xff, 0xfe, 0x20, 0x00,
    0x01, 0xcf, 0xe2, 0x00, 0x00,
    0x00, 0x09, 0x10, 0x00, 0x00,

    /* U+003C "<" */
    0x00, 0x00, 0x00, 0x00, 0x00, 0x01, 0xa1, 0x00,
    0x00, 0x00, 0x00, 0x00, 0x00, 0x7f, 0xfa, 0x00,
    0x00, 0x00, 0x00, 0x00, 0x3d, 0xff, 0xff, 0x30,
    0x00, 0x00, 0x00, 0x1a, 0xff, 0xff, 0xff, 0xd0,
    0x00, 0x00, 0x06, 0xff, 0xff, 0xff, 0xff, 0x70,
    0x00, 0x03, 0xcf, 0xff, 0xff, 0xff, 0xb1, 0x00,
    0x01, 0x9f, 0xff, 0xff, 0xff, 0xe5, 0x00, 0x00,
    0x5e, 0xff, 0xff, 0xff, 0xf8, 0x00, 0x00, 0x00,
    0xbf, 0xff, 0xff, 0xfc, 0x20, 0x00, 0x00, 0x00,
    0xbf, 0xff, 0xff, 0xf4, 0x00, 0x00, 0x00, 0x00,
    0xaf, 0xff, 0xff, 0xff, 0xa1, 0x00, 0x00, 0x00,
    0x07, 0xff, 0xff, 0xff, 0xfe, 0x60, 0x00, 0x00,
    0x00, 0x2b, 0xff, 0xff, 0xff, 0xfc, 0x30, 0x00,
    0x00, 0x00, 0x4d, 0xff, 0xff, 0xff, 0xf9, 0x00,
    0x00, 0x00, 0x00, 0x8f, 0xff, 0xff, 0xff, 0xe0,
    0x00, 0x00, 0x00, 0x02, 0xbf, 0xff, 0xff, 0x80,
    0x00, 0x00, 0x00, 0x00, 0x05, 0xef, 0xfe, 0x00,
    0x00, 0x00, 0x00, 0x00, 0x00, 0x08, 0xf5, 0x00,
    0x00, 0x00, 0x00, 0x00, 0x00, 0x00, 0x10, 0x00,

    /* U+003D "=" */
    0x0f, 0xff, 0xff, 0xff, 0xff, 0xff, 0xff, 0xff, 0x80,
    0x0f, 0xff, 0xff, 0xff, 0xff, 0xff, 0xff, 0xff, 0x80,
    0x0f, 0xff, 0xff, 0xff, 0xff, 0xff, 0xff, 0xff, 0x80,
    0x0f, 0xff, 0xff, 0xff, 0xff, 0xff, 0xff, 0xff, 0x80,
    0x0e, 0xee, 0xee, 0xee, 0xee, 0xee, 0xee, 0xee, 0x70,
    0x00, 0x00, 0x00, 0x00, 0x00, 0x00, 0x00, 0x00, 0x00,
    0x00, 0x00, 0x00, 0x00, 0x00, 0x00, 0x00, 0x00, 0x00,
    0x0d, 0xdd, 0xdd, 0xdd, 0xdd, 0xdd, 0xdd, 0xdd, 0x60,
    0x0f, 0xff, 0xff, 0xff, 0xff, 0xff, 0xff, 0xff, 0x80,
    0x0f, 0xff, 0xff, 0xff, 0xff, 0xff, 0xff, 0xff, 0x80,
    0x0f, 0xff, 0xff, 0xff, 0xff, 0xff, 0xff, 0xff, 0x80,
    0x0f, 0xff, 0xff, 0xff, 0xff, 0xff, 0xff, 0xff, 0x80,

    /* U+003E ">" */
    0x00, 0x74, 0x00, 0x00, 0x00, 0x00, 0x00, 0x00,
    0x03, 0xff, 0xa1, 0x00, 0x00, 0x00, 0x00, 0x00,
    0x0c, 0xff, 0xff, 0x70, 0x00, 0x00, 0x00, 0x00,
    0x6f, 0xff, 0xff, 0xfd, 0x30, 0x00, 0x00, 0x00,
    0x3c, 0xff, 0xff, 0xff, 0xfa, 0x10, 0x00, 0x00,
    0x00, 0x6f, 0xff, 0xff, 0xff, 0xe6, 0x00, 0x00,
    0x00, 0x01, 0xaf, 0xff, 0xff, 0xff, 0xc3, 0x00,
    0x00, 0x00, 0x04, 0xdf, 0xff, 0xff, 0xff, 0x90,
    0x00, 0x00, 0x00, 0x07, 0xff, 0xff, 0xff, 0xf3,
    0x00, 0x00, 0x00, 0x00, 0xaf, 0xff, 0xff, 0xf3,
    0x00, 0x00, 0x00, 0x5e, 0xff, 0xff, 0xff, 0xf2,
    0x00, 0x00, 0x1b, 0xff, 0xff, 0xff, 0xfc, 0x20,
    0x00, 0x07, 0xff, 0xff, 0xff, 0xfe, 0x50, 0x00,
    0x03, 0xdf, 0xff, 0xff, 0xff, 0x90, 0x00, 0x00,
    0x7f, 0xff, 0xff, 0xff, 0xc3, 0x00, 0x00, 0x00,
    0x2f, 0xff, 0xff, 0xe6, 0x00, 0x00, 0x00, 0x00,
    0x08, 0xff, 0xf9, 0x10, 0x00, 0x00, 0x00, 0x00,
    0x00, 0xdc, 0x30, 0x00, 0x00, 0x00, 0x00, 0x00,
    0x00, 0x10, 0x00, 0x00, 0x00, 0x00, 0x00, 0x00,

    /* U+003F "?" */
    0x00, 0x00, 0x03, 0x9d, 0xff, 0xeb, 0x50, 0x00, 0x00,
    0x00, 0x01, 0xbf, 0xff, 0xff, 0xff, 0xfc, 0x10, 0x00,
    0x00, 0x4e, 0xff, 0xff, 0xff, 0xff, 0xff, 0xd1, 0x00,
    0x05, 0xff, 0xff, 0xff, 0xff, 0xff, 0xff, 0xf9, 0x00,
    0x0e, 0xff, 0xff, 0xff, 0xff, 0xff, 0xff, 0xff, 0x00,
    0x03, 0xff, 0xff, 0xf7, 0x11, 0x9f, 0xff, 0xff, 0x20,
    0x00, 0x5f, 0xfc, 0x20, 0x00, 0x1f, 0xff, 0xff, 0x30,
    0x00, 0x08, 0xa0, 0x00, 0x00, 0x3f, 0xff, 0xff, 0x10,
    0x00, 0x00, 0x00, 0x00, 0x01, 0xdf, 0xff, 0xfe, 0x00,
    0x00, 0x00, 0x00, 0x00, 0x4e, 0xff, 0xff, 0xf8, 0x00,
    0x00, 0x00, 0x00, 0x09, 0xff, 0xff, 0xff, 0xd0, 0x00,
    0x00, 0x00, 0x03, 0xdf, 0xff, 0xff, 0xfd, 0x10, 0x00,
    0x00, 0x00, 0x05, 0xff, 0xff, 0xff, 0xb1, 0x00, 0x00,
    0x00, 0x00, 0x00, 0xaf, 0xff, 0xf7, 0x00, 0x00, 0x00,
    0x00, 0x00, 0x00, 0x1e, 0xfc, 0x20, 0x00, 0x00, 0x00,
    0x00, 0x00, 0x00, 0x05, 0x60, 0x00, 0x00, 0x00, 0x00,
    0x00, 0x00, 0x00, 0x01, 0x42, 0x00, 0x00, 0x00, 0x00,
    0x00, 0x00, 0x00, 0x6f, 0xff, 0xb0, 0x00, 0x00, 0x00,
    0x00, 0x00, 0x02, 0xff, 0xff, 0xf8, 0x00, 0x00, 0x00,
    0x00, 0x00, 0x07, 0xff, 0xff, 0xfd, 0x00, 0x00, 0x00,
    0x00, 0x00, 0x06, 0xff, 0xff, 0xfc, 0x00, 0x00, 0x00,
    0x00, 0x00, 0x01, 0xef, 0xff, 0xf6, 0x00, 0x00, 0x00,
    0x00, 0x00, 0x00, 0x3c, 0xfe, 0x60, 0x00, 0x00, 0x00,

    /* U+0040 "@" */
    0x00, 0x00, 0x00, 0x00, 0x00, 0x01, 0x45, 0x65, 0x30, 0x00, 0x00, 0x00, 0x00, 0x00,
    0x00, 0x00, 0x00, 0x00, 0x29, 0xef, 0xff, 0xff, 0xff, 0xc6, 0x00, 0x00, 0x00, 0x00,
    0x00, 0x00, 0x00, 0x2a, 0xff, 0xff, 0xff, 0xff, 0xff, 0xff, 0xe7, 0x00, 0x00, 0x00,
    0x00, 0x00, 0x05, 0xff, 0xff, 0xff, 0xff, 0xff, 0xff, 0xff, 0xff, 0xb1, 0x00, 0x00,
    0x00, 0x00, 0x7f, 0xff, 0xff, 0xff, 0xff, 0xff, 0xff, 0xff, 0xff, 0xfd, 0x10, 0x00,
    0x00, 0x05, 0xff, 0xff, 0xff, 0xc6, 0x20, 0x01, 0x38, 0xef, 0xff, 0xff, 0xc0, 0x00,
    0x00, 0x2f, 0xff, 0xff, 0xe5, 0x00, 0x00, 0x00, 0x00, 0x08, 0xff, 0xff, 0xf8, 0x00,
    0x00, 0xbf, 0xff, 0xfe, 0x20, 0x07, 0xbd, 0xc8, 0x18, 0x99, 0x8f, 0xff, 0xff, 0x10,
    0x03, 0xff, 0xff, 0xf2, 0x03, 0xef, 0xff, 0xff, 0xef, 0xff, 0x0b, 0xff, 0xff, 0x70,
    0x09, 0xff, 0xff, 0x80, 0x3f, 0xff, 0xff, 0xff, 0xff, 0xfd, 0x03, 0xff, 0xff, 0xc0,
    0x0e, 0xff, 0xff, 0x10, 0xef, 0xff, 0xff, 0xff, 0xff, 0xfa, 0x00, 0xef, 0xff, 0xf0,
    0x1f, 0xff, 0xfc, 0x07, 0xff, 0xff, 0xb1, 0x3f, 0xff, 0xf6, 0x00, 0xbf, 0xff, 0xf0,
    0x3f, 0xff, 0xf9, 0x0c, 0xff, 0xff, 0x10, 0x0f, 0xff, 0xf3, 0x00, 0xbf, 0xff, 0xf0,
    0x5f, 0xff, 0xf7, 0x0f, 0xff, 0xfc, 0x00, 0x0f, 0xff, 0xf0, 0x00, 0xdf, 0xff, 0xe0,
    0x5f, 0xff, 0xf7, 0x1f, 0xff, 0xfb, 0x00, 0x6f, 0xff, 0xe0, 0x03, 0xff, 0xff, 0xb0,
    0x4f, 0xff, 0xf9, 0x1f, 0xff, 0xff, 0x35, 0xff, 0xff, 0xf3, 0x5e, 0xff, 0xff, 0x50,
    0x1f, 0xff, 0xfc, 0x0e, 0xff, 0xff, 0xff, 0xff, 0xff, 0xff, 0xff, 0xff, 0xfd, 0x00,
    0x0e, 0xff, 0xff, 0x27, 0xff, 0xff, 0xff, 0xff, 0xff, 0xff, 0xff, 0xff, 0xf2, 0x00,
    0x09, 0xff, 0xff, 0xa0, 0xbf, 0xff, 0xff, 0xfb, 0xff, 0xff, 0xff, 0xfd, 0x20, 0x00,
    0x03, 0xff, 0xff, 0xf6, 0x07, 0xdf, 0xfb, 0x40, 0x4c, 0xff, 0xda, 0x50, 0x00, 0x00,
    0x00, 0xbf, 0xff, 0xff, 0x60, 0x00, 0x00, 0x00, 0x00, 0x00, 0x94, 0x00, 0x00, 0x00,
    0x00, 0x1f, 0xff, 0xff, 0xfb, 0x20, 0x00, 0x00, 0x00, 0x5e, 0xff, 0x20, 0x00, 0x00,
    0x00, 0x04, 0xff, 0xff, 0xff, 0xfc, 0x96, 0x67, 0x9d, 0xff, 0xff, 0xd1, 0x00, 0x00,
    0x00, 0x00, 0x5f, 0xff, 0xff, 0xff, 0xff, 0xff, 0xff, 0xff, 0xff, 0xf5, 0x00, 0x00,
    0x00, 0x00, 0x03, 0xdf, 0xff, 0xff, 0xff, 0xff, 0xff, 0xff, 0xff, 0x50, 0x00, 0x00,
    0x00, 0x00, 0x00, 0x06, 0xdf, 0xff, 0xff, 0xff, 0xff, 0xff, 0xa1, 0x00, 0x00, 0x00,
    0x00, 0x00, 0x00, 0x00, 0x03, 0x8b, 0xef, 0xff, 0xda, 0x61, 0x00, 0x00, 0x00, 0x00,

    /* U+0041 "A" */
    0x00, 0x00, 0x00, 0x03, 0xff, 0xff, 0xf9, 0x00, 0x00, 0x00, 0x00,
    0x00, 0x00, 0x00, 0x08, 0xff, 0xff, 0xfe, 0x00, 0x00, 0x00, 0x00,
    0x00, 0x00, 0x00, 0x0e, 0xff, 0xff, 0xff, 0x40, 0x00, 0x00, 0x00,
    0x00, 0x00, 0x00, 0x4f, 0xff, 0xff, 0xff, 0x90, 0x00, 0x00, 0x00,
    0x00, 0x00, 0x00, 0x9f, 0xff, 0xff, 0xff, 0xe0, 0x00, 0x00, 0x00,
    0x00, 0x00, 0x00, 0xef, 0xff, 0xff, 0xff, 0xf3, 0x00, 0x00, 0x00,
    0x00, 0x00, 0x05, 0xff, 0xff, 0xef, 0xff, 0xf8, 0x00, 0x00, 0x00,
    0x00, 0x00, 0x0a, 0xff, 0xff, 0x5f, 0xff, 0xfe, 0x00, 0x00, 0x00,
    0x00, 0x00, 0x0f, 0xff, 0xff, 0x0b, 0xff, 0xff, 0x30, 0x00, 0x00,
    0x00, 0x00, 0x5f, 0xff, 0xfa, 0x06, 0xff, 0xff, 0x80, 0x00, 0x00,
    0x00, 0x00, 0xbf, 0xff, 0xf4, 0x01, 0xff, 0xff, 0xd0, 0x00, 0x00,
    0x00, 0x01, 0xff, 0xff, 0xf0, 0x00, 0xcf, 0xff, 0xf2, 0x00, 0x00,
    0x00, 0x06, 0xff, 0xff, 0xa0, 0x00, 0x8f, 0xff, 0xf8, 0x00, 0x00,
    0x00, 0x0c, 0xff, 0xff, 0xec, 0xcc, 0xdf, 0xff, 0xfd, 0x00, 0x00,
    0x00, 0x1f, 0xff, 0xff, 0xff, 0xff, 0xff, 0xff, 0xff, 0x20, 0x00,
    0x00, 0x7f, 0xff, 0xff, 0xff, 0xff, 0xff, 0xff, 0xff, 0x70, 0x00,
    0x00, 0xdf, 0xff, 0xff, 0xff, 0xff, 0xff, 0xff, 0xff, 0xd0, 0x00,
    0x02, 0xff, 0xff, 0xff, 0xff, 0xff, 0xff, 0xff, 0xff, 0xf2, 0x00,
    0x08, 0xff, 0xff, 0x90, 0x00, 0x00, 0x00, 0xaf, 0xff, 0xf7, 0x00,
    0x0d, 0xff, 0xff, 0x40, 0x00, 0x00, 0x00, 0x5f, 0xff, 0xfc, 0x00,
    0x3f, 0xff, 0xfe, 0x00, 0x00, 0x00, 0x00, 0x1f, 0xff, 0xff, 0x10,
    0x9f, 0xff, 0xf9, 0x00, 0x00, 0x00, 0x00, 0x0c, 0xff, 0xff, 0x70,

    /* U+0042 "B" */
    0x6f, 0xff, 0xff, 0xff, 0xff, 0xec, 0x82, 0x00, 0x00,
    0x6f, 0xff, 0xff, 0xff, 0xff, 0xff, 0xff, 0x70, 0x00,
    0x6f, 0xff, 0xff, 0xff, 0xff, 0xff, 0xff, 0xf5, 0x00,
    0x6f, 0xff, 0xff, 0xff, 0xff, 0xff, 0xff, 0xfd, 0x00,
    0x6f, 0xff, 0xff, 0xff, 0xff, 0xff, 0xff, 0xff, 0x10,
    0x6f, 0xff, 0xfd, 0x00, 0x00, 0x9f, 0xff, 0xff, 0x40,
    0x6f, 0xff, 0xfd, 0x00, 0x00, 0x1f, 0xff, 0xff, 0x40,
    0x6f, 0xff, 0xfd, 0x00, 0x00, 0x1f, 0xff, 0xff, 0x30,
    0x6f, 0xff, 0xfd, 0x00, 0x01, 0xaf, 0xff, 0xff, 0x00,
    0x6f, 0xff, 0xff, 0xff, 0xff, 0xff, 0xff, 0xf8, 0x00,
    0x6f, 0xff, 0xff, 0xff, 0xff, 0xff, 0xff, 0xb0, 0x00,
    0x6f, 0xff, 0xff, 0xff, 0xff, 0xff, 0xfe, 0x20, 0x00,
    0x6f, 0xff, 0xff, 0xff, 0xff, 0xff, 0xff, 0xf5, 0x00,
    0x6f, 0xff, 0xfe, 0x55, 0x56, 0xaf, 0xff, 0xff, 0x10,
    0x6f, 0xff, 0xfd, 0x00, 0x00, 0x0b, 0xff, 0xff, 0x80,
    0x6f, 0xff, 0xfd, 0x00, 0x00, 0x09, 0xff, 0xff, 0xb0,
    0x6f, 0xff, 0xfd, 0x00, 0x00, 0x4f, 0xff, 0xff, 0xb0,
    0x6f, 0xff, 0xff, 0xff, 0xff, 0xff, 0xff, 0xff, 0x90,
    0x6f, 0xff, 0xff, 0xff, 0xff, 0xff, 0xff, 0xff, 0x50,
    0x6f, 0xff, 0xff, 0xff, 0xff, 0xff, 0xff, 0xfc, 0x00,
    0x6f, 0xff, 0xff, 0xff, 0xff, 0xff, 0xff, 0xc1, 0x00,
    0x6f, 0xff, 0xff, 0xff, 0xff, 0xfd, 0xa4, 0x00, 0x00,

    /* U+0043 "C" */
    0x00, 0x00, 0x00, 0x05, 0x9d, 0xff, 0xfe, 0xb7, 0x20, 0x00, 0x00,
    0x00, 0x00, 0x05, 0xef, 0xff, 0xff, 0xff, 0xff, 0xfa, 0x10, 0x00,
    0x00, 0x00, 0xaf, 0xff, 0xff, 0xff, 0xff, 0xff, 0xff, 0xe2, 0x00,
    0x00, 0x0b, 0xff, 0xff, 0xff, 0xff, 0xff, 0xff, 0xff, 0xfe, 0x10,
    0x00, 0x8f, 0xff, 0xff, 0xff, 0xff, 0xff, 0xff, 0xff, 0xff, 0xc0,
    0x02, 0xff, 0xff, 0xff, 0xd5, 0x10, 0x14, 0xaf, 0xff, 0xff, 0xf5,
    0x09, 0xff, 0xff, 0xfa, 0x00, 0x00, 0x00, 0x05, 0xff, 0xff, 0xf8,
    0x0e, 0xff, 0xff, 0xc0, 0x00, 0x00, 0x00, 0x00, 0x6f, 0xe7, 0x10,
    0x2f, 0xff, 0xff, 0x40, 0x00, 0x00, 0x00, 0x00, 0x03, 0x00, 0x00,
    0x5f, 0xff, 0xff, 0x00, 0x00, 0x00, 0x00, 0x00, 0x00, 0x00, 0x00,
    0x6f, 0xff, 0xfe, 0x00, 0x00, 0x00, 0x00, 0x00, 0x00, 0x00, 0x00,
    0x6f, 0xff, 0xfe, 0x00, 0x00, 0x00, 0x00, 0x00, 0x00, 0x00, 0x00,
    0x5f, 0xff, 0xff, 0x00, 0x00, 0x00, 0x00, 0x00, 0x00, 0x00, 0x00,
    0x3f, 0xff, 0xff, 0x40, 0x00, 0x00, 0x00, 0x00, 0x03, 0x00, 0x00,
    0x0f, 0xff, 0xff, 0xc0, 0x00, 0x00, 0x00, 0x00, 0x6f, 0xd7, 0x10,
    0x0a, 0xff, 0xff, 0xfa, 0x00, 0x00, 0x00, 0x05, 0xff, 0xff, 0xf8,
    0x03, 0xff, 0xff, 0xff, 0xd6, 0x10, 0x14, 0xaf, 0xff, 0xff, 0xf5,
    0x00, 0x9f, 0xff, 0xff, 0xff, 0xff, 0xff, 0xff, 0xff, 0xff, 0xc0,
    0x00, 0x0c, 0xff, 0xff, 0xff, 0xff, 0xff, 0xff, 0xff, 0xfe, 0x20,
    0x00, 0x01, 0xcf, 0xff, 0xff, 0xff, 0xff, 0xff, 0xff, 0xe3, 0x00,
    0x00, 0x00, 0x07, 0xef, 0xff, 0xff, 0xff, 0xff, 0xfa, 0x10, 0x00,
    0x00, 0x00, 0x00, 0x05, 0xad, 0xff, 0xfe, 0xb7, 0x20, 0x00, 0x00,

    /* U+0044 "D" */
    0x6f, 0xff, 0xff, 0xff, 0xff, 0xdb, 0x61, 0x00, 0x00, 0x00,
    0x6f, 0xff, 0xff, 0xff, 0xff, 0xff, 0xff, 0x91, 0x00, 0x00,
    0x6f, 0xff, 0xff, 0xff, 0xff, 0xff, 0xff, 0xfe, 0x20, 0x00,
    0x6f, 0xff, 0xff, 0xff, 0xff, 0xff, 0xff, 0xff, 0xe1, 0x00,
    0x6f, 0xff, 0xff, 0xff, 0xff, 0xff, 0xff, 0xff, 0xfc, 0x00,
    0x6f, 0xff, 0xfd, 0x00, 0x01, 0x5c, 0xff, 0xff, 0xff, 0x40,
    0x6f, 0xff, 0xfd, 0x00, 0x00, 0x00, 0x7f, 0xff, 0xff, 0xb0,
    0x6f, 0xff, 0xfd, 0x00, 0x00, 0x00, 0x0b, 0xff, 0xff, 0xf0,
    0x6f, 0xff, 0xfd, 0x00, 0x00, 0x00, 0x04, 0xff, 0xff, 0xf3,
    0x6f, 0xff, 0xfd, 0x00, 0x00, 0x00, 0x00, 0xff, 0xff, 0xf5,
    0x6f, 0xff, 0xfd, 0x00, 0x00, 0x00, 0x00, 0xef, 0xff, 0xf6,
    0x6f, 0xff, 0xfd, 0x00, 0x00, 0x00, 0x00, 0xef, 0xff, 0xf6,
    0x6f, 0xff, 0xfd, 0x00, 0x00, 0x00, 0x00, 0xff, 0xff, 0xf5,
    0x6f, 0xff, 0xfd, 0x00, 0x00, 0x00, 0x04, 0xff, 0xff, 0xf3,
    0x6f, 0xff, 0xfd, 0x00, 0x00, 0x00, 0x0b, 0xff, 0xff, 0xf0,
    0x6f, 0xff, 0xfd, 0x00, 0x00, 0x00, 0x7f, 0xff, 0xff, 0xb0,
    0x6f, 0xff, 0xfd, 0x00, 0x01, 0x5c, 0xff, 0xff, 0xff, 0x40,
    0x6f, 0xff, 0xff, 0xff, 0xff, 0xff, 0xff, 0xff, 0xfc, 0x00,
    0x6f, 0xff, 0xff, 0xff, 0xff, 0xff, 0xff, 0xff, 0xe1, 0x00,
    0x6f, 0xff, 0xff, 0xff, 0xff, 0xff, 0xff, 0xfd, 0x20, 0x00,
    0x6f, 0xff, 0xff, 0xff, 0xff, 0xff, 0xff, 0x90, 0x00, 0x00,
    0x6f, 0xff, 0xff, 0xff, 0xff, 0xda, 0x61, 0x00, 0x00, 0x00,

    /* U+0045 "E" */
    0x6f, 0xff, 0xff, 0xff, 0xff, 0xff, 0xff, 0xb0,
    0x6f, 0xff, 0xff, 0xff, 0xff, 0xff, 0xff, 0xb0,
    0x6f, 0xff, 0xff, 0xff, 0xff, 0xff, 0xff, 0xb0,
    0x6f, 0xff, 0xff, 0xff, 0xff, 0xff, 0xff, 0xb0,
    0x6f, 0xff, 0xff, 0xee, 0xee, 0xee, 0xee, 0xa0,
    0x6f, 0xff, 0xfd, 0x00, 0x00, 0x00, 0x00, 0x00,
    0x6f, 0xff, 0xfd, 0x00, 0x00, 0x00, 0x00, 0x00,
    0x6f, 0xff, 0xfd, 0x00, 0x00, 0x00, 0x00, 0x00,
    0x6f, 0xff, 0xfd, 0x00, 0x00, 0x00, 0x00, 0x00,
    0x6f, 0xff, 0xff, 0xff, 0xff, 0xff, 0xf0, 0x00,
    0x6f, 0xff, 0xff, 0xff, 0xff, 0xff, 0xf0, 0x00,
    0x6f, 0xff, 0xff, 0xff, 0xff, 0xff, 0xf0, 0x00,
    0x6f, 0xff, 0xff, 0xff, 0xff, 0xff, 0xf0, 0x00,
    0x6f, 0xff, 0xff, 0xee, 0xee, 0xee, 0xe0, 0x00,
    0x6f, 0xff, 0xfd, 0x00, 0x00, 0x00, 0x00, 0x00,
    0x6f, 0xff, 0xfd, 0x00, 0x00, 0x00, 0x00, 0x00,
    0x6f, 0xff, 0xfd, 0x00, 0x00, 0x00, 0x00, 0x00,
    0x6f, 0xff, 0xff, 0xff, 0xff, 0xff, 0xff, 0xa0,
    0x6f, 0xff, 0xff, 0xff, 0xff, 0xff, 0xff, 0xb0,
    0x6f, 0xff, 0xff, 0xff, 0xff, 0xff, 0xff, 0xb0,
    0x6f, 0xff, 0xff, 0xff, 0xff, 0xff, 0xff, 0xb0,
    0x6f, 0xff, 0xff, 0xff, 0xff, 0xff, 0xff, 0xb0,

    /* U+0046 "F" */
    0x6f, 0xff, 0xff, 0xff, 0xff, 0xff, 0xff, 0xa0,
    0x6f, 0xff, 0xff, 0xff, 0xff, 0xff, 0xff, 0xa0,
    0x6f, 0xff, 0xff, 0xff, 0xff, 0xff, 0xff, 0xa0,
    0x6f, 0xff, 0xff, 0xff, 0xff, 0xff, 0xff, 0xa0,
    0x6f, 0xff, 0xff, 0xff, 0xff, 0xff, 0xff, 0xa0,
    0x6f, 0xff, 0xfd, 0x00, 0x00, 0x00, 0x00, 0x00,
    0x6f, 0xff, 0xfd, 0x00, 0x00, 0x00, 0x00, 0x00,
    0x6f, 0xff, 0xfd, 0x00, 0x00, 0x00, 0x00, 0x00,
    0x6f, 0xff, 0xfd, 0x00, 0x00, 0x00, 0x00, 0x00,
    0x6f, 0xff, 0xff, 0xff, 0xff, 0xff, 0xf1, 0x00,
    0x6f, 0xff, 0xff, 0xff, 0xff, 0xff, 0xf1, 0x00,
    0x6f, 0xff, 0xff, 0xff, 0xff, 0xff, 0xf1, 0x00,
    0x6f, 0xff, 0xff, 0xff, 0xff, 0xff, 0xf1, 0x00,
    0x6f, 0xff, 0xff, 0xff, 0xff, 0xff, 0xf1, 0x00,
    0x6f, 0xff, 0xfd, 0x00, 0x00, 0x00, 0x00, 0x00,
    0x6f, 0xff, 0xfd, 0x00, 0x00, 0x00, 0x00, 0x00,
    0x6f, 0xff, 0xfd, 0x00, 0x00, 0x00, 0x00, 0x00,
    0x6f, 0xff, 0xfd, 0x00, 0x00, 0x00, 0x00, 0x00,
    0x6f, 0xff, 0xfd, 0x00, 0x00, 0x00, 0x00, 0x00,
    0x6f, 0xff, 0xfd, 0x00, 0x00, 0x00, 0x00, 0x00,
    0x6f, 0xff, 0xfd, 0x00, 0x00, 0x00, 0x00, 0x00,
    0x6f, 0xff, 0xfd, 0x00, 0x00, 0x00, 0x00, 0x00,

    /* U+0047 "G" */
    0x00, 0x00, 0x00, 0x04, 0x9d, 0xff, 0xfe, 0xb7, 0x20, 0x00, 0x00, 0x00,
    0x00, 0x00, 0x05, 0xdf, 0xff, 0xff, 0xff, 0xff, 0xfa, 0x10, 0x00, 0x00,
    0x00, 0x00, 0xaf, 0xff, 0xff, 0xff, 0xff, 0xff, 0xff, 0xe3, 0x00, 0x00,
    0x00, 0x0b, 0xff, 0xff, 0xff, 0xff, 0xff, 0xff, 0xff, 0xfe, 0x20, 0x00,
    0x00, 0x7f, 0xff, 0xff, 0xff, 0xff, 0xff, 0xff, 0xff, 0xff, 0xc0, 0x00,
    0x01, 0xff, 0xff, 0xff, 0xd6, 0x10, 0x03, 0x9f, 0xff, 0xff, 0xf5, 0x00,
    0x08, 0xff, 0xff, 0xfa, 0x00, 0x00, 0x00, 0x03, 0xef, 0xfe, 0x82, 0x00,
    0x0e, 0xff, 0xff, 0xd0, 0x00, 0x00, 0x00, 0x00, 0x4a, 0x40, 0x00, 0x00,
    0x2f, 0xff, 0xff, 0x50, 0x00, 0x00, 0x00, 0x00, 0x00, 0x00, 0x00, 0x00,
    0x5f, 0xff, 0xff, 0x00, 0x00, 0x06, 0x99, 0x99, 0x99, 0x99, 0x98, 0x00,
    0x6f, 0xff, 0xfe, 0x00, 0x00, 0x0c, 0xff, 0xff, 0xff, 0xff, 0xff, 0x00,
    0x6f, 0xff, 0xfe, 0x00, 0x00, 0x0c, 0xff, 0xff, 0xff, 0xff, 0xff, 0x10,
    0x5f, 0xff, 0xff, 0x00, 0x00, 0x0c, 0xff, 0xff, 0xff, 0xff, 0xff, 0x10,
    0x3f, 0xff, 0xff, 0x30, 0x00, 0x0c, 0xff, 0xff, 0xff, 0xff, 0xff, 0x00,
    0x0f, 0xff, 0xff, 0xb0, 0x00, 0x00, 0x00, 0x00, 0x7f, 0xff, 0xfc, 0x00,
    0x0a, 0xff, 0xff, 0xf7, 0x00, 0x00, 0x00, 0x03, 0xff, 0xff, 0xf8, 0x00,
    0x03, 0xff, 0xff, 0xff, 0xa2, 0x00, 0x01, 0x7f, 0xff, 0xff, 0xf1, 0x00,
    0x00, 0x9f, 0xff, 0xff, 0xff, 0xed, 0xdf, 0xff, 0xff, 0xff, 0x70, 0x00,
    0x00, 0x0c, 0xff, 0xff, 0xff, 0xff, 0xff, 0xff, 0xff, 0xfb, 0x00, 0x00,
    0x00, 0x00, 0xbf, 0xff, 0xff, 0xff, 0xff, 0xff, 0xff, 0xa0, 0x00, 0x00,
    0x00, 0x00, 0x06, 0xef, 0xff, 0xff, 0xff, 0xff, 0xe5, 0x00, 0x00, 0x00,
    0x00, 0x00, 0x00, 0x05, 0xad, 0xff, 0xfd, 0xa5, 0x00, 0x00, 0x00, 0x00,

    /* U+0048 "H" */
    0x6f, 0xff, 0xfd, 0x00, 0x00, 0x00, 0x06, 0xff, 0xff, 0xd0,
    0x6f, 0xff, 0xfd, 0x00, 0x00, 0x00, 0x06, 0xff, 0xff, 0xd0,
    0x6f, 0xff, 0xfd, 0x00, 0x00, 0x00, 0x06, 0xff, 0xff, 0xd0,
    0x6f, 0xff, 0xfd, 0x00, 0x00, 0x00, 0x06, 0xff, 0xff, 0xd0,
    0x6f, 0xff, 0xfd, 0x00, 0x00, 0x00, 0x06, 0xff, 0xff, 0xd0,
    0x6f, 0xff, 0xfd, 0x00, 0x00, 0x00, 0x06, 0xff, 0xff, 0xd0,
    0x6f, 0xff, 0xfd, 0x00, 0x00, 0x00, 0x06, 0xff, 0xff, 0xd0,
    0x6f, 0xff, 0xfd, 0x00, 0x00, 0x00, 0x06, 0xff, 0xff, 0xd0,
    0x6f, 0xff, 0xfd, 0x00, 0x00, 0x00, 0x06, 0xff, 0xff, 0xd0,
    0x6f, 0xff, 0xff, 0xff, 0xff, 0xff, 0xff, 0xff, 0xff, 0xd0,
    0x6f, 0xff, 0xff, 0xff, 0xff, 0xff, 0xff, 0xff, 0xff, 0xd0,
    0x6f, 0xff, 0xff, 0xff, 0xff, 0xff, 0xff, 0xff, 0xff, 0xd0,
    0x6f, 0xff, 0xff, 0xff, 0xff, 0xff, 0xff, 0xff, 0xff, 0xd0,
    0x6f, 0xff, 0xff, 0xff, 0xff, 0xff, 0xff, 0xff, 0xff, 0xd0,
    0x6f, 0xff, 0xfd, 0x00, 0x00, 0x00, 0x06, 0xff, 0xff, 0xd0,
    0x6f, 0xff, 0xfd, 0x00, 0x00, 0x00, 0x06, 0xff, 0xff, 0xd0,
    0x6f, 0xff, 0xfd, 0x00, 0x00, 0x00, 0x06, 0xff, 0xff, 0xd0,
    0x6f, 0xff, 0xfd, 0x00, 0x00, 0x00, 0x06, 0xff, 0xff, 0xd0,
    0x6f, 0xff, 0xfd, 0x00, 0x00, 0x00, 0x06, 0xff, 0xff, 0xd0,
    0x6f, 0xff, 0xfd, 0x00, 0x00, 0x00, 0x06, 0xff, 0xff, 0xd0,
    0x6f, 0xff, 0xfd, 0x00, 0x00, 0x00, 0x06, 0xff, 0xff, 0xd0,
    0x6f, 0xff, 0xfd, 0x00, 0x00, 0x00, 0x06, 0xff, 0xff, 0xd0,

    /* U+0049 "I" */
    0x6f, 0xff, 0xfd,
    0x6f, 0xff, 0xfd,
    0x6f, 0xff, 0xfd,
    0x6f, 0xff, 0xfd,
    0x6f, 0xff, 0xfd,
    0x6f, 0xff, 0xfd,
    0x6f, 0xff, 0xfd,
    0x6f, 0xff, 0xfd,
    0x6f, 0xff, 0xfd,
    0x6f, 0xff, 0xfd,
    0x6f, 0xff, 0xfd,
    0x6f, 0xff, 0xfd,
    0x6f, 0xff, 0xfd,
    0x6f, 0xff, 0xfd,
    0x6f, 0xff, 0xfd,
    0x6f, 0xff, 0xfd,
    0x6f, 0xff, 0xfd,
    0x6f, 0xff, 0xfd,
    0x6f, 0xff, 0xfd,
    0x6f, 0xff, 0xfd,
    0x6f, 0xff, 0xfd,
    0x6f, 0xff, 0xfd,

    /* U+004A "J" */
    0x00, 0x00, 0x00, 0x00, 0x00, 0x0f, 0xff, 0xff, 0x40,
    0x00, 0x00, 0x00, 0x00, 0x00, 0x0f, 0xff, 0xff, 0x40,
    0x00, 0x00, 0x00, 0x00, 0x00, 0x0f, 0xff, 0xff, 0x40,
    0x00, 0x00, 0x00, 0x00, 0x00, 0x0f, 0xff, 0xff, 0x40,
    0x00, 0x00, 0x00, 0x00, 0x00, 0x0f, 0xff, 0xff, 0x40,
    0x00, 0x00, 0x00, 0x00, 0x00, 0x0f, 0xff, 0xff, 0x40,
    0x00, 0x00, 0x00, 0x00, 0x00, 0x0f, 0xff, 0xff, 0x40,
    0x00, 0x00, 0x00, 0x00, 0x00, 0x0f, 0xff, 0xff, 0x40,
    0x00, 0x00, 0x00, 0x00, 0x00, 0x0f, 0xff, 0xff, 0x40,
    0x00, 0x00, 0x00, 0x00, 0x00, 0x0f, 0xff, 0xff, 0x40,
    0x00, 0x00, 0x00, 0x00, 0x00, 0x0f, 0xff, 0xff, 0x40,
    0x00, 0x00, 0x00, 0x00, 0x00, 0x0f, 0xff, 0xff, 0x40,
    0x00, 0x00, 0x00, 0x00, 0x00, 0x0f, 0xff, 0xff, 0x40,
    0x3d, 0xdd, 0xdd, 0x00, 0x00, 0x0f, 0xff, 0xff, 0x40,
    0x4f, 0xff, 0xff, 0x00, 0x00, 0x0f, 0xff, 0xff, 0x30,
    0x3f, 0xff, 0xff, 0x20, 0x00, 0x2f, 0xff, 0xff, 0x20,
    0x0f, 0xff, 0xff, 0xc3, 0x02, 0xcf, 0xff, 0xff, 0x00,
    0x0c, 0xff, 0xff, 0xff, 0xff, 0xff, 0xff, 0xfb, 0x00,
    0x05, 0xff, 0xff, 0xff, 0xff, 0xff, 0xff, 0xf4, 0x00,
    0x00, 0xaf, 0xff, 0xff, 0xff, 0xff, 0xff, 0x90, 0x00,
    0x00, 0x09, 0xff, 0xff, 0xff, 0xff, 0xf8, 0x00, 0x00,
    0x00, 0x00, 0x39, 0xdf, 0xff, 0xd9, 0x20, 0x00, 0x00,

    /* U+004B "K" */
    0x6f, 0xff, 0xfd, 0x00, 0x00, 0x00, 0x9f, 0xff, 0xff, 0xd0,
    0x6f, 0xff, 0xfd, 0x00, 0x00, 0x06, 0xff, 0xff, 0xfe, 0x10,
    0x6f, 0xff, 0xfd, 0x00, 0x00, 0x4f, 0xff, 0xff, 0xf3, 0x00,
    0x6f, 0xff, 0xfd, 0x00, 0x02, 0xef, 0xff, 0xff, 0x50, 0x00,
    0x6f, 0xff, 0xfd, 0x00, 0x1d, 0xff, 0xff, 0xf8, 0x00, 0x00,
    0x6f, 0xff, 0xfd, 0x00, 0xbf, 0xff, 0xff, 0xa0, 0x00, 0x00,
    0x6f, 0xff, 0xfd, 0x09, 0xff, 0xff, 0xfc, 0x00, 0x00, 0x00,
    0x6f, 0xff, 0xfd, 0x6f, 0xff, 0xff, 0xe1, 0x00, 0x00, 0x00,
    0x6f, 0xff, 0xff, 0xff, 0xff, 0xff, 0x30, 0x00, 0x00, 0x00,
    0x6f, 0xff, 0xff, 0xff, 0xff, 0xf5, 0x00, 0x00, 0x00, 0x00,
    0x6f, 0xff, 0xff, 0xff, 0xff, 0x70, 0x00, 0x00, 0x00, 0x00,
    0x6f, 0xff, 0xff, 0xff, 0xff, 0x80, 0x00, 0x00, 0x00, 0x00,
    0x6f, 0xff, 0xff, 0xff, 0xff, 0xf6, 0x00, 0x00, 0x00, 0x00,
    0x6f, 0xff, 0xff, 0xff, 0xff, 0xff, 0x30, 0x00, 0x00, 0x00,
    0x6f, 0xff, 0xfd, 0x8f, 0xff, 0xff, 0xe1, 0x00, 0x00, 0x00,
    0x6f, 0xff, 0xfd, 0x0b, 0xff, 0xff, 0xfc, 0x00, 0x00, 0x00,
    0x6f, 0xff, 0xfd, 0x01, 0xdf, 0xff, 0xff, 0xa0, 0x00, 0x00,
    0x6f, 0xff, 0xfd, 0x00, 0x2f, 0xff, 0xff, 0xf8, 0x00, 0x00,
    0x6f, 0xff, 0xfd, 0x00, 0x05, 0xff, 0xff, 0xff, 0x50, 0x00,
    0x6f, 0xff, 0xfd, 0x00, 0x00, 0x7f, 0xff, 0xff, 0xf3, 0x00,
    0x6f, 0xff, 0xfd, 0x00, 0x00, 0x0a, 0xff, 0xff, 0xfe, 0x10,
    0x6f, 0xff, 0xfd, 0x00, 0x00, 0x00, 0xdf, 0xff, 0xff, 0xc0,

    /* U+004C "L" */
    0x6f, 0xff, 0xfd, 0x00, 0x00, 0x00, 0x00, 0x00,
    0x6f, 0xff, 0xfd, 0x00, 0x00, 0x00, 0x00, 0x00,
    0x6f, 0xff, 0xfd, 0x00, 0x00, 0x00, 0x00, 0x00,
    0x6f, 0xff, 0xfd, 0x00, 0x00, 0x00, 0x00, 0x00,
    0x6f, 0xff, 0xfd, 0x00, 0x00, 0x00, 0x00, 0x00,
    0x6f, 0xff, 0xfd, 0x00, 0x00, 0x00, 0x00, 0x00,
    0x6f, 0xff, 0xfd, 0x00, 0x00, 0x00, 0x00, 0x00,
    0x6f, 0xff, 0xfd, 0x00, 0x00, 0x00, 0x00, 0x00,
    0x6f, 0xff, 0xfd, 0x00, 0x00, 0x00, 0x00, 0x00,
    0x6f, 0xff, 0xfd, 0x00, 0x00, 0x00, 0x00, 0x00,
    0x6f, 0xff, 0xfd, 0x00, 0x00, 0x00, 0x00, 0x00,
    0x6f, 0xff, 0xfd, 0x00, 0x00, 0x00, 0x00, 0x00,
    0x6f, 0xff, 0xfd, 0x00, 0x00, 0x00, 0x00, 0x00,
    0x6f, 0xff, 0xfd, 0x00, 0x00, 0x00, 0x00, 0x00,
    0x6f, 0xff, 0xfd, 0x00, 0x00, 0x00, 0x00, 0x00,
    0x6f, 0xff, 0xfd, 0x00, 0x00, 0x00, 0x00, 0x00,
    0x6f, 0xff, 0xfd, 0x00, 0x00, 0x00, 0x00, 0x00,
    0x6f, 0xff, 0xff, 0xff, 0xff, 0xff, 0xff, 0x20,
    0x6f, 0xff, 0xff, 0xff, 0xff, 0xff, 0xff, 0x20,
    0x6f, 0xff, 0xff, 0xff, 0xff, 0xff, 0xff, 0x20,
    0x6f, 0xff, 0xff, 0xff, 0xff, 0xff, 0xff, 0x20,
    0x6f, 0xff, 0xff, 0xff, 0xff, 0xff, 0xff, 0x20,

    /* U+004D "M" */
    0x00, 0x00, 0xcf, 0xff, 0xf2, 0x00, 0x00, 0x00, 0x00, 0xaf, 0xff, 0xf4, 0x00, 0x00,
    0x00, 0x00, 0xff, 0xff, 0xf7, 0x00, 0x00, 0x00, 0x00, 0xff, 0xff, 0xf6, 0x00, 0x00,
    0x00, 0x02, 0xff, 0xff, 0xfc, 0x00, 0x00, 0x00, 0x05, 0xff, 0xff, 0xf9, 0x00, 0x00,
    0x00, 0x05, 0xff, 0xff, 0xff, 0x20, 0x00, 0x00, 0x0a, 0xff, 0xff, 0xfc, 0x00, 0x00,
    0x00, 0x07, 0xff, 0xff, 0xff, 0x70, 0x00, 0x00, 0x0f, 0xff, 0xff, 0xff, 0x00, 0x00,
    0x00, 0x0a, 0xff, 0xff, 0xff, 0xd0, 0x00, 0x00, 0x5f, 0xff, 0xff, 0xff, 0x10, 0x00,
    0x00, 0x0d, 0xff, 0xff, 0xff, 0xf2, 0x00, 0x00, 0xaf, 0xff, 0xff, 0xff, 0x40, 0x00,
    0x00, 0x0f, 0xff, 0xff, 0xff, 0xf7, 0x00, 0x00, 0xff, 0xff, 0xff, 0xff, 0x70, 0x00,
    0x00, 0x3f, 0xff, 0xff, 0xff, 0xfd, 0x00, 0x05, 0xff, 0xff, 0xff, 0xff, 0xa0, 0x00,
    0x00, 0x5f, 0xff, 0xfd, 0xff, 0xff, 0x20, 0x0a, 0xff, 0xfd, 0xff, 0xff, 0xd0, 0x00,
    0x00, 0x8f, 0xff, 0xf6, 0xff, 0xff, 0x80, 0x0f, 0xff, 0xf8, 0xdf, 0xff, 0xf0, 0x00,
    0x00, 0xbf, 0xff, 0xf2, 0xcf, 0xff, 0xd0, 0x5f, 0xff, 0xf3, 0xbf, 0xff, 0xf2, 0x00,
    0x00, 0xef, 0xff, 0xf0, 0x7f, 0xff, 0xf2, 0xbf, 0xff, 0xe0, 0x9f, 0xff, 0xf5, 0x00,
    0x00, 0xff, 0xff, 0xe0, 0x2f, 0xff, 0xf9, 0xff, 0xff, 0x90, 0x6f, 0xff, 0xf8, 0x00,
    0x03, 0xff, 0xff, 0xb0, 0x0c, 0xff, 0xff, 0xff, 0xff, 0x40, 0x4f, 0xff, 0xfa, 0x00,
    0x06, 0xff, 0xff, 0x90, 0x07, 0xff, 0xff, 0xff, 0xfe, 0x00, 0x2f, 0xff, 0xfd, 0x00,
    0x09, 0xff, 0xff, 0x70, 0x02, 0xff, 0xff, 0xff, 0xf9, 0x00, 0x0f, 0xff, 0xff, 0x00,
    0x0b, 0xff, 0xff, 0x40, 0x00, 0xcf, 0xff, 0xff, 0xf4, 0x00, 0x0d, 0xff, 0xff, 0x30,
    0x0e, 0xff, 0xff, 0x20, 0x00, 0x7f, 0xff, 0xff, 0xe0, 0x00, 0x0a, 0xff, 0xff, 0x50,
    0x1f, 0xff, 0xff, 0x00, 0x00, 0x2f, 0xff, 0xff, 0x90, 0x00, 0x08, 0xff, 0xff, 0x80,
    0x4f, 0xff, 0xfd, 0x00, 0x00, 0x0c, 0xff, 0xff, 0x40, 0x00, 0x06, 0xff, 0xff, 0xb0,
    0x6f, 0xff, 0xfb, 0x00, 0x00, 0x07, 0xff, 0xfe, 0x00, 0x00, 0x03, 0xff, 0xff, 0xe0,

    /* U+004E "N" */
    0x6f, 0xff, 0xfc, 0x00, 0x00, 0x00, 0x00, 0x8f, 0xff, 0xfa,
    0x6f, 0xff, 0xff, 0x80, 0x00, 0x00, 0x00, 0x8f, 0xff, 0xfa,
    0x6f, 0xff, 0xff, 0xf3, 0x00, 0x00, 0x00, 0x8f, 0xff, 0xfa,
    0x6f, 0xff, 0xff, 0xfe, 0x00, 0x00, 0x00, 0x8f, 0xff, 0xfa,
    0x6f, 0xff, 0xff, 0xff, 0xa0, 0x00, 0x00, 0x8f, 0xff, 0xfa,
    0x6f, 0xff, 0xff, 0xff, 0xf5, 0x00, 0x00, 0x8f, 0xff, 0xfa,
    0x6f, 0xff, 0xff, 0xff, 0xff, 0x20, 0x00, 0x8f, 0xff, 0xfa,
    0x6f, 0xff, 0xff, 0xff, 0xff, 0xc0, 0x00, 0x8f, 0xff, 0xfa,
    0x6f, 0xff, 0xff, 0xff, 0xff, 0xf8, 0x00, 0x8f, 0xff, 0xfa,
    0x6f, 0xff, 0xfe, 0xff, 0xff, 0xff, 0x30, 0x8f, 0xff, 0xfa,
    0x6f, 0xff, 0xfd, 0x5f, 0xff, 0xff, 0xe0, 0x8f, 0xff, 0xfa,
    0x6f, 0xff, 0xfd, 0x0a, 0xff, 0xff, 0xfa, 0x8f, 0xff, 0xfa,
    0x6f, 0xff, 0xfd, 0x00, 0xdf, 0xff, 0xff, 0xdf, 0xff, 0xfa,
    0x6f, 0xff, 0xfd, 0x00, 0x3f, 0xff, 0xff, 0xff, 0xff, 0xfa,
    0x6f, 0xff, 0xfd, 0x00, 0x07, 0xff, 0xff, 0xff, 0xff, 0xfa,
    0x6f, 0xff, 0xfd, 0x00, 0x00, 0xcf, 0xff, 0xff, 0xff, 0xfa,
    0x6f, 0xff, 0xfd, 0x00, 0x00, 0x1e, 0xff, 0xff, 0xff, 0xfa,
    0x6f, 0xff, 0xfd, 0x00, 0x00, 0x05, 0xff, 0xff, 0xff, 0xfa,
    0x6f, 0xff, 0xfd, 0x00, 0x00, 0x00, 0x9f, 0xff, 0xff, 0xfa,
    0x6f, 0xff, 0xfd, 0x00, 0x00, 0x00, 0x0d, 0xff, 0xff, 0xfa,
    0x6f, 0xff, 0xfd, 0x00, 0x00, 0x00, 0x03, 0xff, 0xff, 0xfa,
    0x6f, 0xff, 0xfd, 0x00, 0x00, 0x00, 0x00, 0x7f, 0xff, 0xfa,

    /* U+004F "O" */
    0x00, 0x00, 0x00, 0x04, 0x9c, 0xef, 0xfe, 0xb7, 0x10, 0x00, 0x00, 0x00,
    0x00, 0x00, 0x05, 0xdf, 0xff, 0xff, 0xff, 0xff, 0xf9, 0x10, 0x00, 0x00,
    0x00, 0x00, 0x9f, 0xff, 0xff, 0xff, 0xff, 0xff, 0xff, 0xe3, 0x00, 0x00,
    0x00, 0x0b, 0xff, 0xff, 0xff, 0xff, 0xff, 0xff, 0xff, 0xff, 0x30, 0x00,
    0x00, 0x7f, 0xff, 0xff, 0xff, 0xff, 0xff, 0xff, 0xff, 0xff, 0xe1, 0x00,
    0x02, 0xff, 0xff, 0xff, 0xe7, 0x31, 0x25, 0xaf, 0xff, 0xff, 0xf9, 0x00,
    0x09, 0xff, 0xff, 0xfb, 0x00, 0x00, 0x00, 0x04, 0xff, 0xff, 0xff, 0x10,
    0x0e, 0xff, 0xff, 0xd0, 0x00, 0x00, 0x00, 0x00, 0x5f, 0xff, 0xff, 0x70,
    0x2f, 0xff, 0xff, 0x50, 0x00, 0x00, 0x00, 0x00, 0x0c, 0xff, 0xff, 0xb0,
    0x5f, 0xff, 0xff, 0x00, 0x00, 0x00, 0x00, 0x00, 0x08, 0xff, 0xff, 0xd0,
    0x6f, 0xff, 0xfe, 0x00, 0x00, 0x00, 0x00, 0x00, 0x05, 0xff, 0xff, 0xe0,
    0x6f, 0xff, 0xfe, 0x00, 0x00, 0x00, 0x00, 0x00, 0x05, 0xff, 0xff, 0xe0,
    0x5f, 0xff, 0xff, 0x00, 0x00, 0x00, 0x00, 0x00, 0x08, 0xff, 0xff, 0xd0,
    0x2f, 0xff, 0xff, 0x40, 0x00, 0x00, 0x00, 0x00, 0x0c, 0xff, 0xff, 0xb0,
    0x0e, 0xff, 0xff, 0xc0, 0x00, 0x00, 0x00, 0x00, 0x5f, 0xff, 0xff, 0x70,
    0x09, 0xff, 0xff, 0xfa, 0x00, 0x00, 0x00, 0x04, 0xff, 0xff, 0xff, 0x10,
    0x02, 0xff, 0xff, 0xff, 0xe7, 0x31, 0x24, 0xaf, 0xff, 0xff, 0xfa, 0x00,
    0x00, 0x8f, 0xff, 0xff, 0xff, 0xff, 0xff, 0xff, 0xff, 0xff, 0xe1, 0x00,
    0x00, 0x0b, 0xff, 0xff, 0xff, 0xff, 0xff, 0xff, 0xff, 0xff, 0x40, 0x00,
    0x00, 0x00, 0xaf, 0xff, 0xff, 0xff, 0xff, 0xff, 0xff, 0xe4, 0x00, 0x00,
    0x00, 0x00, 0x05, 0xef, 0xff, 0xff, 0xff, 0xff, 0xfa, 0x10, 0x00, 0x00,
    0x00, 0x00, 0x00, 0x04, 0x9c, 0xff, 0xfe, 0xb7, 0x20, 0x00, 0x00, 0x00,

    /* U+0050 "P" */
    0x6f, 0xff, 0xff, 0xff, 0xff, 0xd9, 0x40, 0x00, 0x00,
    0x6f, 0xff, 0xff, 0xff, 0xff, 0xff, 0xfb, 0x10, 0x00,
    0x6f, 0xff, 0xff, 0xff, 0xff, 0xff, 0xff, 0xe2, 0x00,
    0x6f, 0xff, 0xff, 0xff, 0xff, 0xff, 0xff, 0xfc, 0x00,
    0x6f, 0xff, 0xff, 0xff, 0xff, 0xff, 0xff, 0xff, 0x50,
    0x6f, 0xff, 0xfd, 0x00, 0x02, 0x8f, 0xff, 0xff, 0xb0,
    0x6f, 0xff, 0xfd, 0x00, 0x00, 0x0a, 0xff, 0xff, 0xe0,
    0x6f, 0xff, 0xfd, 0x00, 0x00, 0x05, 0xff, 0xff, 0xf0,
    0x6f, 0xff, 0xfd, 0x00, 0x00, 0x05, 0xff, 0xff, 0xf0,
    0x6f, 0xff, 0xfd, 0x00, 0x00, 0x0a, 0xff, 0xff, 0xe0,
    0x6f, 0xff, 0xfd, 0x00, 0x02, 0x9f, 0xff, 0xff, 0xb0,
    0x6f, 0xff, 0xff, 0xff, 0xff, 0xff, 0xff, 0xff, 0x50,
    0x6f, 0xff, 0xff, 0xff, 0xff, 0xff, 0xff, 0xfd, 0x00,
    0x6f, 0xff, 0xff, 0xff, 0xff, 0xff, 0xff, 0xe2, 0x00,
    0x6f, 0xff, 0xff, 0xff, 0xff, 0xff, 0xfc, 0x20, 0x00,
    0x6f, 0xff, 0xff, 0xff, 0xff, 0xda, 0x40, 0x00, 0x00,
    0x6f, 0xff, 0xfd, 0x00, 0x00, 0x00, 0x00, 0x00, 0x00,
    0x6f, 0xff, 0xfd, 0x00, 0x00, 0x00, 0x00, 0x00, 0x00,
    0x6f, 0xff, 0xfd, 0x00, 0x00, 0x00, 0x00, 0x00, 0x00,
    0x6f, 0xff, 0xfd, 0x00, 0x00, 0x00, 0x00, 0x00, 0x00,
    0x6f, 0xff, 0xfd, 0x00, 0x00, 0x00, 0x00, 0x00, 0x00,
    0x6f, 0xff, 0xfd, 0x00, 0x00, 0x00, 0x00, 0x00, 0x00,

    /* U+0051 "Q" */
    0x00, 0x00, 0x00, 0x04, 0x9c, 0xef, 0xfe, 0xb7, 0x10, 0x00, 0x00, 0x00,
    0x00, 0x00, 0x05, 0xdf, 0xff, 0xff, 0xff, 0xff, 0xf9, 0x10, 0x00, 0x00,
    0x00, 0x00, 0x9f, 0xff, 0xff, 0xff, 0xff, 0xff, 0xff, 0xe3, 0x00, 0x00,
    0x00, 0x0b, 0xff, 0xff, 0xff, 0xff, 0xff, 0xff, 0xff, 0xff, 0x30, 0x00,
    0x00, 0x7f, 0xff, 0xff, 0xff, 0xff, 0xff, 0xff, 0xff, 0xff, 0xe1, 0x00,
    0x02, 0xff, 0xff, 0xff, 0xe7, 0x31, 0x25, 0xaf, 0xff, 0xff, 0xf9, 0x00,
    0x09, 0xff, 0xff, 0xfb, 0x00, 0x00, 0x00, 0x04, 0xff, 0xff, 0xff, 0x10,
    0x0e, 0xff, 0xff, 0xd0, 0x00, 0x00, 0x00, 0x00, 0x5f, 0xff, 0xff, 0x70,
    0x2f, 0xff, 0xff, 0x50, 0x00, 0x00, 0x00, 0x00, 0x0c, 0xff, 0xff, 0xb0,
    0x5f, 0xff, 0xff, 0x00, 0x00, 0x00, 0x00, 0x00, 0x08, 0xff, 0xff, 0xd0,
    0x6f, 0xff, 0xfe, 0x00, 0x00, 0x00, 0x00, 0x00, 0x05, 0xff, 0xff, 0xe0,
    0x6f, 0xff, 0xfe, 0x00, 0x00, 0x00, 0x00, 0x00, 0x05, 0xff, 0xff, 0xe0,
    0x5f, 0xff, 0xff, 0x00, 0x00, 0xaf, 0xff, 0xf7, 0x08, 0xff, 0xff, 0xd0,
    0x2f, 0xff, 0xff, 0x40, 0x00, 0x2f, 0xff, 0xff, 0x2c, 0xff, 0xff, 0xb0,
    0x0e, 0xff, 0xff, 0xc0, 0x00, 0x07, 0xff, 0xff, 0xdf, 0xff, 0xff, 0x70,
    0x09, 0xff, 0xff, 0xfa, 0x00, 0x00, 0xdf, 0xff, 0xff, 0xff, 0xff, 0x10,
    0x02, 0xff, 0xff, 0xff, 0xe7, 0x31, 0x5f, 0xff, 0xff, 0xff, 0xfa, 0x00,
    0x00, 0x8f, 0xff, 0xff, 0xff, 0xff, 0xff, 0xff, 0xff, 0xff, 0xe1, 0x00,
    0x00, 0x0b, 0xff, 0xff, 0xff, 0xff, 0xff, 0xff, 0xff, 0xff, 0x40, 0x00,
    0x00, 0x00, 0xaf, 0xff, 0xff, 0xff, 0xff, 0xff, 0xff, 0xfe, 0x00, 0x00,
    0x00, 0x00, 0x05, 0xef, 0xff, 0xff, 0xff, 0xff, 0xff, 0xff, 0x80, 0x00,
    0x00, 0x00, 0x00, 0x04, 0x9c, 0xff, 0xfe, 0xb8, 0xff, 0xff, 0xf2, 0x00,
    0x00, 0x00, 0x00, 0x00, 0x00, 0x00, 0x00, 0x00, 0x7f, 0xff, 0xfc, 0x00,

    /* U+0052 "R" */
    0x6f, 0xff, 0xff, 0xff, 0xff, 0xd9, 0x40, 0x00, 0x00,
    0x6f, 0xff, 0xff, 0xff, 0xff, 0xff, 0xfb, 0x10, 0x00,
    0x6f, 0xff, 0xff, 0xff, 0xff, 0xff, 0xff, 0xe2, 0x00,
    0x6f, 0xff, 0xff, 0xff, 0xff, 0xff, 0xff, 0xfc, 0x00,
    0x6f, 0xff, 0xff, 0xff, 0xff, 0xff, 0xff, 0xff, 0x60,
    0x6f, 0xff, 0xfd, 0x00, 0x01, 0x8f, 0xff, 0xff, 0xb0,
    0x6f, 0xff, 0xfd, 0x00, 0x00, 0x08, 0xff, 0xff, 0xf0,
    0x6f, 0xff, 0xfd, 0x00, 0x00, 0x04, 0xff, 0xff, 0xf0,
    0x6f, 0xff, 0xfd, 0x00, 0x00, 0x04, 0xff, 0xff, 0xf1,
    0x6f, 0xff, 0xfd, 0x00, 0x00, 0x08, 0xff, 0xff, 0xf0,
    0x6f, 0xff, 0xfd, 0x00, 0x01, 0x8f, 0xff, 0xff, 0xc0,
    0x6f, 0xff, 0xff, 0xff, 0xff, 0xff, 0xff, 0xff, 0x60,
    0x6f, 0xff, 0xff, 0xff, 0xff, 0xff, 0xff, 0xfd, 0x00,
    0x6f, 0xff, 0xff, 0xff, 0xff, 0xff, 0xff, 0xe2, 0x00,
    0x6f, 0xff, 0xff, 0xff, 0xff, 0xff, 0xfd, 0x10, 0x00,
    0x6f, 0xff, 0xff, 0xff, 0xff, 0xff, 0xfd, 0x00, 0x00,
    0x6f, 0xff, 0xfd, 0x00, 0x3f, 0xff, 0xff, 0x60, 0x00,
    0x6f, 0xff, 0xfd, 0x00, 0x0b, 0xff, 0xff, 0xe0, 0x00,
    0x6f, 0xff, 0xfd, 0x00, 0x03, 0xff, 0xff, 0xf7, 0x00,
    0x6f, 0xff, 0xfd, 0x00, 0x00, 0xaf, 0xff, 0xfe, 0x10,
    0x6f, 0xff, 0xfd, 0x00, 0x00, 0x2f, 0xff, 0xff, 0x80,
    0x6f, 0xff, 0xfd, 0x00, 0x00, 0x09, 0xff, 0xff, 0xf1,

    /* U+0053 "S" */
    0x00, 0x00, 0x04, 0x9d, 0xff, 0xfd, 0x94, 0x00, 0x00,
    0x00, 0x02, 0xcf, 0xff, 0xff, 0xff, 0xff, 0xc2, 0x00,
    0x00, 0x2e, 0xff, 0xff, 0xff, 0xff, 0xff, 0xfe, 0x30,
    0x00, 0xdf, 0xff, 0xff, 0xff, 0xff, 0xff, 0xff, 0xe1,
    0x04, 0xff, 0xff, 0xff, 0xee, 0xff, 0xff, 0xff, 0x90,
    0x08, 0xff, 0xff, 0xe3, 0x00, 0x04, 0xcf, 0xe4, 0x00,
    0x0a, 0xff, 0xff, 0x90, 0x00, 0x00, 0x07, 0x10, 0x00,
    0x09, 0xff, 0xff, 0xe2, 0x00, 0x00, 0x00, 0x00, 0x00,
    0x05, 0xff, 0xff, 0xff, 0xc7, 0x40, 0x00, 0x00, 0x00,
    0x00, 0xef, 0xff, 0xff, 0xff, 0xff, 0xa4, 0x00, 0x00,
    0x00, 0x4f, 0xff, 0xff, 0xff, 0xff, 0xff, 0xd3, 0x00,
    0x00, 0x03, 0xcf, 0xff, 0xff, 0xff, 0xff, 0xff, 0x40,
    0x00, 0x00, 0x04, 0xae, 0xff, 0xff, 0xff, 0xff, 0xe1,
    0x00, 0x00, 0x00, 0x00, 0x26, 0xbf, 0xff, 0xff, 0xf6,
    0x00, 0x00, 0x30, 0x00, 0x00, 0x03, 0xff, 0xff, 0xfa,
    0x00, 0x2b, 0xf6, 0x00, 0x00, 0x00, 0xcf, 0xff, 0xfb,
    0x08, 0xff, 0xff, 0xa2, 0x00, 0x02, 0xff, 0xff, 0xf9,
    0x1e, 0xff, 0xff, 0xff, 0xdb, 0xcf, 0xff, 0xff, 0xf5,
    0x05, 0xff, 0xff, 0xff, 0xff, 0xff, 0xff, 0xff, 0xd0,
    0x00, 0x6f, 0xff, 0xff, 0xff, 0xff, 0xff, 0xff, 0x30,
    0x00, 0x03, 0xdf, 0xff, 0xff, 0xff, 0xff, 0xc2, 0x00,
    0x00, 0x00, 0x04, 0x9d, 0xff, 0xfd, 0xa4, 0x00, 0x00,

    /* U+0054 "T" */
    0xbf, 0xff, 0xff, 0xff, 0xff, 0xff, 0xff, 0xff, 0xff, 0x30,
    0xbf, 0xff, 0xff, 0xff, 0xff, 0xff, 0xff, 0xff, 0xff, 0x30,
    0xbf, 0xff, 0xff, 0xff, 0xff, 0xff, 0xff, 0xff, 0xff, 0x30,
    0xbf, 0xff, 0xff, 0xff, 0xff, 0xff, 0xff, 0xff, 0xff, 0x30,
    0xbf, 0xff, 0xff, 0xff, 0xff, 0xff, 0xff, 0xff, 0xff, 0x30,
    0x00, 0x00, 0x00, 0x6f, 0xff, 0xfd, 0x00, 0x00, 0x00, 0x00,
    0x00, 0x00, 0x00, 0x6f, 0xff, 0xfd, 0x00, 0x00, 0x00, 0x00,
    0x00, 0x00, 0x00, 0x6f, 0xff, 0xfd, 0x00, 0x00, 0x00, 0x00,
    0x00, 0x00, 0x00, 0x6f, 0xff, 0xfd, 0x00, 0x00, 0x00, 0x00,
    0x00, 0x00, 0x00, 0x6f, 0xff, 0xfd, 0x00, 0x00, 0x00, 0x00,
    0x00, 0x00, 0x00, 0x6f, 0xff, 0xfd, 0x00, 0x00, 0x00, 0x00,
    0x00, 0x00, 0x00, 0x6f, 0xff, 0xfd, 0x00, 0x00, 0x00, 0x00,
    0x00, 0x00, 0x00, 0x6f, 0xff, 0xfd, 0x00, 0x00, 0x00, 0x00,
    0x00, 0x00, 0x00, 0x6f, 0xff, 0xfd, 0x00, 0x00, 0x00, 0x00,
    0x00, 0x00, 0x00, 0x6f, 0xff, 0xfd, 0x00, 0x00, 0x00, 0x00,
    0x00, 0x00, 0x00, 0x6f, 0xff, 0xfd, 0x00, 0x00, 0x00, 0x00,
    0x00, 0x00, 0x00, 0x6f, 0xff, 0xfd, 0x00, 0x00, 0x00, 0x00,
    0x00, 0x00, 0x00, 0x6f, 0xff, 0xfd, 0x00, 0x00, 0x00, 0x00,
    0x00, 0x00, 0x00, 0x6f, 0xff, 0xfd, 0x00, 0x00, 0x00, 0x00,
    0x00, 0x00, 0x00, 0x6f, 0xff, 0xfd, 0x00, 0x00, 0x00, 0x00,
    0x00, 0x00, 0x00, 0x6f, 0xff, 0xfd, 0x00, 0x00, 0x00, 0x00,
    0x00, 0x00, 0x00, 0x6f, 0xff, 0xfd, 0x00, 0x00, 0x00, 0x00,

    /* U+0055 "U" */
    0x7f, 0xff, 0xfc, 0x00, 0x00, 0x00, 0x0a, 0xff, 0xff, 0x90,
    0x7f, 0xff, 0xfc, 0x00, 0x00, 0x00, 0x0a, 0xff, 0xff, 0x90,
    0x7f, 0xff, 0xfc, 0x00, 0x00, 0x00, 0x0a, 0xff, 0xff, 0x90,
    0x7f, 0xff, 0xfc, 0x00, 0x00, 0x00, 0x0a, 0xff, 0xff, 0x90,
    0x7f, 0xff, 0xfc, 0x00, 0x00, 0x00, 0x0a, 0xff, 0xff, 0x90,
    0x7f, 0xff, 0xfc, 0x00, 0x00, 0x00, 0x0a, 0xff, 0xff, 0x90,
    0x7f, 0xff, 0xfc, 0x00, 0x00, 0x00, 0x0a, 0xff, 0xff, 0x90,
    0x7f, 0xff, 0xfc, 0x00, 0x00, 0x00, 0x0a, 0xff, 0xff, 0x90,
    0x7f, 0xff, 0xfc, 0x00, 0x00, 0x00, 0x0a, 0xff, 0xff, 0x90,
    0x7f, 0xff, 0xfc, 0x00, 0x00, 0x00, 0x0a, 0xff, 0xff, 0x90,
    0x7f, 0xff, 0xfc, 0x00, 0x00, 0x00, 0x0a, 0xff, 0xff, 0x90,
    0x7f, 0xff, 0xfc, 0x00, 0x00, 0x00, 0x0a, 0xff, 0xff, 0x90,
    0x6f, 0xff, 0xfc, 0x00, 0x00, 0x00, 0x0a, 0xff, 0xff, 0x90,
    0x6f, 0xff, 0xfd, 0x00, 0x00, 0x00, 0x0b, 0xff, 0xff, 0x80,
    0x4f, 0xff, 0xff, 0x00, 0x00, 0x00, 0x0e, 0xff, 0xff, 0x70,
    0x2f, 0xff, 0xff, 0x70, 0x00, 0x00, 0x5f, 0xff, 0xff, 0x40,
    0x0e, 0xff, 0xff, 0xf8, 0x20, 0x17, 0xff, 0xff, 0xff, 0x00,
    0x08, 0xff, 0xff, 0xff, 0xff, 0xff, 0xff, 0xff, 0xfa, 0x00,
    0x01, 0xef, 0xff, 0xff, 0xff, 0xff, 0xff, 0xff, 0xf2, 0x00,
    0x00, 0x4f, 0xff, 0xff, 0xff, 0xff, 0xff, 0xff, 0x50, 0x00,
    0x00, 0x03, 0xdf, 0xff, 0xff, 0xff, 0xff, 0xe5, 0x00, 0x00,
    0x00, 0x00, 0x05, 0xad, 0xff, 0xfd, 0xa6, 0x00, 0x00, 0x00,

    /* U+0056 "V" */
    0xaf, 0xff, 0xfa, 0x00, 0x00, 0x00, 0x00, 0x0e, 0xff, 0xff, 0x40,
    0x5f, 0xff, 0xff, 0x00, 0x00, 0x00, 0x00, 0x4f, 0xff, 0xfe, 0x00,
    0x0f, 0xff, 0xff, 0x40, 0x00, 0x00, 0x00, 0x9f, 0xff, 0xf9, 0x00,
    0x0a, 0xff, 0xff, 0xa0, 0x00, 0x00, 0x00, 0xef, 0xff, 0xf4, 0x00,
    0x05, 0xff, 0xff, 0xe0, 0x00, 0x00, 0x03, 0xff, 0xff, 0xe0, 0x00,
    0x00, 0xff, 0xff, 0xf4, 0x00, 0x00, 0x09, 0xff, 0xff, 0x90, 0x00,
    0x00, 0xbf, 0xff, 0xf9, 0x00, 0x00, 0x0e, 0xff, 0xff, 0x40, 0x00,
    0x00, 0x5f, 0xff, 0xfe, 0x00, 0x00, 0x3f, 0xff, 0xfe, 0x00, 0x00,
    0x00, 0x0f, 0xff, 0xff, 0x30, 0x00, 0x8f, 0xff, 0xf9, 0x00, 0x00,
    0x00, 0x0b, 0xff, 0xff, 0x90, 0x00, 0xdf, 0xff, 0xf4, 0x00, 0x00,
    0x00, 0x05, 0xff, 0xff, 0xe0, 0x03, 0xff, 0xff, 0xe0, 0x00, 0x00,
    0x00, 0x00, 0xff, 0xff, 0xf3, 0x08, 0xff, 0xff, 0x90, 0x00, 0x00,
    0x00, 0x00, 0xbf, 0xff, 0xf8, 0x0d, 0xff, 0xff, 0x40, 0x00, 0x00,
    0x00, 0x00, 0x5f, 0xff, 0xfd, 0x2f, 0xff, 0xfe, 0x00, 0x00, 0x00,
    0x00, 0x00, 0x0f, 0xff, 0xff, 0xaf, 0xff, 0xf9, 0x00, 0x00, 0x00,
    0x00, 0x00, 0x0b, 0xff, 0xff, 0xff, 0xff, 0xf4, 0x00, 0x00, 0x00,
    0x00, 0x00, 0x05, 0xff, 0xff, 0xff, 0xff, 0xe0, 0x00, 0x00, 0x00,
    0x00, 0x00, 0x01, 0xff, 0xff, 0xff, 0xff, 0x90, 0x00, 0x00, 0x00,
    0x00, 0x00, 0x00, 0xbf, 0xff, 0xff, 0xff, 0x40, 0x00, 0x00, 0x00,
    0x00, 0x00, 0x00, 0x6f, 0xff, 0xff, 0xfe, 0x00, 0x00, 0x00, 0x00,
    0x00, 0x00, 0x00, 0x1f, 0xff, 0xff, 0xf9, 0x00, 0x00, 0x00, 0x00,
    0x00, 0x00, 0x00, 0x0b, 0xff, 0xff, 0xf4, 0x00, 0x00, 0x00, 0x00,

    /* U+0057 "W" */
    0x9f, 0xff, 0xfa, 0x00, 0x00, 0x00, 0x0a, 0xff, 0xff, 0x90, 0x00, 0x00, 0x00, 0xbf, 0xff, 0xf8,
    0x5f, 0xff, 0xfe, 0x00, 0x00, 0x00, 0x0f, 0xff, 0xff, 0xe0, 0x00, 0x00, 0x00, 0xff, 0xff, 0xf3,
    0x1f, 0xff, 0xff, 0x20, 0x00, 0x00, 0x4f, 0xff, 0xff, 0xf2, 0x00, 0x00, 0x03, 0xff, 0xff, 0xf0,
    0x0c, 0xff, 0xff, 0x60, 0x00, 0x00, 0x9f, 0xff, 0xff, 0xf7, 0x00, 0x00, 0x07, 0xff, 0xff, 0xa0,
    0x08, 0xff, 0xff, 0xa0, 0x00, 0x00, 0xef, 0xff, 0xff, 0xfc, 0x00, 0x00, 0x0b, 0xff, 0xff, 0x60,
    0x03, 0xff, 0xff, 0xe0, 0x00, 0x02, 0xff, 0xff, 0xff, 0xff, 0x10, 0x00, 0x0f, 0xff, 0xff, 0x20,
    0x00, 0xff, 0xff, 0xf2, 0x00, 0x07, 0xff, 0xff, 0xff, 0xff, 0x60, 0x00, 0x4f, 0xff, 0xfd, 0x00,
    0x00, 0xbf, 0xff, 0xf6, 0x00, 0x0c, 0xff, 0xff, 0xff, 0xff, 0xa0, 0x00, 0x8f, 0xff, 0xf9, 0x00,
    0x00, 0x6f, 0xff, 0xfa, 0x00, 0x1f, 0xff, 0xfe, 0xff, 0xff, 0xf0, 0x00, 0xcf, 0xff, 0xf5, 0x00,
    0x00, 0x2f, 0xff, 0xfe, 0x00, 0x5f, 0xff, 0xfa, 0xbf, 0xff, 0xf4, 0x00, 0xff, 0xff, 0xf0, 0x00,
    0x00, 0x0e, 0xff, 0xff, 0x20, 0xaf, 0xff, 0xf5, 0x6f, 0xff, 0xf9, 0x04, 0xff, 0xff, 0xc0, 0x00,
    0x00, 0x09, 0xff, 0xff, 0x60, 0xff, 0xff, 0xf0, 0x1f, 0xff, 0xfe, 0x08, 0xff, 0xff, 0x70, 0x00,
    0x00, 0x05, 0xff, 0xff, 0xa4, 0xff, 0xff, 0xb0, 0x0d, 0xff, 0xff, 0x2c, 0xff, 0xff, 0x30, 0x00,
    0x00, 0x01, 0xff, 0xff, 0xe9, 0xff, 0xff, 0x70, 0x08, 0xff, 0xff, 0x8f, 0xff, 0xff, 0x00, 0x00,
    0x00, 0x00, 0xcf, 0xff, 0xff, 0xff, 0xff, 0x20, 0x03, 0xff, 0xff, 0xff, 0xff, 0xfa, 0x00, 0x00,
    0x00, 0x00, 0x8f, 0xff, 0xff, 0xff, 0xfd, 0x00, 0x00, 0xef, 0xff, 0xff, 0xff, 0xf6, 0x00, 0x00,
    0x00, 0x00, 0x3f, 0xff, 0xff, 0xff, 0xf8, 0x00, 0x00, 0xaf, 0xff, 0xff, 0xff, 0xf2, 0x00, 0x00,
    0x00, 0x00, 0x0f, 0xff, 0xff, 0xff, 0xf3, 0x00, 0x00, 0x5f, 0xff, 0xff, 0xff, 0xd0, 0x00, 0x00,
    0x00, 0x00, 0x0b, 0xff, 0xff, 0xff, 0xe0, 0x00, 0x00, 0x1f, 0xff, 0xff, 0xff, 0x90, 0x00, 0x00,
    0x00, 0x00, 0x06, 0xff, 0xff, 0xff, 0xa0, 0x00, 0x00, 0x0b, 0xff, 0xff, 0xff, 0x40, 0x00, 0x00,
    0x00, 0x00, 0x02, 0xff, 0xff, 0xff, 0x50, 0x00, 0x00, 0x07, 0xff, 0xff, 0xff, 0x00, 0x00, 0x00,
    0x00, 0x00, 0x00, 0xdf, 0xff, 0xff, 0x10, 0x00, 0x00, 0x02, 0xff, 0xff, 0xfc, 0x00, 0x00, 0x00,

    /* U+0058 "X" */
    0x4f, 0xff, 0xff, 0xd0, 0x00, 0x00, 0x00, 0x1e, 0xff, 0xff, 0xf3,
    0x09, 0xff, 0xff, 0xf8, 0x00, 0x00, 0x00, 0xaf, 0xff, 0xff, 0x80,
    0x01, 0xef, 0xff, 0xff, 0x30, 0x00, 0x04, 0xff, 0xff, 0xfd, 0x00,
    0x00, 0x4f, 0xff, 0xff, 0xd0, 0x00, 0x0e, 0xff, 0xff, 0xf3, 0x00,
    0x00, 0x0a, 0xff, 0xff, 0xf7, 0x00, 0x9f, 0xff, 0xff, 0x80, 0x00,
    0x00, 0x01, 0xef, 0xff, 0xff, 0x23, 0xff, 0xff, 0xfd, 0x00, 0x00,
    0x00, 0x00, 0x5f, 0xff, 0xff, 0xcd, 0xff, 0xff, 0xf3, 0x00, 0x00,
    0x00, 0x00, 0x0a, 0xff, 0xff, 0xff, 0xff, 0xff, 0x80, 0x00, 0x00,
    0x00, 0x00, 0x01, 0xef, 0xff, 0xff, 0xff, 0xfd, 0x00, 0x00, 0x00,
    0x00, 0x00, 0x00, 0x5f, 0xff, 0xff, 0xff, 0xf3, 0x00, 0x00, 0x00,
    0x00, 0x00, 0x00, 0x0b, 0xff, 0xff, 0xff, 0x80, 0x00, 0x00, 0x00,
    0x00, 0x00, 0x00, 0x0d, 0xff, 0xff, 0xff, 0x90, 0x00, 0x00, 0x00,
    0x00, 0x00, 0x00, 0x8f, 0xff, 0xff, 0xff, 0xf4, 0x00, 0x00, 0x00,
    0x00, 0x00, 0x03, 0xff, 0xff, 0xff, 0xff, 0xfe, 0x00, 0x00, 0x00,
    0x00, 0x00, 0x0d, 0xff, 0xff, 0xff, 0xff, 0xff, 0x90, 0x00, 0x00,
    0x00, 0x00, 0x8f, 0xff, 0xff, 0xde, 0xff, 0xff, 0xf4, 0x00, 0x00,
    0x00, 0x03, 0xff, 0xff, 0xff, 0x26, 0xff, 0xff, 0xfe, 0x00, 0x00,
    0x00, 0x0c, 0xff, 0xff, 0xf8, 0x00, 0xbf, 0xff, 0xff, 0x90, 0x00,
    0x00, 0x7f, 0xff, 0xff, 0xd0, 0x00, 0x2f, 0xff, 0xff, 0xf4, 0x00,
    0x02, 0xff, 0xff, 0xff, 0x40, 0x00, 0x07, 0xff, 0xff, 0xfe, 0x00,
    0x0c, 0xff, 0xff, 0xf9, 0x00, 0x00, 0x00, 0xcf, 0xff, 0xff, 0x90,
    0x7f, 0xff, 0xff, 0xe1, 0x00, 0x00, 0x00, 0x2f, 0xff, 0xff, 0xf4,

    /* U+0059 "Y" */
    0x0d, 0xff, 0xff, 0xd0, 0x00, 0x00, 0x00, 0x0c, 0xff, 0xff, 0xb0,
    0x05, 0xff, 0xff, 0xf5, 0x00, 0x00, 0x00, 0x4f, 0xff, 0xff, 0x30,
    0x00, 0xdf, 0xff, 0xfd, 0x00, 0x00, 0x00, 0xcf, 0xff, 0xfb, 0x00,
    0x00, 0x5f, 0xff, 0xff, 0x50, 0x00, 0x04, 0xff, 0xff, 0xf3, 0x00,
    0x00, 0x0d, 0xff, 0xff, 0xd0, 0x00, 0x0c, 0xff, 0xff, 0xa0, 0x00,
    0x00, 0x05, 0xff, 0xff, 0xf5, 0x00, 0x4f, 0xff, 0xff, 0x20, 0x00,
    0x00, 0x00, 0xdf, 0xff, 0xfd, 0x00, 0xcf, 0xff, 0xfa, 0x00, 0x00,
    0x00, 0x00, 0x5f, 0xff, 0xff, 0x54, 0xff, 0xff, 0xf2, 0x00, 0x00,
    0x00, 0x00, 0x0c, 0xff, 0xff, 0xdc, 0xff, 0xff, 0xa0, 0x00, 0x00,
    0x00, 0x00, 0x04, 0xff, 0xff, 0xff, 0xff, 0xff, 0x20, 0x00, 0x00,
    0x00, 0x00, 0x00, 0xcf, 0xff, 0xff, 0xff, 0xfa, 0x00, 0x00, 0x00,
    0x00, 0x00, 0x00, 0x4f, 0xff, 0xff, 0xff, 0xf2, 0x00, 0x00, 0x00,
    0x00, 0x00, 0x00, 0x0c, 0xff, 0xff, 0xff, 0x90, 0x00, 0x00, 0x00,
    0x00, 0x00, 0x00, 0x04, 0xff, 0xff, 0xff, 0x10, 0x00, 0x00, 0x00,
    0x00, 0x00, 0x00, 0x00, 0xdf, 0xff, 0xfa, 0x00, 0x00, 0x00, 0x00,
    0x00, 0x00, 0x00, 0x00, 0xaf, 0xff, 0xf8, 0x00, 0x00, 0x00, 0x00,
    0x00, 0x00, 0x00, 0x00, 0xaf, 0xff, 0xf8, 0x00, 0x00, 0x00, 0x00,
    0x00, 0x00, 0x00, 0x00, 0xaf, 0xff, 0xf8, 0x00, 0x00, 0x00, 0x00,
    0x00, 0x00, 0x00, 0x00, 0xaf, 0xff, 0xf8, 0x00, 0x00, 0x00, 0x00,
    0x00, 0x00, 0x00, 0x00, 0xaf, 0xff, 0xf8, 0x00, 0x00, 0x00, 0x00,
    0x00, 0x00, 0x00, 0x00, 0xaf, 0xff, 0xf8, 0x00, 0x00, 0x00, 0x00,
    0x00, 0x00, 0x00, 0x00, 0xaf, 0xff, 0xf8, 0x00, 0x00, 0x00, 0x00,

    /* U+005A "Z" */
    0xaf, 0xff, 0xff, 0xff, 0xff, 0xff, 0xff, 0xff, 0xb0,
    0xaf, 0xff, 0xff, 0xff, 0xff, 0xff, 0xff, 0xff, 0xb0,
    0xaf, 0xff, 0xff, 0xff, 0xff, 0xff, 0xff, 0xff, 0xb0,
    0xaf, 0xff, 0xff, 0xff, 0xff, 0xff, 0xff, 0xff, 0xa0,
    0xaf, 0xff, 0xff, 0xff, 0xff, 0xff, 0xff, 0xff, 0x20,
    0x00, 0x00, 0x00, 0x00, 0x08, 0xff, 0xff, 0xf5, 0x00,
    0x00, 0x00, 0x00, 0x00, 0x4f, 0xff, 0xff, 0xa0, 0x00,
    0x00, 0x00, 0x00, 0x01, 0xef, 0xff, 0xfd, 0x00, 0x00,
    0x00, 0x00, 0x00, 0x0b, 0xff, 0xff, 0xf3, 0x00, 0x00,
    0x00, 0x00, 0x00, 0x6f, 0xff, 0xff, 0x80, 0x00, 0x00,
    0x00, 0x00, 0x02, 0xff, 0xff, 0xfc, 0x00, 0x00, 0x00,
    0x00, 0x00, 0x0d, 0xff, 0xff, 0xf2, 0x00, 0x00, 0x00,
    0x00, 0x00, 0x9f, 0xff, 0xff, 0x50, 0x00, 0x00, 0x00,
    0x00, 0x05, 0xff, 0xff, 0xfa, 0x00, 0x00, 0x00, 0x00,
    0x00, 0x2e, 0xff, 0xff, 0xd0, 0x00, 0x00, 0x00, 0x00,
    0x00, 0xcf, 0xff, 0xff, 0x30, 0x00, 0x00, 0x00, 0x00,
    0x08, 0xff, 0xff, 0xf7, 0x00, 0x00, 0x00, 0x00, 0x00,
    0x3f, 0xff, 0xff, 0xff, 0xff, 0xff, 0xff, 0xff, 0xd0,
    0xcf, 0xff, 0xff, 0xff, 0xff, 0xff, 0xff, 0xff, 0xd0,
    0xdf, 0xff, 0xff, 0xff, 0xff, 0xff, 0xff, 0xff, 0xd0,
    0xdf, 0xff, 0xff, 0xff, 0xff, 0xff, 0xff, 0xff, 0xd0,
    0xdf, 0xff, 0xff, 0xff, 0xff, 0xff, 0xff, 0xff, 0xd0,

    /* U+005B "[" */
    0x6f, 0xff, 0xff, 0xff, 0xf2,
    0x7f, 0xff, 0xff, 0xff, 0xf2,
    0x7f, 0xff, 0xff, 0xff, 0xf2,
    0x7f, 0xff, 0xff, 0xff, 0xf2,
    0x7f, 0xff, 0xff, 0xff, 0xf2,
    0x7f, 0xff, 0xfc, 0x00, 0x00,
    0x7f, 0xff, 0xfc, 0x00, 0x00,
    0x7f, 0xff, 0xfc, 0x00, 0x00,
    0x7f, 0xff, 0xfc, 0x00, 0x00,
    0x7f, 0xff, 0xfc, 0x00, 0x00,
    0x7f, 0xff, 0xfc, 0x00, 0x00,
    0x7f, 0xff, 0xfc, 0x00, 0x00,
    0x7f, 0xff, 0xfc, 0x00, 0x00,
    0x7f, 0xff, 0xfc, 0x00, 0x00,
    0x7f, 0xff, 0xfc, 0x00, 0x00,
    0x7f, 0xff, 0xfc, 0x00, 0x00,
    0x7f, 0xff, 0xfc, 0x00, 0x00,
    0x7f, 0xff, 0xfc, 0x00, 0x00,
    0x7f, 0xff, 0xfc, 0x00, 0x00,
    0x7f, 0xff, 0xfc, 0x00, 0x00,
    0x7f, 0xff, 0xfc, 0x00, 0x00,
    0x7f, 0xff, 0xfc, 0x00, 0x00,
    0x7f, 0xff, 0xfc, 0x00, 0x00,
    0x7f, 0xff, 0xfc, 0x00, 0x00,
    0x7f, 0xff, 0xfc, 0x00, 0x00,
    0x7f, 0xff, 0xff, 0xff, 0xf2,
    0x7f, 0xff, 0xff, 0xff, 0xf2,
    0x7f, 0xff, 0xff, 0xff, 0xf2,
    0x7f, 0xff, 0xff, 0xff, 0xf2,
    0x7f, 0xff, 0xff, 0xff, 0xf2,

    /* U+005C "\\" */
    0x00, 0x04, 0xb4, 0x00, 0x00, 0x00, 0x00, 0x00, 0x00,
    0x05, 0xcf, 0xfb, 0x00, 0x00, 0x00, 0x00, 0x00, 0x00,
    0x2f, 0xff, 0xff, 0x30, 0x00, 0x00, 0x00, 0x00, 0x00,
    0x0a, 0xff, 0xff, 0xb0, 0x00, 0x00, 0x00, 0x00, 0x00,
    0x02, 0xff, 0xff, 0xf3, 0x00, 0x00, 0x00, 0x00, 0x00,
    0x00, 0xaf, 0xff, 0xfb, 0x00, 0x00, 0x00, 0x00, 0x00,
    0x00, 0x2f, 0xff, 0xff, 0x30, 0x00, 0x00, 0x00, 0x00,
    0x00, 0x0b, 0xff, 0xff, 0xb0, 0x00, 0x00, 0x00, 0x00,
    0x00, 0x03, 0xff, 0xff, 0xf2, 0x00, 0x00, 0x00, 0x00,
    0x00, 0x00, 0xbf, 0xff, 0xfa, 0x00, 0x00, 0x00, 0x00,
    0x00, 0x00, 0x3f, 0xff, 0xff, 0x20, 0x00, 0x00, 0x00,
    0x00, 0x00, 0x0b, 0xff, 0xff, 0xa0, 0x00, 0x00, 0x00,
    0x00, 0x00, 0x03, 0xff, 0xff, 0xf2, 0x00, 0x00, 0x00,
    0x00, 0x00, 0x00, 0xbf, 0xff, 0xfa, 0x00, 0x00, 0x00,
    0x00, 0x00, 0x00, 0x4f, 0xff, 0xff, 0x20, 0x00, 0x00,
    0x00, 0x00, 0x00, 0x0c, 0xff, 0xff, 0x90, 0x00, 0x00,
    0x00, 0x00, 0x00, 0x04, 0xff, 0xff, 0xf1, 0x00, 0x00,
    0x00, 0x00, 0x00, 0x00, 0xcf, 0xff, 0xf9, 0x00, 0x00,
    0x00, 0x00, 0x00, 0x00, 0x4f, 0xff, 0xff, 0x10, 0x00,
    0x00, 0x00, 0x00, 0x00, 0x0c, 0xff, 0xff, 0x90, 0x00,
    0x00, 0x00, 0x00, 0x00, 0x05, 0xff, 0xff, 0xf1, 0x00,
    0x00, 0x00, 0x00, 0x00, 0x00, 0xdf, 0xff, 0xf8, 0x00,
    0x00, 0x00, 0x00, 0x00, 0x00, 0x5f, 0xff, 0xff, 0x10,
    0x00, 0x00, 0x00, 0x00, 0x00, 0x0d, 0xff, 0xff, 0x80,
    0x00, 0x00, 0x00, 0x00, 0x00, 0x05, 0xff, 0xff, 0xf1,
    0x00, 0x00, 0x00, 0x00, 0x00, 0x00, 0xdf, 0xff, 0xf5,
    0x00, 0x00, 0x00, 0x00, 0x00, 0x00, 0x5f, 0xf9, 0x20,
    0x00, 0x00, 0x00, 0x00, 0x00, 0x00, 0x07, 0x10, 0x00,

    /* U+005D "]" */
    0x4f, 0xff, 0xff, 0xff, 0xf3,
    0x5f, 0xff, 0xff, 0xff, 0xf4,
    0x5f, 0xff, 0xff, 0xff, 0xf4,
    0x5f, 0xff, 0xff, 0xff, 0xf4,
    0x5f, 0xff, 0xff, 0xff, 0xf4,
    0x00, 0x00, 0xff, 0xff, 0xf4,
    0x00, 0x00, 0xff, 0xff, 0xf4,
    0x00, 0x00, 0xff, 0xff, 0xf4,
    0x00, 0x00, 0xff, 0xff, 0xf4,
    0x00, 0x00, 0xff, 0xff, 0xf4,
    0x00, 0x00, 0xff, 0xff, 0xf4,
    0x00, 0x00, 0xff, 0xff, 0xf4,
    0x00, 0x00, 0xff, 0xff, 0xf4,
    0x00, 0x00, 0xff, 0xff, 0xf4,
    0x00, 0x00, 0xff, 0xff, 0xf4,
    0x00, 0x00, 0xff, 0xff, 0xf4,
    0x00, 0x00, 0xff, 0xff, 0xf4,
    0x00, 0x00, 0xff, 0xff, 0xf4,
    0x00, 0x00, 0xff, 0xff, 0xf4,
    0x00, 0x00, 0xff, 0xff, 0xf4,
    0x00, 0x00, 0xff, 0xff, 0xf4,
    0x00, 0x00, 0xff, 0xff, 0xf4,
    0x00, 0x00, 0xff, 0xff, 0xf4,
    0x00, 0x00, 0xff, 0xff, 0xf4,
    0x00, 0x00, 0xff, 0xff, 0xf4,
    0x5f, 0xff, 0xff, 0xff, 0xf4,
    0x5f, 0xff, 0xff, 0xff, 0xf4,
    0x5f, 0xff, 0xff, 0xff, 0xf4,
    0x5f, 0xff, 0xff, 0xff, 0xf4,
    0x5f, 0xff, 0xff, 0xff, 0xf4,

    /* U+005E "^" */
    0x00, 0x00, 0x00, 0x00, 0x20, 0x00, 0x00, 0x00, 0x00,
    0x00, 0x00, 0x00, 0x04, 0xfa, 0x00, 0x00, 0x00, 0x00,
    0x00, 0x00, 0x00, 0x6f, 0xff, 0xc1, 0x00, 0x00, 0x00,
    0x00, 0x00, 0x08, 0xff, 0xff, 0xfd, 0x20, 0x00, 0x00,
    0x00, 0x00, 0xaf, 0xff, 0xff, 0xff, 0xe3, 0x00, 0x00,
    0x00, 0x1c, 0xff, 0xff, 0xff, 0xff, 0xff, 0x40, 0x00,
    0x02, 0xdf, 0xff, 0xff, 0x7d, 0xff, 0xff, 0xf6, 0x00,
    0x0c, 0xff, 0xff, 0xf4, 0x00, 0xbf, 0xff, 0xff, 0x30,
    0x02, 0xef, 0xfd, 0x20, 0x00, 0x09, 0xff, 0xf8, 0x00,
    0x00, 0x3f, 0xc1, 0x00, 0x00, 0x00, 0x6f, 0x90, 0x00,
    0x00, 0x03, 0x00, 0x00, 0x00, 0x00, 0x03, 0x00, 0x00,

    /* U+005F "_" */
    0x13, 0x33, 0x33, 0x33, 0x33, 0x33, 0x33, 0x33, 0x30,
    0x4f, 0xff, 0xff, 0xff, 0xff, 0xff, 0xff, 0xff, 0xf2,
    0x4f, 0xff, 0xff, 0xff, 0xff, 0xff, 0xff, 0xff, 0xf2,
    0x4f, 0xff, 0xff, 0xff, 0xff, 0xff, 0xff, 0xff, 0xf2,
    0x4f, 0xff, 0xff, 0xff, 0xff, 0xff, 0xff, 0xff, 0xf2,

    /* U+0060 "`" */
    0x00, 0x50, 0x00, 0x00,
    0x08, 0xfb, 0x00, 0x00,
    0x8f, 0xff, 0xc1, 0x00,
    0x4f, 0xff, 0xfd, 0x10,
    0x03, 0xef, 0xff, 0xe2,
    0x00, 0x2e, 0xff, 0xf5,
    0x00, 0x01, 0xdf, 0x60,
    0x00, 0x00, 0x15, 0x00,

    /* U+0061 "a" */
    0x00, 0x01, 0x6a, 0xdf, 0xfe, 0xc7, 0x00, 0x00,
    0x01, 0xbf, 0xff, 0xff, 0xff, 0xff, 0xe3, 0x00,
    0x00, 0xdf, 0xff, 0xff, 0xff, 0xff, 0xfe, 0x10,
    0x00, 0x6f, 0xff, 0xff, 0xff, 0xff, 0xff, 0x90,
    0x00, 0x0d, 0x96, 0x43, 0x5d, 0xff, 0xff, 0xe0,
    0x00, 0x00, 0x47, 0x87, 0x32, 0xff, 0xff, 0xf1,
    0x00, 0x4e, 0xff, 0xff, 0xfd, 0xff, 0xff, 0xf2,
    0x04, 0xff, 0xff, 0xff, 0xff, 0xff, 0xff, 0xf2,
    0x0e, 0xff, 0xff, 0xff, 0xff, 0xff, 0xff, 0xf2,
    0x4f, 0xff, 0xff, 0x91, 0x19, 0xff, 0xff, 0xf2,
    0x6f, 0xff, 0xff, 0x10, 0x00, 0xff, 0xff, 0xf2,
    0x5f, 0xff, 0xff, 0x30, 0x03, 0xff, 0xff, 0xf2,
    0x1f, 0xff, 0xff, 0xe8, 0x8e, 0xff, 0xff, 0xf2,
    0x0a, 0xff, 0xff, 0xff, 0xff, 0xff, 0xff, 0xf2,
    0x00, 0xcf, 0xff, 0xff, 0xff, 0xef, 0xff, 0xf2,
    0x00, 0x06, 0xcf, 0xfe, 0xb4, 0x5f, 0xff, 0xf2,

    /* U+0062 "b" */
    0x7f, 0xff, 0xfb, 0x00, 0x00, 0x00, 0x00, 0x00, 0x00,
    0x7f, 0xff, 0xfb, 0x00, 0x00, 0x00, 0x00, 0x00, 0x00,
    0x7f, 0xff, 0xfb, 0x00, 0x00, 0x00, 0x00, 0x00, 0x00,
    0x7f, 0xff, 0xfb, 0x00, 0x00, 0x00, 0x00, 0x00, 0x00,
    0x7f, 0xff, 0xfb, 0x00, 0x00, 0x00, 0x00, 0x00, 0x00,
    0x7f, 0xff, 0xfb, 0x00, 0x00, 0x00, 0x00, 0x00, 0x00,
    0x7f, 0xff, 0xfb, 0x6c, 0xef, 0xeb, 0x50, 0x00, 0x00,
    0x7f, 0xff, 0xff, 0xff, 0xff, 0xff, 0xfb, 0x10, 0x00,
    0x7f, 0xff, 0xff, 0xff, 0xff, 0xff, 0xff, 0xc0, 0x00,
    0x7f, 0xff, 0xff, 0xff, 0xff, 0xff, 0xff, 0xf8, 0x00,
    0x7f, 0xff, 0xff, 0xfe, 0xbe, 0xff, 0xff, 0xff, 0x00,
    0x7f, 0xff, 0xff, 0x80, 0x00, 0x9f, 0xff, 0xff, 0x50,
    0x7f, 0xff, 0xfc, 0x00, 0x00, 0x0e, 0xff, 0xff, 0x80,
    0x7f, 0xff, 0xf8, 0x00, 0x00, 0x0a, 0xff, 0xff, 0xa0,
    0x7f, 0xff, 0xf8, 0x00, 0x00, 0x0a, 0xff, 0xff, 0xa0,
    0x7f, 0xff, 0xfd, 0x00, 0x00, 0x1f, 0xff, 0xff, 0x80,
    0x7f, 0xff, 0xff, 0xb1, 0x02, 0xcf, 0xff, 0xff, 0x50,
    0x7f, 0xff, 0xff, 0xff, 0xff, 0xff, 0xff, 0xff, 0x00,
    0x7f, 0xff, 0xff, 0xff, 0xff, 0xff, 0xff, 0xf8, 0x00,
    0x7f, 0xff, 0xff, 0xff, 0xff, 0xff, 0xff, 0xd0, 0x00,
    0x7f, 0xff, 0xdb, 0xff, 0xff, 0xff, 0xfc, 0x10, 0x00,
    0x7f, 0xff, 0x80, 0x5b, 0xef, 0xeb, 0x50, 0x00, 0x00,

    /* U+0063 "c" */
    0x00, 0x00, 0x07, 0xce, 0xff, 0xd9, 0x20, 0x00, 0x00,
    0x00, 0x04, 0xef, 0xff, 0xff, 0xff, 0xf9, 0x00, 0x00,
    0x00, 0x5f, 0xff, 0xff, 0xff, 0xff, 0xff, 0xb0, 0x00,
    0x02, 0xff, 0xff, 0xff, 0xff, 0xff, 0xff, 0xf7, 0x00,
    0x0a, 0xff, 0xff, 0xff, 0xff, 0xff, 0xff, 0xfe, 0x00,
    0x1f, 0xff, 0xff, 0xe4, 0x12, 0x9f, 0xfe, 0x81, 0x00,
    0x4f, 0xff, 0xff, 0x20, 0x00, 0x08, 0x50, 0x00, 0x00,
    0x6f, 0xff, 0xfd, 0x00, 0x00, 0x00, 0x00, 0x00, 0x00,
    0x5f, 0xff, 0xfd, 0x00, 0x00, 0x00, 0x00, 0x00, 0x00,
    0x4f, 0xff, 0xff, 0x20, 0x00, 0x08, 0x50, 0x00, 0x00,
    0x0f, 0xff, 0xff, 0xe4, 0x12, 0x9f, 0xfe, 0x81, 0x00,
    0x0a, 0xff, 0xff, 0xff, 0xff, 0xff, 0xff, 0xfe, 0x00,
    0x02, 0xff, 0xff, 0xff, 0xff, 0xff, 0xff, 0xf7, 0x00,
    0x00, 0x5f, 0xff, 0xff, 0xff, 0xff, 0xff, 0xa0, 0x00,
    0x00, 0x05, 0xef, 0xff, 0xff, 0xff, 0xf8, 0x00, 0x00,
    0x00, 0x00, 0x17, 0xce, 0xff, 0xd9, 0x20, 0x00, 0x00,

    /* U+0064 "d" */
    0x00, 0x00, 0x00, 0x00, 0x00, 0x06, 0xff, 0xff, 0xc0,
    0x00, 0x00, 0x00, 0x00, 0x00, 0x06, 0xff, 0xff, 0xc0,
    0x00, 0x00, 0x00, 0x00, 0x00, 0x06, 0xff, 0xff, 0xc0,
    0x00, 0x00, 0x00, 0x00, 0x00, 0x06, 0xff, 0xff, 0xc0,
    0x00, 0x00, 0x00, 0x00, 0x00, 0x06, 0xff, 0xff, 0xc0,
    0x00, 0x00, 0x00, 0x00, 0x00, 0x06, 0xff, 0xff, 0xc0,
    0x00, 0x00, 0x29, 0xdf, 0xfd, 0x88, 0xff, 0xff, 0xc0,
    0x00, 0x07, 0xff, 0xff, 0xff, 0xff, 0xff, 0xff, 0xc0,
    0x00, 0x8f, 0xff, 0xff, 0xff, 0xff, 0xff, 0xff, 0xc0,
    0x03, 0xff, 0xff, 0xff, 0xff, 0xff, 0xff, 0xff, 0xc0,
    0x0b, 0xff, 0xff, 0xfe, 0xab, 0xff, 0xff, 0xff, 0xc0,
    0x1f, 0xff, 0xff, 0xc0, 0x00, 0x2e, 0xff, 0xff, 0xc0,
    0x4f, 0xff, 0xff, 0x20, 0x00, 0x06, 0xff, 0xff, 0xc0,
    0x5f, 0xff, 0xfe, 0x00, 0x00, 0x04, 0xff, 0xff, 0xc0,
    0x5f, 0xff, 0xff, 0x00, 0x00, 0x04, 0xff, 0xff, 0xc0,
    0x4f, 0xff, 0xff, 0x40, 0x00, 0x09, 0xff, 0xff, 0xc0,
    0x1f, 0xff, 0xff, 0xe4, 0x00, 0x7f, 0xff, 0xff, 0xc0,
    0x0b, 0xff, 0xff, 0xff, 0xff, 0xff, 0xff, 0xff, 0xc0,
    0x03, 0xff, 0xff, 0xff, 0xff, 0xff, 0xff, 0xff, 0xc0,
    0x00, 0x8f, 0xff, 0xff, 0xff, 0xff, 0xff, 0xff, 0xc0,
    0x00, 0x08, 0xff, 0xff, 0xff, 0xfd, 0xaf, 0xff, 0xc0,
    0x00, 0x00, 0x3a, 0xef, 0xfc, 0x70, 0x4f, 0xff, 0xc0,

    /* U+0065 "e" */
    0x00, 0x00, 0x17, 0xcf, 0xff, 0xc7, 0x10, 0x00, 0x00,
    0x00, 0x05, 0xff, 0xff, 0xff, 0xff, 0xf5, 0x00, 0x00,
    0x00, 0x6f, 0xff, 0xff, 0xff, 0xff, 0xff, 0x60, 0x00,
    0x02, 0xff, 0xff, 0xff, 0xff, 0xff, 0xff, 0xf3, 0x00,
    0x0a, 0xff, 0xff, 0x91, 0x01, 0x7f, 0xff, 0xfb, 0x00,
    0x0f, 0xff, 0xfa, 0x00, 0x00, 0x08, 0xff, 0xff, 0x10,
    0x4f, 0xff, 0xff, 0xff, 0xff, 0xff, 0xff, 0xff, 0x40,
    0x5f, 0xff, 0xff, 0xff, 0xff, 0xff, 0xff, 0xff, 0x60,
    0x5f, 0xff, 0xff, 0xff, 0xff, 0xff, 0xff, 0xff, 0x60,
    0x4f, 0xff, 0xfa, 0x88, 0x88, 0x88, 0x88, 0x88, 0x20,
    0x1f, 0xff, 0xfa, 0x00, 0x00, 0x00, 0x83, 0x00, 0x00,
    0x0c, 0xff, 0xff, 0x91, 0x00, 0x2b, 0xff, 0xa2, 0x00,
    0x04, 0xff, 0xff, 0xff, 0xef, 0xff, 0xff, 0xf9, 0x00,
    0x00, 0x8f, 0xff, 0xff, 0xff, 0xff, 0xff, 0xc0, 0x00,
    0x00, 0x07, 0xff, 0xff, 0xff, 0xff, 0xf9, 0x00, 0x00,
    0x00, 0x00, 0x18, 0xcf, 0xff, 0xd9, 0x20, 0x00, 0x00,

    /* U+0066 "f" */
    0x00, 0x00, 0x06, 0xcf, 0xfe, 0xa0,
    0x00, 0x00, 0xcf, 0xff, 0xff, 0xd0,
    0x00, 0x09, 0xff, 0xff, 0xff, 0xd0,
    0x00, 0x1f, 0xff, 0xff, 0xff, 0xd0,
    0x00, 0x4f, 0xff, 0xff, 0xeb, 0xb0,
    0x00, 0x6f, 0xff, 0xff, 0x10, 0x00,
    0x00, 0x6f, 0xff, 0xfd, 0x00, 0x00,
    0x6f, 0xff, 0xff, 0xff, 0xff, 0x80,
    0x6f, 0xff, 0xff, 0xff, 0xff, 0x80,
    0x6f, 0xff, 0xff, 0xff, 0xff, 0x80,
    0x6f, 0xff, 0xff, 0xff, 0xff, 0x80,
    0x4b, 0xdf, 0xff, 0xff, 0xbb, 0x50,
    0x00, 0x6f, 0xff, 0xfd, 0x00, 0x00,
    0x00, 0x6f, 0xff, 0xfd, 0x00, 0x00,
    0x00, 0x6f, 0xff, 0xfd, 0x00, 0x00,
    0x00, 0x6f, 0xff, 0xfd, 0x00, 0x00,
    0x00, 0x6f, 0xff, 0xfd, 0x00, 0x00,
    0x00, 0x6f, 0xff, 0xfd, 0x00, 0x00,
    0x00, 0x6f, 0xff, 0xfd, 0x00, 0x00,
    0x00, 0x6f, 0xff, 0xfd, 0x00, 0x00,
    0x00, 0x6f, 0xff, 0xfd, 0x00, 0x00,
    0x00, 0x6f, 0xff, 0xfd, 0x00, 0x00,

    /* U+0067 "g" */
    0x00, 0x00, 0x3a, 0xef, 0xfc, 0x60, 0x2f, 0xff, 0xd0,
    0x00, 0x09, 0xff, 0xff, 0xff, 0xfc, 0x8f, 0xff, 0xd0,
    0x00, 0xaf, 0xff, 0xff, 0xff, 0xff, 0xff, 0xff, 0xd0,
    0x05, 0xff, 0xff, 0xff, 0xff, 0xff, 0xff, 0xff, 0xd0,
    0x0c, 0xff, 0xff, 0xfe, 0xab, 0xff, 0xff, 0xff, 0xd0,
    0x1f, 0xff, 0xff, 0xb0, 0x00, 0x1d, 0xff, 0xff, 0xd0,
    0x4f, 0xff, 0xff, 0x20, 0x00, 0x04, 0xff, 0xff, 0xd0,
    0x5f, 0xff, 0xff, 0x00, 0x00, 0x02, 0xff, 0xff, 0xd0,
    0x4f, 0xff, 0xff, 0x10, 0x00, 0x04, 0xff, 0xff, 0xd0,
    0x1f, 0xff, 0xff, 0xa0, 0x00, 0x0c, 0xff, 0xff, 0xd0,
    0x0c, 0xff, 0xff, 0xfd, 0x89, 0xef, 0xff, 0xff, 0xd0,
    0x05, 0xff, 0xff, 0xff, 0xff, 0xff, 0xff, 0xff, 0xd0,
    0x00, 0xaf, 0xff, 0xff, 0xff, 0xff, 0xff, 0xff, 0xd0,
    0x00, 0x09, 0xff, 0xff, 0xff, 0xff, 0xff, 0xff, 0xd0,
    0x00, 0x00, 0x3a, 0xdf, 0xfc, 0x76, 0xff, 0xff, 0xc0,
    0x00, 0x00, 0x00, 0x00, 0x00, 0x07, 0xff, 0xff, 0xa0,
    0x00, 0x18, 0xeb, 0x00, 0x00, 0x0d, 0xff, 0xff, 0x60,
    0x05, 0xff, 0xff, 0xc5, 0x35, 0xcf, 0xff, 0xff, 0x10,
    0x01, 0xff, 0xff, 0xff, 0xff, 0xff, 0xff, 0xf9, 0x00,
    0x00, 0x5f, 0xff, 0xff, 0xff, 0xff, 0xff, 0xc0, 0x00,
    0x00, 0x05, 0xef, 0xff, 0xff, 0xff, 0xfb, 0x10, 0x00,
    0x00, 0x00, 0x17, 0xbe, 0xff, 0xd9, 0x30, 0x00, 0x00,

    /* U+0068 "h" */
    0x7f, 0xff, 0xfb, 0x00, 0x00, 0x00, 0x00, 0x00,
    0x7f, 0xff, 0xfb, 0x00, 0x00, 0x00, 0x00, 0x00,
    0x7f, 0xff, 0xfb, 0x00, 0x00, 0x00, 0x00, 0x00,
    0x7f, 0xff, 0xfb, 0x00, 0x00, 0x00, 0x00, 0x00,
    0x7f, 0xff, 0xfb, 0x00, 0x00, 0x00, 0x00, 0x00,
    0x7f, 0xff, 0xfb, 0x00, 0x00, 0x00, 0x00, 0x00,
    0x7f, 0xff, 0xfb, 0x06, 0xbe, 0xfe, 0xa2, 0x00,
    0x7f, 0xff, 0xfe, 0xef, 0xff, 0xff, 0xff, 0x20,
    0x7f, 0xff, 0xff, 0xff, 0xff, 0xff, 0xff, 0xb0,
    0x7f, 0xff, 0xff, 0xff, 0xff, 0xff, 0xff, 0xf1,
    0x7f, 0xff, 0xff, 0xff, 0xff, 0xff, 0xff, 0xf4,
    0x7f, 0xff, 0xff, 0xc5, 0x13, 0xff, 0xff, 0xf6,
    0x7f, 0xff, 0xfc, 0x00, 0x00, 0xcf, 0xff, 0xf7,
    0x7f, 0xff, 0xfb, 0x00, 0x00, 0xbf, 0xff, 0xf7,
    0x7f, 0xff, 0xfb, 0x00, 0x00, 0xbf, 0xff, 0xf7,
    0x7f, 0xff, 0xfb, 0x00, 0x00, 0xbf, 0xff, 0xf7,
    0x7f, 0xff, 0xfb, 0x00, 0x00, 0xbf, 0xff, 0xf7,
    0x7f, 0xff, 0xfb, 0x00, 0x00, 0xbf, 0xff, 0xf7,
    0x7f, 0xff, 0xfb, 0x00, 0x00, 0xbf, 0xff, 0xf7,
    0x7f, 0xff, 0xfb, 0x00, 0x00, 0xbf, 0xff, 0xf7,
    0x7f, 0xff, 0xfb, 0x00, 0x00, 0xbf, 0xff, 0xf7,
    0x7f, 0xff, 0xfb, 0x00, 0x00, 0xbf, 0xff, 0xf7,

    /* U+0069 "i" */
    0x07, 0xde, 0xa1, 0x00,
    0x6f, 0xff, 0xfc, 0x00,
    0xcf, 0xff, 0xff, 0x10,
    0xcf, 0xff, 0xff, 0x20,
    0x7f, 0xff, 0xfd, 0x00,
    0x08, 0xef, 0xb2, 0x00,
    0x00, 0x00, 0x00, 0x00,
    0x00, 0x00, 0x00, 0x00,
    0x7f, 0xff, 0xfc, 0x00,
    0x7f, 0xff, 0xfc, 0x00,
    0x7f, 0xff, 0xfc, 0x00,
    0x7f, 0xff, 0xfc, 0x00,
    0x7f, 0xff, 0xfc, 0x00,
    0x7f, 0xff, 0xfc, 0x00,
    0x7f, 0xff, 0xfc, 0x00,
    0x7f, 0xff, 0xfc, 0x00,
    0x7f, 0xff, 0xfc, 0x00,
    0x7f, 0xff, 0xfc, 0x00,
    0x7f, 0xff, 0xfc, 0x00,
    0x7f, 0xff, 0xfc, 0x00,
    0x7f, 0xff, 0xfc, 0x00,
    0x7f, 0xff, 0xfc, 0x00,
    0x7f, 0xff, 0xfc, 0x00,
    0x7f, 0xff, 0xfc, 0x00,

    /* U+006A "j" */
    0x00, 0x04, 0xce, 0xb3, 0x00,
    0x00, 0x3f, 0xff, 0xfe, 0x10,
    0x00, 0x8f, 0xff, 0xff, 0x50,
    0x00, 0x8f, 0xff, 0xff, 0x50,
    0x00, 0x3f, 0xff, 0xff, 0x10,
    0x00, 0x05, 0xdf, 0xd4, 0x00,
    0x00, 0x00, 0x00, 0x00, 0x00,
    0x00, 0x00, 0x00, 0x00, 0x00,
    0x00, 0x2f, 0xff, 0xff, 0x00,
    0x00, 0x2f, 0xff, 0xff, 0x00,
    0x00, 0x2f, 0xff, 0xff, 0x00,
    0x00, 0x2f, 0xff, 0xff, 0x00,
    0x00, 0x2f, 0xff, 0xff, 0x00,
    0x00, 0x2f, 0xff, 0xff, 0x00,
    0x00, 0x2f, 0xff, 0xff, 0x00,
    0x00, 0x2f, 0xff, 0xff, 0x00,
    0x00, 0x2f, 0xff, 0xff, 0x00,
    0x00, 0x2f, 0xff, 0xff, 0x00,
    0x00, 0x2f, 0xff, 0xff, 0x00,
    0x00, 0x2f, 0xff, 0xff, 0x00,
    0x00, 0x2f, 0xff, 0xff, 0x00,
    0x00, 0x2f, 0xff, 0xff, 0x00,
    0x00, 0x2f, 0xff, 0xff, 0x00,
    0x00, 0x2f, 0xff, 0xff, 0x00,
    0x00, 0x4f, 0xff, 0xff, 0x00,
    0x49, 0xef, 0xff, 0xff, 0x00,
    0x6f, 0xff, 0xff, 0xfc, 0x00,
    0x6f, 0xff, 0xff, 0xf6, 0x00,
    0x6f, 0xff, 0xff, 0xb0, 0x00,
    0x4e, 0xff, 0xc6, 0x00, 0x00,

    /* U+006B "k" */
    0x7f, 0xff, 0xfb, 0x00, 0x00, 0x00, 0x00, 0x00, 0x00,
    0x7f, 0xff, 0xfb, 0x00, 0x00, 0x00, 0x00, 0x00, 0x00,
    0x7f, 0xff, 0xfb, 0x00, 0x00, 0x00, 0x00, 0x00, 0x00,
    0x7f, 0xff, 0xfb, 0x00, 0x00, 0x00, 0x00, 0x00, 0x00,
    0x7f, 0xff, 0xfb, 0x00, 0x00, 0x00, 0x00, 0x00, 0x00,
    0x7f, 0xff, 0xfb, 0x00, 0x00, 0x00, 0x00, 0x00, 0x00,
    0x7f, 0xff, 0xfb, 0x00, 0x02, 0xef, 0xff, 0xfa, 0x00,
    0x7f, 0xff, 0xfb, 0x00, 0x1d, 0xff, 0xff, 0xc0, 0x00,
    0x7f, 0xff, 0xfb, 0x00, 0xcf, 0xff, 0xfd, 0x10, 0x00,
    0x7f, 0xff, 0xfb, 0x0a, 0xff, 0xff, 0xf2, 0x00, 0x00,
    0x7f, 0xff, 0xfb, 0x8f, 0xff, 0xff, 0x40, 0x00, 0x00,
    0x7f, 0xff, 0xfe, 0xff, 0xff, 0xf6, 0x00, 0x00, 0x00,
    0x7f, 0xff, 0xff, 0xff, 0xff, 0x80, 0x00, 0x00, 0x00,
    0x7f, 0xff, 0xff, 0xff, 0xfe, 0x00, 0x00, 0x00, 0x00,
    0x7f, 0xff, 0xff, 0xff, 0xff, 0x70, 0x00, 0x00, 0x00,
    0x7f, 0xff, 0xff, 0xff, 0xff, 0xf3, 0x00, 0x00, 0x00,
    0x7f, 0xff, 0xfc, 0xef, 0xff, 0xfe, 0x10, 0x00, 0x00,
    0x7f, 0xff, 0xfb, 0x3f, 0xff, 0xff, 0xc0, 0x00, 0x00,
    0x7f, 0xff, 0xfb, 0x07, 0xff, 0xff, 0xf9, 0x00, 0x00,
    0x7f, 0xff, 0xfb, 0x00, 0xaf, 0xff, 0xff, 0x50, 0x00,
    0x7f, 0xff, 0xfb, 0x00, 0x0d, 0xff, 0xff, 0xf2, 0x00,
    0x7f, 0xff, 0xfb, 0x00, 0x02, 0xff, 0xff, 0xfd, 0x00,

    /* U+006C "l" */
    0x7f, 0xff, 0xfb, 0x00,
    0x7f, 0xff, 0xfb, 0x00,
    0x7f, 0xff, 0xfb, 0x00,
    0x7f, 0xff, 0xfb, 0x00,
    0x7f, 0xff, 0xfb, 0x00,
    0x7f, 0xff, 0xfb, 0x00,
    0x7f, 0xff, 0xfb, 0x00,
    0x7f, 0xff, 0xfb, 0x00,
    0x7f, 0xff, 0xfb, 0x00,
    0x7f, 0xff, 0xfb, 0x00,
    0x7f, 0xff, 0xfb, 0x00,
    0x7f, 0xff, 0xfb, 0x00,
    0x7f, 0xff, 0xfb, 0x00,
    0x7f, 0xff, 0xfb, 0x00,
    0x7f, 0xff, 0xfb, 0x00,
    0x7f, 0xff, 0xfb, 0x00,
    0x7f, 0xff, 0xfe, 0x10,
    0x7f, 0xff, 0xff, 0xf2,
    0x4f, 0xff, 0xff, 0xf3,
    0x0e, 0xff, 0xff, 0xf3,
    0x05, 0xff, 0xff, 0xf3,
    0x00, 0x3a, 0xef, 0xf2,

    /* U+006D "m" */
    0x7f, 0xff, 0x80, 0x07, 0xcf, 0xfe, 0x80, 0x00, 0x4a, 0xef, 0xfb, 0x30, 0x00,
    0x7f, 0xff, 0xd5, 0xef, 0xff, 0xff, 0xfc, 0x2c, 0xff, 0xff, 0xff, 0xf4, 0x00,
    0x7f, 0xff, 0xff, 0xff, 0xff, 0xff, 0xff, 0xff, 0xff, 0xff, 0xff, 0xfd, 0x00,
    0x7f, 0xff, 0xff, 0xff, 0xff, 0xff, 0xff, 0xff, 0xff, 0xff, 0xff, 0xff, 0x30,
    0x7f, 0xff, 0xff, 0xff, 0xff, 0xff, 0xff, 0xff, 0xff, 0xff, 0xff, 0xff, 0x50,
    0x7f, 0xff, 0xff, 0xc4, 0x17, 0xff, 0xff, 0xfe, 0x61, 0x3f, 0xff, 0xff, 0x70,
    0x7f, 0xff, 0xfc, 0x00, 0x01, 0xff, 0xff, 0xf3, 0x00, 0x0c, 0xff, 0xff, 0x70,
    0x7f, 0xff, 0xfb, 0x00, 0x01, 0xff, 0xff, 0xf2, 0x00, 0x0b, 0xff, 0xff, 0x80,
    0x7f, 0xff, 0xfb, 0x00, 0x01, 0xff, 0xff, 0xf2, 0x00, 0x0b, 0xff, 0xff, 0x80,
    0x7f, 0xff, 0xfb, 0x00, 0x01, 0xff, 0xff, 0xf2, 0x00, 0x0b, 0xff, 0xff, 0x80,
    0x7f, 0xff, 0xfb, 0x00, 0x01, 0xff, 0xff, 0xf2, 0x00, 0x0b, 0xff, 0xff, 0x80,
    0x7f, 0xff, 0xfb, 0x00, 0x01, 0xff, 0xff, 0xf2, 0x00, 0x0b, 0xff, 0xff, 0x80,
    0x7f, 0xff, 0xfb, 0x00, 0x01, 0xff, 0xff, 0xf2, 0x00, 0x0b, 0xff, 0xff, 0x80,
    0x7f, 0xff, 0xfb, 0x00, 0x01, 0xff, 0xff, 0xf2, 0x00, 0x0b, 0xff, 0xff, 0x80,
    0x7f, 0xff, 0xfb, 0x00, 0x01, 0xff, 0xff, 0xf2, 0x00, 0x0b, 0xff, 0xff, 0x80,
    0x7f, 0xff, 0xfb, 0x00, 0x01, 0xff, 0xff, 0xf2, 0x00, 0x0b, 0xff, 0xff, 0x80,

    /* U+006E "n" */
    0x7f, 0xff, 0x80, 0x06, 0xcf, 0xfe, 0xa2, 0x00,
    0x7f, 0xff, 0xd5, 0xef, 0xff, 0xff, 0xff, 0x20,
    0x7f, 0xff, 0xff, 0xff, 0xff, 0xff, 0xff, 0xb0,
    0x7f, 0xff, 0xff, 0xff, 0xff, 0xff, 0xff, 0xf1,
    0x7f, 0xff, 0xff, 0xff, 0xff, 0xff, 0xff, 0xf4,
    0x7f, 0xff, 0xff, 0xc5, 0x13, 0xff, 0xff, 0xf6,
    0x7f, 0xff, 0xfc, 0x00, 0x00, 0xcf, 0xff, 0xf7,
    0x7f, 0xff, 0xfb, 0x00, 0x00, 0xbf, 0xff, 0xf7,
    0x7f, 0xff, 0xfb, 0x00, 0x00, 0xbf, 0xff, 0xf7,
    0x7f, 0xff, 0xfb, 0x00, 0x00, 0xbf, 0xff, 0xf7,
    0x7f, 0xff, 0xfb, 0x00, 0x00, 0xbf, 0xff, 0xf7,
    0x7f, 0xff, 0xfb, 0x00, 0x00, 0xbf, 0xff, 0xf7,
    0x7f, 0xff, 0xfb, 0x00, 0x00, 0xbf, 0xff, 0xf7,
    0x7f, 0xff, 0xfb, 0x00, 0x00, 0xbf, 0xff, 0xf7,
    0x7f, 0xff, 0xfb, 0x00, 0x00, 0xbf, 0xff, 0xf7,
    0x7f, 0xff, 0xfb, 0x00, 0x00, 0xbf, 0xff, 0xf7,

    /* U+006F "o" */
    0x00, 0x00, 0x06, 0xbe, 0xff, 0xea, 0x50, 0x00, 0x00,
    0x00, 0x03, 0xdf, 0xff, 0xff, 0xff, 0xfd, 0x20, 0x00,
    0x00, 0x4f, 0xff, 0xff, 0xff, 0xff, 0xff, 0xf3, 0x00,
    0x01, 0xff, 0xff, 0xff, 0xff, 0xff, 0xff, 0xfe, 0x10,
    0x0a, 0xff, 0xff, 0xff, 0xff, 0xff, 0xff, 0xff, 0x80,
    0x0f, 0xff, 0xff, 0xe5, 0x11, 0x6f, 0xff, 0xff, 0xe0,
    0x3f, 0xff, 0xff, 0x40, 0x00, 0x06, 0xff, 0xff, 0xf2,
    0x5f, 0xff, 0xff, 0x00, 0x00, 0x00, 0xff, 0xff, 0xf3,
    0x5f, 0xff, 0xff, 0x00, 0x00, 0x00, 0xff, 0xff, 0xf3,
    0x3f, 0xff, 0xff, 0x40, 0x00, 0x06, 0xff, 0xff, 0xf2,
    0x0f, 0xff, 0xff, 0xe5, 0x01, 0x6f, 0xff, 0xff, 0xe0,
    0x0a, 0xff, 0xff, 0xff, 0xff, 0xff, 0xff, 0xff, 0x80,
    0x01, 0xff, 0xff, 0xff, 0xff, 0xff, 0xff, 0xfe, 0x10,
    0x00, 0x4f, 0xff, 0xff, 0xff, 0xff, 0xff, 0xf3, 0x00,
    0x00, 0x03, 0xdf, 0xff, 0xff, 0xff, 0xfd, 0x30, 0x00,
    0x00, 0x00, 0x06, 0xbe, 0xff, 0xea, 0x50, 0x00, 0x00,

    /* U+0070 "p" */
    0x7f, 0xff, 0x80, 0x5b, 0xef, 0xeb, 0x50, 0x00, 0x00,
    0x7f, 0xff, 0xdb, 0xff, 0xff, 0xff, 0xfb, 0x10, 0x00,
    0x7f, 0xff, 0xff, 0xff, 0xff, 0xff, 0xff, 0xc0, 0x00,
    0x7f, 0xff, 0xff, 0xff, 0xff, 0xff, 0xff, 0xf8, 0x00,
    0x7f, 0xff, 0xff, 0xff, 0xff, 0xff, 0xff, 0xff, 0x00,
    0x7f, 0xff, 0xff, 0xa1, 0x02, 0xcf, 0xff, 0xff, 0x50,
    0x7f, 0xff, 0xfd, 0x00, 0x00, 0x1e, 0xff, 0xff, 0x80,
    0x7f, 0xff, 0xf8, 0x00, 0x00, 0x0a, 0xff, 0xff, 0xa0,
    0x7f, 0xff, 0xf8, 0x00, 0x00, 0x0a, 0xff, 0xff, 0xa0,
    0x7f, 0xff, 0xfd, 0x00, 0x00, 0x1e, 0xff, 0xff, 0x80,
    0x7f, 0xff, 0xff, 0xb2, 0x03, 0xcf, 0xff, 0xff, 0x50,
    0x7f, 0xff, 0xff, 0xff, 0xff, 0xff, 0xff, 0xff, 0x00,
    0x7f, 0xff, 0xff, 0xff, 0xff, 0xff, 0xff, 0xf8, 0x00,
    0x7f, 0xff, 0xff, 0xff, 0xff, 0xff, 0xff, 0xc0, 0x00,
    0x7f, 0xff, 0xff, 0xff, 0xff, 0xff, 0xfb, 0x10, 0x00,
    0x7f, 0xff, 0xfb, 0x6c, 0xff, 0xeb, 0x50, 0x00, 0x00,
    0x7f, 0xff, 0xfb, 0x00, 0x00, 0x00, 0x00, 0x00, 0x00,
    0x7f, 0xff, 0xfb, 0x00, 0x00, 0x00, 0x00, 0x00, 0x00,
    0x7f, 0xff, 0xfb, 0x00, 0x00, 0x00, 0x00, 0x00, 0x00,
    0x7f, 0xff, 0xfb, 0x00, 0x00, 0x00, 0x00, 0x00, 0x00,
    0x7f, 0xff, 0xfb, 0x00, 0x00, 0x00, 0x00, 0x00, 0x00,
    0x7f, 0xff, 0xfb, 0x00, 0x00, 0x00, 0x00, 0x00, 0x00,

    /* U+0071 "q" */
    0x00, 0x00, 0x39, 0xef, 0xfc, 0x70, 0x4f, 0xff, 0xc0,
    0x00, 0x08, 0xff, 0xff, 0xff, 0xfd, 0xaf, 0xff, 0xc0,
    0x00, 0x8f, 0xff, 0xff, 0xff, 0xff, 0xff, 0xff, 0xc0,
    0x03, 0xff, 0xff, 0xff, 0xff, 0xff, 0xff, 0xff, 0xc0,
    0x0b, 0xff, 0xff, 0xff, 0xff, 0xff, 0xff, 0xff, 0xc0,
    0x1f, 0xff, 0xff, 0xe4, 0x00, 0x7f, 0xff, 0xff, 0xc0,
    0x4f, 0xff, 0xff, 0x40, 0x00, 0x08, 0xff, 0xff, 0xc0,
    0x5f, 0xff, 0xff, 0x00, 0x00, 0x04, 0xff, 0xff, 0xc0,
    0x5f, 0xff, 0xff, 0x00, 0x00, 0x04, 0xff, 0xff, 0xc0,
    0x4f, 0xff, 0xff, 0x40, 0x00, 0x08, 0xff, 0xff, 0xc0,
    0x1f, 0xff, 0xff, 0xe4, 0x00, 0x7f, 0xff, 0xff, 0xc0,
    0x0b, 0xff, 0xff, 0xff, 0xff, 0xff, 0xff, 0xff, 0xc0,
    0x03, 0xff, 0xff, 0xff, 0xff, 0xff, 0xff, 0xff, 0xc0,
    0x00, 0x8f, 0xff, 0xff, 0xff, 0xff, 0xff, 0xff, 0xc0,
    0x00, 0x07, 0xff, 0xff, 0xff, 0xff, 0xff, 0xff, 0xc0,
    0x00, 0x00, 0x29, 0xdf, 0xfd, 0x88, 0xff, 0xff, 0xc0,
    0x00, 0x00, 0x00, 0x00, 0x00, 0x06, 0xff, 0xff, 0xc0,
    0x00, 0x00, 0x00, 0x00, 0x00, 0x06, 0xff, 0xff, 0xc0,
    0x00, 0x00, 0x00, 0x00, 0x00, 0x06, 0xff, 0xff, 0xc0,
    0x00, 0x00, 0x00, 0x00, 0x00, 0x06, 0xff, 0xff, 0xc0,
    0x00, 0x00, 0x00, 0x00, 0x00, 0x06, 0xff, 0xff, 0xc0,
    0x00, 0x00, 0x00, 0x00, 0x00, 0x06, 0xff, 0xff, 0xc0,

    /* U+0072 "r" */
    0x7f, 0xff, 0x80, 0x4c, 0xff, 0x70,
    0x7f, 0xff, 0xd9, 0xff, 0xff, 0x70,
    0x7f, 0xff, 0xff, 0xff, 0xff, 0x70,
    0x7f, 0xff, 0xff, 0xff, 0xff, 0x70,
    0x7f, 0xff, 0xff, 0xff, 0xff, 0x70,
    0x7f, 0xff, 0xff, 0x83, 0x10, 0x00,
    0x7f, 0xff, 0xfb, 0x00, 0x00, 0x00,
    0x7f, 0xff, 0xfb, 0x00, 0x00, 0x00,
    0x7f, 0xff, 0xfb, 0x00, 0x00, 0x00,
    0x7f, 0xff, 0xfb, 0x00, 0x00, 0x00,
    0x7f, 0xff, 0xfb, 0x00, 0x00, 0x00,
    0x7f, 0xff, 0xfb, 0x00, 0x00, 0x00,
    0x7f, 0xff, 0xfb, 0x00, 0x00, 0x00,
    0x7f, 0xff, 0xfb, 0x00, 0x00, 0x00,
    0x7f, 0xff, 0xfb, 0x00, 0x00, 0x00,
    0x7f, 0xff, 0xfb, 0x00, 0x00, 0x00,

    /* U+0073 "s" */
    0x00, 0x01, 0x8c, 0xff, 0xfc, 0x81, 0x00, 0x00,
    0x00, 0x4f, 0xff, 0xff, 0xff, 0xff, 0x70, 0x00,
    0x02, 0xff, 0xff, 0xff, 0xff, 0xff, 0xfa, 0x00,
    0x0a, 0xff, 0xff, 0xff, 0xff, 0xff, 0xf7, 0x00,
    0x0e, 0xff, 0xfc, 0x32, 0x49, 0xff, 0x40, 0x00,
    0x0e, 0xff, 0xfe, 0x61, 0x00, 0x23, 0x00, 0x00,
    0x0b, 0xff, 0xff, 0xff, 0xd9, 0x30, 0x00, 0x00,
    0x03, 0xff, 0xff, 0xff, 0xff, 0xfc, 0x20, 0x00,
    0x00, 0x3d, 0xff, 0xff, 0xff, 0xff, 0xf2, 0x00,
    0x00, 0x00, 0x49, 0xdf, 0xff, 0xff, 0xfa, 0x00,
    0x00, 0x1a, 0x20, 0x01, 0x6f, 0xff, 0xfe, 0x00,
    0x01, 0xdf, 0xf8, 0x30, 0x2e, 0xff, 0xfe, 0x00,
    0x1d, 0xff, 0xff, 0xff, 0xff, 0xff, 0xfb, 0x00,
    0x09, 0xff, 0xff, 0xff, 0xff, 0xff, 0xf3, 0x00,
    0x00, 0x7f, 0xff, 0xff, 0xff, 0xff, 0x50, 0x00,
    0x00, 0x01, 0x8c, 0xef, 0xfc, 0x81, 0x00, 0x00,

    /* U+0074 "t" */
    0x00, 0x00, 0x88, 0x88, 0x10, 0x00,
    0x00, 0x04, 0xff, 0xff, 0x30, 0x00,
    0x00, 0x09, 0xff, 0xff, 0x30, 0x00,
    0x00, 0x0e, 0xff, 0xff, 0x30, 0x00,
    0x6f, 0xff, 0xff, 0xff, 0xff, 0xfc,
    0x6f, 0xff, 0xff, 0xff, 0xff, 0xfc,
    0x6f, 0xff, 0xff, 0xff, 0xff, 0xfc,
    0x6f, 0xff, 0xff, 0xff, 0xff, 0xfc,
    0x5c, 0xcf, 0xff, 0xff, 0xdc, 0xc9,
    0x00, 0x0f, 0xff, 0xff, 0x30, 0x00,
    0x00, 0x0f, 0xff, 0xff, 0x30, 0x00,
    0x00, 0x0f, 0xff, 0xff, 0x30, 0x00,
    0x00, 0x0f, 0xff, 0xff, 0x30, 0x00,
    0x00, 0x0f, 0xff, 0xff, 0x30, 0x00,
    0x00, 0x0f, 0xff, 0xff, 0xa0, 0x01,
    0x00, 0x0e, 0xff, 0xff, 0xff, 0xfc,
    0x00, 0x0b, 0xff, 0xff, 0xff, 0xfc,
    0x00, 0x05, 0xff, 0xff, 0xff, 0xfc,
    0x00, 0x00, 0x8f, 0xff, 0xff, 0xfc,
    0x00, 0x00, 0x04, 0xae, 0xff, 0xe8,

    /* U+0075 "u" */
    0xbf, 0xff, 0xf8, 0x00, 0x00, 0xff, 0xff, 0xf3,
    0xbf, 0xff, 0xf8, 0x00, 0x00, 0xff, 0xff, 0xf3,
    0xbf, 0xff, 0xf8, 0x00, 0x00, 0xff, 0xff, 0xf3,
    0xbf, 0xff, 0xf8, 0x00, 0x00, 0xff, 0xff, 0xf3,
    0xbf, 0xff, 0xf8, 0x00, 0x00, 0xff, 0xff, 0xf3,
    0xbf, 0xff, 0xf8, 0x00, 0x00, 0xff, 0xff, 0xf3,
    0xbf, 0xff, 0xf8, 0x00, 0x00, 0xff, 0xff, 0xf3,
    0xbf, 0xff, 0xf8, 0x00, 0x00, 0xff, 0xff, 0xf3,
    0xbf, 0xff, 0xf8, 0x00, 0x00, 0xff, 0xff, 0xf3,
    0xaf, 0xff, 0xf8, 0x00, 0x00, 0xff, 0xff, 0xf3,
    0xaf, 0xff, 0xfd, 0x20, 0x5d, 0xff, 0xff, 0xf3,
    0x8f, 0xff, 0xff, 0xff, 0xff, 0xff, 0xff, 0xf3,
    0x5f, 0xff, 0xff, 0xff, 0xff, 0xff, 0xff, 0xf3,
    0x0e, 0xff, 0xff, 0xff, 0xff, 0xff, 0xff, 0xf3,
    0x04, 0xff, 0xff, 0xff, 0xfe, 0x5f, 0xff, 0xf3,
    0x00, 0x2a, 0xef, 0xfc, 0x60, 0x0c, 0xff, 0xf3,

    /* U+0076 "v" */
    0x9f, 0xff, 0xfa, 0x00, 0x00, 0x0a, 0xff, 0xff, 0x70,
    0x3f, 0xff, 0xff, 0x00, 0x00, 0x0f, 0xff, 0xff, 0x10,
    0x0d, 0xff, 0xff, 0x40, 0x00, 0x4f, 0xff, 0xfc, 0x00,
    0x08, 0xff, 0xff, 0x90, 0x00, 0x9f, 0xff, 0xf6, 0x00,
    0x02, 0xff, 0xff, 0xe0, 0x00, 0xef, 0xff, 0xf1, 0x00,
    0x00, 0xcf, 0xff, 0xf3, 0x03, 0xff, 0xff, 0xb0, 0x00,
    0x00, 0x6f, 0xff, 0xf9, 0x08, 0xff, 0xff, 0x60, 0x00,
    0x00, 0x1f, 0xff, 0xfe, 0x0d, 0xff, 0xff, 0x00, 0x00,
    0x00, 0x0a, 0xff, 0xff, 0x5f, 0xff, 0xfb, 0x00, 0x00,
    0x00, 0x04, 0xff, 0xff, 0xef, 0xff, 0xf5, 0x00, 0x00,
    0x00, 0x00, 0xef, 0xff, 0xff, 0xff, 0xf0, 0x00, 0x00,
    0x00, 0x00, 0x9f, 0xff, 0xff, 0xff, 0xa0, 0x00, 0x00,
    0x00, 0x00, 0x3f, 0xff, 0xff, 0xff, 0x50, 0x00, 0x00,
    0x00, 0x00, 0x0d, 0xff, 0xff, 0xff, 0x00, 0x00, 0x00,
    0x00, 0x00, 0x07, 0xff, 0xff, 0xfa, 0x00, 0x00, 0x00,
    0x00, 0x00, 0x01, 0xff, 0xff, 0xf4, 0x00, 0x00, 0x00,

    /* U+0077 "w" */
    0xaf, 0xff, 0xf6, 0x00, 0x00, 0xaf, 0xff, 0x90, 0x00, 0x07, 0xff, 0xff, 0x60,
    0x6f, 0xff, 0xfa, 0x00, 0x00, 0xff, 0xff, 0xe0, 0x00, 0x0b, 0xff, 0xff, 0x10,
    0x1f, 0xff, 0xfe, 0x00, 0x04, 0xff, 0xff, 0xf3, 0x00, 0x0f, 0xff, 0xfd, 0x00,
    0x0c, 0xff, 0xff, 0x30, 0x09, 0xff, 0xff, 0xf8, 0x00, 0x4f, 0xff, 0xf8, 0x00,
    0x08, 0xff, 0xff, 0x70, 0x0e, 0xff, 0xff, 0xfd, 0x00, 0x8f, 0xff, 0xf3, 0x00,
    0x03, 0xff, 0xff, 0xb0, 0x3f, 0xff, 0xff, 0xff, 0x30, 0xcf, 0xff, 0xe0, 0x00,
    0x00, 0xef, 0xff, 0xf0, 0x8f, 0xff, 0xff, 0xff, 0x81, 0xff, 0xff, 0xa0, 0x00,
    0x00, 0xaf, 0xff, 0xf4, 0xdf, 0xff, 0xff, 0xff, 0xd5, 0xff, 0xff, 0x50, 0x00,
    0x00, 0x5f, 0xff, 0xfc, 0xff, 0xff, 0xbf, 0xff, 0xfc, 0xff, 0xff, 0x10, 0x00,
    0x00, 0x1f, 0xff, 0xff, 0xff, 0xff, 0x1f, 0xff, 0xff, 0xff, 0xfc, 0x00, 0x00,
    0x00, 0x0c, 0xff, 0xff, 0xff, 0xfa, 0x0b, 0xff, 0xff, 0xff, 0xf7, 0x00, 0x00,
    0x00, 0x07, 0xff, 0xff, 0xff, 0xf4, 0x06, 0xff, 0xff, 0xff, 0xf3, 0x00, 0x00,
    0x00, 0x03, 0xff, 0xff, 0xff, 0xe0, 0x00, 0xff, 0xff, 0xff, 0xe0, 0x00, 0x00,
    0x00, 0x00, 0xef, 0xff, 0xff, 0x90, 0x00, 0xbf, 0xff, 0xff, 0x90, 0x00, 0x00,
    0x00, 0x00, 0x9f, 0xff, 0xff, 0x40, 0x00, 0x5f, 0xff, 0xff, 0x50, 0x00, 0x00,
    0x00, 0x00, 0x5f, 0xff, 0xfe, 0x00, 0x00, 0x0f, 0xff, 0xff, 0x00, 0x00, 0x00,

    /* U+0078 "x" */
    0x5f, 0xff, 0xff, 0x50, 0x00, 0x1f, 0xff, 0xff, 0xa0,
    0x0a, 0xff, 0xff, 0xe0, 0x00, 0xaf, 0xff, 0xfe, 0x10,
    0x01, 0xef, 0xff, 0xf9, 0x04, 0xff, 0xff, 0xf4, 0x00,
    0x00, 0x4f, 0xff, 0xff, 0x3d, 0xff, 0xff, 0x90, 0x00,
    0x00, 0x09, 0xff, 0xff, 0xff, 0xff, 0xfe, 0x00, 0x00,
    0x00, 0x00, 0xef, 0xff, 0xff, 0xff, 0xf4, 0x00, 0x00,
    0x00, 0x00, 0x4f, 0xff, 0xff, 0xff, 0x90, 0x00, 0x00,
    0x00, 0x00, 0x09, 0xff, 0xff, 0xfd, 0x00, 0x00, 0x00,
    0x00, 0x00, 0x0a, 0xff, 0xff, 0xfe, 0x10, 0x00, 0x00,
    0x00, 0x00, 0x5f, 0xff, 0xff, 0xff, 0xa0, 0x00, 0x00,
    0x00, 0x01, 0xef, 0xff, 0xff, 0xff, 0xf5, 0x00, 0x00,
    0x00, 0x0b, 0xff, 0xff, 0xef, 0xff, 0xff, 0x10, 0x00,
    0x00, 0x6f, 0xff, 0xff, 0x2c, 0xff, 0xff, 0xb0, 0x00,
    0x02, 0xff, 0xff, 0xf7, 0x02, 0xff, 0xff, 0xf6, 0x00,
    0x0c, 0xff, 0xff, 0xd0, 0x00, 0x8f, 0xff, 0xff, 0x20,
    0x7f, 0xff, 0xff, 0x30, 0x00, 0x0e, 0xff, 0xff, 0xc0,

    /* U+0079 "y" */
    0x9f, 0xff, 0xfa, 0x00, 0x00, 0x00, 0x8f, 0xff, 0xfb,
    0x2f, 0xff, 0xff, 0x10, 0x00, 0x00, 0xef, 0xff, 0xf4,
    0x0b, 0xff, 0xff, 0x70, 0x00, 0x05, 0xff, 0xff, 0xd0,
    0x04, 0xff, 0xff, 0xe0, 0x00, 0x0c, 0xff, 0xff, 0x70,
    0x00, 0xdf, 0xff, 0xf5, 0x00, 0x3f, 0xff, 0xff, 0x10,
    0x00, 0x7f, 0xff, 0xfc, 0x00, 0x9f, 0xff, 0xf9, 0x00,
    0x00, 0x1f, 0xff, 0xff, 0x21, 0xff, 0xff, 0xf3, 0x00,
    0x00, 0x09, 0xff, 0xff, 0x97, 0xff, 0xff, 0xc0, 0x00,
    0x00, 0x03, 0xff, 0xff, 0xfe, 0xff, 0xff, 0x50, 0x00,
    0x00, 0x00, 0xcf, 0xff, 0xff, 0xff, 0xfe, 0x00, 0x00,
    0x00, 0x00, 0x5f, 0xff, 0xff, 0xff, 0xf8, 0x00, 0x00,
    0x00, 0x00, 0x0e, 0xff, 0xff, 0xff, 0xf1, 0x00, 0x00,
    0x00, 0x00, 0x08, 0xff, 0xff, 0xff, 0xa0, 0x00, 0x00,
    0x00, 0x00, 0x01, 0xff, 0xff, 0xff, 0x30, 0x00, 0x00,
    0x00, 0x00, 0x00, 0xaf, 0xff, 0xfd, 0x00, 0x00, 0x00,
    0x00, 0x00, 0x00, 0xdf, 0xff, 0xf6, 0x00, 0x00, 0x00,
    0x00, 0x00, 0x03, 0xff, 0xff, 0xf0, 0x00, 0x00, 0x00,
    0x00, 0x00, 0x0a, 0xff, 0xff, 0x80, 0x00, 0x00, 0x00,
    0x00, 0x00, 0x1f, 0xff, 0xff, 0x20, 0x00, 0x00, 0x00,
    0x00, 0x00, 0x7f, 0xff, 0xfb, 0x00, 0x00, 0x00, 0x00,
    0x00, 0x00, 0xef, 0xff, 0xf4, 0x00, 0x00, 0x00, 0x00,
    0x00, 0x05, 0xff, 0xff, 0xd0, 0x00, 0x00, 0x00, 0x00,

    /* U+007A "z" */
    0xaf, 0xff, 0xff, 0xff, 0xff, 0xff, 0xf5,
    0xaf, 0xff, 0xff, 0xff, 0xff, 0xff, 0xf5,
    0xaf, 0xff, 0xff, 0xff, 0xff, 0xff, 0xf5,
    0xaf, 0xff, 0xff, 0xff, 0xff, 0xff, 0xf5,
    0x58, 0x88, 0x88, 0xaf, 0xff, 0xff, 0xc0,
    0x00, 0x00, 0x01, 0xdf, 0xff, 0xfd, 0x10,
    0x00, 0x00, 0x0c, 0xff, 0xff, 0xe2, 0x00,
    0x00, 0x00, 0xbf, 0xff, 0xff, 0x20, 0x00,
    0x00, 0x0a, 0xff, 0xff, 0xf3, 0x00, 0x00,
    0x00, 0x8f, 0xff, 0xff, 0x50, 0x00, 0x00,
    0x07, 0xff, 0xff, 0xf6, 0x00, 0x00, 0x00,
    0x5f, 0xff, 0xff, 0xe8, 0x88, 0x88, 0x84,
    0xdf, 0xff, 0xff, 0xff, 0xff, 0xff, 0xf7,
    0xdf, 0xff, 0xff, 0xff, 0xff, 0xff, 0xf7,
    0xdf, 0xff, 0xff, 0xff, 0xff, 0xff, 0xf7,
    0xdf, 0xff, 0xff, 0xff, 0xff, 0xff, 0xf7,

    /* U+007B "{" */
    0x00, 0x28, 0xdf, 0xff, 0xb0,
    0x05, 0xff, 0xff, 0xff, 0xd0,
    0x2f, 0xff, 0xff, 0xff, 0xc0,
    0x7f, 0xff, 0xff, 0xff, 0xc0,
    0xaf, 0xff, 0xff, 0xff, 0xc0,
    0x9f, 0xff, 0xfe, 0x20, 0x00,
    0x4f, 0xff, 0xfb, 0x00, 0x00,
    0x0b, 0xff, 0xff, 0x10, 0x00,
    0x02, 0xff, 0xff, 0x80, 0x00,
    0x00, 0x7f, 0xff, 0xf2, 0x00,
    0x00, 0x0e, 0xff, 0xf9, 0x00,
    0x00, 0x0b, 0xff, 0xff, 0x00,
    0x00, 0x6f, 0xff, 0xff, 0x00,
    0x5e, 0xff, 0xff, 0xfc, 0x00,
    0x9f, 0xff, 0xff, 0xf4, 0x00,
    0x9f, 0xff, 0xff, 0xd0, 0x00,
    0x9f, 0xff, 0xff, 0xf8, 0x00,
    0x18, 0xef, 0xff, 0xfe, 0x00,
    0x00, 0x1e, 0xff, 0xff, 0x00,
    0x00, 0x0b, 0xff, 0xfe, 0x00,
    0x00, 0x1f, 0xff, 0xf8, 0x00,
    0x00, 0xaf, 0xff, 0xe1, 0x00,
    0x04, 0xff, 0xff, 0x70, 0x00,
    0x0d, 0xff, 0xfe, 0x00, 0x00,
    0x5f, 0xff, 0xfb, 0x00, 0x00,
    0x9f, 0xff, 0xfe, 0x20, 0x00,
    0xaf, 0xff, 0xff, 0xff, 0xc0,
    0x7f, 0xff, 0xff, 0xff, 0xc0,
    0x1f, 0xff, 0xff, 0xff, 0xc0,
    0x04, 0xff, 0xff, 0xff, 0xd0,
    0x00, 0x18, 0xcf, 0xff, 0xb0,

    /* U+007C "|" */
    0x16, 0x66, 0x63,
    0x3f, 0xff, 0xf8,
    0x3f, 0xff, 0xf8,
    0x3f, 0xff, 0xf8,
    0x3f, 0xff, 0xf8,
    0x3f, 0xff, 0xf8,
    0x3f, 0xff, 0xf8,
    0x3f, 0xff, 0xf8,
    0x3f, 0xff, 0xf8,
    0x3f, 0xff, 0xf8,
    0x3f, 0xff, 0xf8,
    0x3f, 0xff, 0xf8,
    0x3f, 0xff, 0xf8,
    0x3f, 0xff, 0xf8,
    0x3f, 0xff, 0xf8,
    0x3f, 0xff, 0xf8,
    0x3f, 0xff, 0xf8,
    0x3f, 0xff, 0xf8,
    0x3f, 0xff, 0xf8,
    0x3f, 0xff, 0xf8,
    0x3f, 0xff, 0xf8,
    0x3f, 0xff, 0xf8,
    0x3f, 0xff, 0xf8,
    0x3f, 0xff, 0xf8,
    0x3f, 0xff, 0xf8,
    0x3f, 0xff, 0xf8,
    0x3f, 0xff, 0xf8,
    0x3f, 0xff, 0xf8,
    0x3f, 0xff, 0xf8,
    0x3f, 0xff, 0xf8,
    0x3f, 0xff, 0xf8,

    /* U+007D "}" */
    0x2e, 0xff, 0xeb, 0x60, 0x00,
    0x2f, 0xff, 0xff, 0xfd, 0x20,
    0x2f, 0xff, 0xff, 0xff, 0xc0,
    0x1f, 0xff, 0xff, 0xff, 0xf2,
    0x1f, 0xff, 0xff, 0xff, 0xf5,
    0x00, 0x05, 0xff, 0xff, 0xf4,
    0x00, 0x00, 0xff, 0xff, 0xe0,
    0x00, 0x05, 0xff, 0xff, 0x60,
    0x00, 0x0d, 0xff, 0xfc, 0x00,
    0x00, 0x6f, 0xff, 0xf2, 0x00,
    0x00, 0xef, 0xff, 0x90, 0x00,
    0x04, 0xff, 0xff, 0x60, 0x00,
    0x05, 0xff, 0xff, 0xd3, 0x00,
    0x01, 0xff, 0xff, 0xff, 0xd2,
    0x00, 0x9f, 0xff, 0xff, 0xf5,
    0x00, 0x3f, 0xff, 0xff, 0xf5,
    0x00, 0xdf, 0xff, 0xff, 0xf5,
    0x03, 0xff, 0xff, 0xfd, 0x60,
    0x05, 0xff, 0xff, 0xa0, 0x00,
    0x03, 0xff, 0xff, 0x60, 0x00,
    0x00, 0xdf, 0xff, 0xb0, 0x00,
    0x00, 0x4f, 0xff, 0xf5, 0x00,
    0x00, 0x0c, 0xff, 0xfe, 0x00,
    0x00, 0x04, 0xff, 0xff, 0x80,
    0x00, 0x00, 0xff, 0xff, 0xf1,
    0x00, 0x05, 0xff, 0xff, 0xf4,
    0x1f, 0xff, 0xff, 0xff, 0xf5,
    0x1f, 0xff, 0xff, 0xff, 0xf2,
    0x2f, 0xff, 0xff, 0xff, 0xb0,
    0x2f, 0xff, 0xff, 0xfd, 0x10,
    0x2d, 0xff, 0xeb, 0x60, 0x00,

    /* U+007E "~" */
    0x00, 0x00, 0x04, 0x54, 0x00, 0x00, 0x00, 0x26, 0x00, 0x00,
    0x00, 0x07, 0xff, 0xff, 0xe7, 0x00, 0x00, 0xbf, 0xe6, 0x00,
    0x00, 0x8f, 0xff, 0xff, 0xff, 0xe7, 0x5a, 0xff, 0xff, 0xa0,
    0x04, 0xff, 0xff, 0xff, 0xff, 0xff, 0xff, 0xff, 0xff, 0x30,
    0x0e, 0xff, 0xff, 0xff, 0xff, 0xff, 0xff, 0xff, 0xf8, 0x00,
    0x2c, 0xff, 0xfb, 0x10, 0x6e, 0xff, 0xff, 0xff, 0xb0, 0x00,
    0x00, 0x5d, 0xe1, 0x00, 0x00, 0x6d, 0xff, 0xc6, 0x00, 0x00,
    0x00, 0x00, 0x20, 0x00, 0x00, 0x00, 0x00, 0x00, 0x00, 0x00,

    /* U+00A0 " " */

    /* U+00A1 "¡" */
    0x04, 0xcf, 0xd5, 0x00,
    0x2f, 0xff, 0xff, 0x40,
    0x8f, 0xff, 0xff, 0xa0,
    0x9f, 0xff, 0xff, 0xb0,
    0x4f, 0xff, 0xff, 0x70,
    0x08, 0xff, 0xfa, 0x00,
    0x00, 0x24, 0x20, 0x00,
    0x05, 0x99, 0x96, 0x00,
    0x0a, 0xff, 0xfc, 0x00,
    0x0b, 0xff, 0xfd, 0x00,
    0x0d, 0xff, 0xfe, 0x00,
    0x0e, 0xff, 0xff, 0x00,
    0x0f, 0xff, 0xff, 0x10,
    0x0f, 0xff, 0xff, 0x20,
    0x0f, 0xff, 0xff, 0x20,
    0x1f, 0xff, 0xff, 0x30,
    0x1f, 0xff, 0xff, 0x30,
    0x1f, 0xff, 0xff, 0x30,
    0x2f, 0xff, 0xff, 0x40,
    0x2f, 0xff, 0xff, 0x40,
    0x3f, 0xff, 0xff, 0x50,
    0x3f, 0xff, 0xff, 0x50,
    0x4f, 0xff, 0xff, 0x60,

    /* U+00A2 "¢" */
    0x00, 0x00, 0x00, 0xef, 0xff, 0xe0, 0x00, 0x00, 0x00,
    0x00, 0x00, 0x00, 0xef, 0xff, 0xe0, 0x00, 0x00, 0x00,
    0x00, 0x00, 0x00, 0xef, 0xff, 0xe0, 0x00, 0x00, 0x00,
    0x00, 0x00, 0x17, 0xff, 0xff, 0xfa, 0x40, 0x00, 0x00,
    0x00, 0x04, 0xef, 0xff, 0xff, 0xff, 0xfb, 0x10, 0x00,
    0x00, 0x5f, 0xff, 0xff, 0xff, 0xff, 0xff, 0xd0, 0x00,
    0x02, 0xff, 0xff, 0xff, 0xff, 0xff, 0xff, 0xf9, 0x00,
    0x0a, 0xff, 0xff, 0xff, 0xde, 0xff, 0xff, 0xff, 0x10,
    0x0f, 0xff, 0xff, 0xc1, 0x00, 0x5f, 0xfe, 0x70, 0x00,
    0x3f, 0xff, 0xff, 0x20, 0x00, 0x06, 0x50, 0x00, 0x00,
    0x5f, 0xff, 0xfd, 0x00, 0x00, 0x00, 0x00, 0x00, 0x00,
    0x5f, 0xff, 0xfe, 0x00, 0x00, 0x00, 0x00, 0x00, 0x00,
    0x3f, 0xff, 0xff, 0x20, 0x00, 0x06, 0x60, 0x00, 0x00,
    0x0f, 0xff, 0xff, 0xd3, 0x00, 0x6f, 0xfe, 0x81, 0x00,
    0x0a, 0xff, 0xff, 0xff, 0xff, 0xff, 0xff, 0xff, 0x10,
    0x02, 0xff, 0xff, 0xff, 0xff, 0xff, 0xff, 0xf8, 0x00,
    0x00, 0x5f, 0xff, 0xff, 0xff, 0xff, 0xff, 0xc0, 0x00,
    0x00, 0x04, 0xef, 0xff, 0xff, 0xff, 0xf9, 0x00, 0x00,
    0x00, 0x00, 0x17, 0xff, 0xff, 0xf9, 0x30, 0x00, 0x00,
    0x00, 0x00, 0x00, 0xef, 0xff, 0xe0, 0x00, 0x00, 0x00,
    0x00, 0x00, 0x00, 0xef, 0xff, 0xe0, 0x00, 0x00, 0x00,
    0x00, 0x00, 0x00, 0xef, 0xff, 0xe0, 0x00, 0x00, 0x00,

    /* U+00A3 "£" */
    0x00, 0x00, 0x00, 0x00, 0x00, 0x00, 0x00, 0x00,
    0x00, 0x00, 0x29, 0xdf, 0xff, 0xc8, 0x10, 0x00,
    0x00, 0x08, 0xff, 0xff, 0xff, 0xff, 0xf8, 0x00,
    0x00, 0x7f, 0xff, 0xff, 0xff, 0xff, 0xff, 0xa0,
    0x02, 0xff, 0xff, 0xff, 0xff, 0xff, 0xff, 0xf2,
    0x07, 0xff, 0xff, 0xff, 0xff, 0xff, 0xfe, 0x30,
    0x0a, 0xff, 0xff, 0xd2, 0x02, 0x8f, 0xe2, 0x00,
    0x09, 0xff, 0xff, 0x60, 0x00, 0x04, 0x10, 0x00,
    0x07, 0xff, 0xff, 0x70, 0x00, 0x00, 0x00, 0x00,
    0x02, 0xff, 0xff, 0xc0, 0x00, 0x00, 0x00, 0x00,
    0x9f, 0xff, 0xff, 0xff, 0xff, 0xff, 0x70, 0x00,
    0x9f, 0xff, 0xff, 0xff, 0xff, 0xff, 0x70, 0x00,
    0x9f, 0xff, 0xff, 0xff, 0xff, 0xff, 0x70, 0x00,
    0x9f, 0xff, 0xff, 0xff, 0xff, 0xff, 0x70, 0x00,
    0x36, 0x69, 0xff, 0xff, 0xa6, 0x66, 0x20, 0x00,
    0x00, 0x08, 0xff, 0xff, 0x60, 0x00, 0x00, 0x00,
    0x00, 0x1e, 0xff, 0xff, 0x10, 0x00, 0x00, 0x00,
    0x02, 0xcf, 0xff, 0xff, 0xff, 0xff, 0xff, 0xfa,
    0x7f, 0xff, 0xff, 0xff, 0xff, 0xff, 0xff, 0xfa,
    0xaf, 0xff, 0xff, 0xff, 0xff, 0xff, 0xff, 0xfa,
    0x5f, 0xff, 0xff, 0xff, 0xff, 0xff, 0xff, 0xfa,
    0x1f, 0xff, 0xff, 0xff, 0xff, 0xff, 0xff, 0xfa,

    /* U+00A4 "¤" */
    0x00, 0x00, 0x00, 0x00, 0x00, 0x00, 0x00, 0x10, 0x00,
    0x00, 0x0c, 0xb0, 0x00, 0x00, 0x00, 0x06, 0xe3, 0x00,
    0x00, 0xcf, 0xfb, 0x27, 0xaa, 0x94, 0x6f, 0xff, 0x30,
    0x0c, 0xff, 0xff, 0xff, 0xff, 0xff, 0xff, 0xff, 0xf3,
    0x1d, 0xff, 0xff, 0xff, 0xff, 0xff, 0xff, 0xff, 0xf4,
    0x01, 0xdf, 0xff, 0xff, 0xff, 0xff, 0xff, 0xff, 0x40,
    0x00, 0x2f, 0xff, 0xff, 0xff, 0xff, 0xff, 0xf8, 0x00,
    0x00, 0x6f, 0xff, 0xfc, 0x20, 0x8f, 0xff, 0xfb, 0x00,
    0x00, 0x8f, 0xff, 0xf4, 0x00, 0x0e, 0xff, 0xfe, 0x00,
    0x00, 0x9f, 0xff, 0xf3, 0x00, 0x0d, 0xff, 0xfe, 0x00,
    0x00, 0x7f, 0xff, 0xf9, 0x00, 0x4f, 0xff, 0xfc, 0x00,
    0x00, 0x3f, 0xff, 0xff, 0xdc, 0xff, 0xff, 0xf9, 0x00,
    0x00, 0x9f, 0xff, 0xff, 0xff, 0xff, 0xff, 0xfd, 0x10,
    0x09, 0xff, 0xff, 0xff, 0xff, 0xff, 0xff, 0xff, 0xd1,
    0x1e, 0xff, 0xff, 0xff, 0xff, 0xff, 0xff, 0xff, 0xf6,
    0x03, 0xef, 0xfe, 0x7c, 0xff, 0xd9, 0xbf, 0xff, 0x70,
    0x00, 0x3e, 0xe2, 0x00, 0x00, 0x00, 0x0b, 0xf7, 0x00,
    0x00, 0x03, 0x20, 0x00, 0x00, 0x00, 0x00, 0x50, 0x00,

    /* U+00A5 "¥" */
    0x38, 0x88, 0x84, 0x00, 0x00, 0x00, 0x05, 0x88, 0x88, 0x20,
    0x2f, 0xff, 0xfd, 0x00, 0x00, 0x00, 0x1f, 0xff, 0xfe, 0x00,
    0x09, 0xff, 0xff, 0x50, 0x00, 0x00, 0x8f, 0xff, 0xf6, 0x00,
    0x01, 0xff, 0xff, 0xd0, 0x00, 0x01, 0xff, 0xff, 0xd0, 0x00,
    0x00, 0x9f, 0xff, 0xf4, 0x00, 0x08, 0xff, 0xff, 0x50, 0x00,
    0x00, 0x1f, 0xff, 0xfc, 0x00, 0x1f, 0xff, 0xfd, 0x00, 0x00,
    0x00, 0x09, 0xff, 0xff, 0x40, 0x8f, 0xff, 0xf5, 0x00, 0x00,
    0x00, 0x01, 0xff, 0xff, 0xb1, 0xff, 0xff, 0xc0, 0x00, 0x00,
    0x00, 0x00, 0x8f, 0xff, 0xfa, 0xff, 0xff, 0x40, 0x00, 0x00,
    0x06, 0xff, 0xff, 0xff, 0xff, 0xff, 0xff, 0xff, 0xf0, 0x00,
    0x06, 0xff, 0xff, 0xff, 0xff, 0xff, 0xff, 0xff, 0xf0, 0x00,
    0x06, 0xff, 0xff, 0xff, 0xff, 0xff, 0xff, 0xff, 0xf0, 0x00,
    0x06, 0xff, 0xff, 0xff, 0xff, 0xff, 0xff, 0xff, 0xf0, 0x00,
    0x00, 0x22, 0x22, 0x6f, 0xff, 0xfe, 0x22, 0x22, 0x20, 0x00,
    0x00, 0x22, 0x22, 0x5f, 0xff, 0xfe, 0x22, 0x22, 0x20, 0x00,
    0x06, 0xff, 0xff, 0xff, 0xff, 0xff, 0xff, 0xff, 0xf0, 0x00,
    0x06, 0xff, 0xff, 0xff, 0xff, 0xff, 0xff, 0xff, 0xf0, 0x00,
    0x06, 0xff, 0xff, 0xff, 0xff, 0xff, 0xff, 0xff, 0xf0, 0x00,
    0x06, 0xff, 0xff, 0xff, 0xff, 0xff, 0xff, 0xff, 0xf0, 0x00,
    0x00, 0x00, 0x00, 0x4f, 0xff, 0xfe, 0x00, 0x00, 0x00, 0x00,
    0x00, 0x00, 0x00, 0x4f, 0xff, 0xfe, 0x00, 0x00, 0x00, 0x00,

    /* U+00A6 "¦" */
    0x28, 0x88, 0x84,
    0x3f, 0xff, 0xf8,
    0x3f, 0xff, 0xf8,
    0x3f, 0xff, 0xf8,
    0x3f, 0xff, 0xf8,
    0x3f, 0xff, 0xf8,
    0x3f, 0xff, 0xf8,
    0x3f, 0xff, 0xf8,
    0x3f, 0xff, 0xf8,
    0x3f, 0xff, 0xf8,
    0x3f, 0xff, 0xf8,
    0x3f, 0xff, 0xf8,
    0x3f, 0xff, 0xf8,
    0x3f, 0xff, 0xf8,
    0x00, 0x00, 0x00,
    0x00, 0x00, 0x00,
    0x00, 0x00, 0x00,
    0x29, 0x99, 0x94,
    0x3f, 0xff, 0xf8,
    0x3f, 0xff, 0xf8,
    0x3f, 0xff, 0xf8,
    0x3f, 0xff, 0xf8,
    0x3f, 0xff, 0xf8,
    0x3f, 0xff, 0xf8,
    0x3f, 0xff, 0xf8,
    0x3f, 0xff, 0xf8,
    0x3f, 0xff, 0xf8,
    0x3f, 0xff, 0xf8,
    0x3f, 0xff, 0xf8,
    0x3f, 0xff, 0xf8,
    0x3f, 0xff, 0xf8,

    /* U+00A7 "§" */
    0x00, 0x00, 0x01, 0x7a, 0xcd, 0xc9, 0x50, 0x00, 0x00,
    0x00, 0x00, 0x9f, 0xff, 0xff, 0xff, 0xfe, 0x60, 0x00,
    0x00, 0x0c, 0xff, 0xff, 0xff, 0xff, 0xff, 0xf9, 0x00,
    0x00, 0x9f, 0xff, 0xff, 0xff, 0xff, 0xff, 0xff, 0x80,
    0x01, 0xff, 0xff, 0xff, 0xff, 0xff, 0xff, 0xfe, 0x40,
    0x05, 0xff, 0xff, 0xf5, 0x00, 0x39, 0xff, 0xb1, 0x00,
    0x06, 0xff, 0xff, 0xd0, 0x00, 0x00, 0x57, 0x00, 0x00,
    0x06, 0xff, 0xff, 0xf8, 0x10, 0x00, 0x00, 0x00, 0x00,
    0x03, 0xff, 0xff, 0xff, 0xfc, 0x84, 0x00, 0x00, 0x00,
    0x00, 0xdf, 0xff, 0xff, 0xff, 0xff, 0xe8, 0x00, 0x00,
    0x00, 0x3f, 0xff, 0xff, 0xff, 0xff, 0xff, 0xe3, 0x00,
    0x00, 0x07, 0xff, 0xff, 0xff, 0xff, 0xff, 0xff, 0x20,
    0x00, 0x4f, 0xff, 0xff, 0xff, 0xff, 0xff, 0xff, 0x90,
    0x00, 0xef, 0xff, 0xe5, 0x47, 0xdf, 0xff, 0xff, 0xe0,
    0x05, 0xff, 0xff, 0x60, 0x00, 0x07, 0xff, 0xff, 0xf0,
    0x07, 0xff, 0xff, 0x80, 0x00, 0x00, 0xff, 0xff, 0xe0,
    0x06, 0xff, 0xff, 0xfb, 0x51, 0x07, 0xff, 0xff, 0x90,
    0x03, 0xff, 0xff, 0xff, 0xff, 0xff, 0xff, 0xfd, 0x10,
    0x00, 0xdf, 0xff, 0xff, 0xff, 0xff, 0xff, 0xd1, 0x00,
    0x00, 0x2e, 0xff, 0xff, 0xff, 0xff, 0xff, 0xf5, 0x00,
    0x00, 0x02, 0xaf, 0xff, 0xff, 0xff, 0xff, 0xff, 0x20,
    0x00, 0x00, 0x01, 0x6a, 0xef, 0xff, 0xff, 0xff, 0xa0,
    0x00, 0x00, 0x20, 0x00, 0x04, 0xbf, 0xff, 0xff, 0xd0,
    0x00, 0x07, 0xf8, 0x00, 0x00, 0x0a, 0xff, 0xff, 0xf0,
    0x02, 0xbf, 0xff, 0x81, 0x00, 0x0a, 0xff, 0xff, 0xe0,
    0x0d, 0xff, 0xff, 0xff, 0xcb, 0xdf, 0xff, 0xff, 0xa0,
    0x05, 0xff, 0xff, 0xff, 0xff, 0xff, 0xff, 0xff, 0x30,
    0x00, 0x8f, 0xff, 0xff, 0xff, 0xff, 0xff, 0xf7, 0x00,
    0x00, 0x06, 0xff, 0xff, 0xff, 0xff, 0xff, 0x60, 0x00,
    0x00, 0x00, 0x16, 0xbe, 0xff, 0xeb, 0x71, 0x00, 0x00,

    /* U+00A8 "¨" */
    0x01, 0x65, 0x00, 0x00, 0x46, 0x20, 0x00,
    0x4f, 0xff, 0xc0, 0x0a, 0xff, 0xf5, 0x00,
    0xcf, 0xff, 0xf6, 0x3f, 0xff, 0xfe, 0x00,
    0xef, 0xff, 0xf7, 0x5f, 0xff, 0xff, 0x00,
    0x9f, 0xff, 0xf3, 0x1f, 0xff, 0xfc, 0x00,
    0x0a, 0xfe, 0x50, 0x04, 0xdf, 0xb1, 0x00,

    /* U+00A9 "©" */
    0x00, 0x00, 0x00, 0x17, 0xce, 0xff, 0xd9, 0x30, 0x00, 0x00, 0x00,
    0x00, 0x00, 0x08, 0xff, 0xff, 0xff, 0xff, 0xfa, 0x10, 0x00, 0x00,
    0x00, 0x01, 0xcf, 0xff, 0xff, 0xff, 0xff, 0xff, 0xe3, 0x00, 0x00,
    0x00, 0x0c, 0xff, 0xff, 0xa6, 0x56, 0x9e, 0xff, 0xff, 0x30, 0x00,
    0x00, 0x9f, 0xff, 0xc2, 0x00, 0x00, 0x00, 0x9f, 0xff, 0xe0, 0x00,
    0x03, 0xff, 0xfc, 0x01, 0x9d, 0xff, 0xc5, 0x07, 0xff, 0xf8, 0x00,
    0x0a, 0xff, 0xf1, 0x2e, 0xff, 0xff, 0xff, 0x70, 0xbf, 0xff, 0x00,
    0x0f, 0xff, 0x80, 0xcf, 0xff, 0xff, 0xff, 0xf2, 0x4f, 0xff, 0x40,
    0x2f, 0xff, 0x33, 0xff, 0xf9, 0x13, 0xef, 0xa2, 0x0f, 0xff, 0x80,
    0x4f, 0xff, 0x16, 0xff, 0xf0, 0x00, 0x31, 0x00, 0x0d, 0xff, 0x90,
    0x4f, 0xff, 0x16, 0xff, 0xf0, 0x00, 0x20, 0x00, 0x0c, 0xff, 0x90,
    0x2f, 0xff, 0x33, 0xff, 0xf8, 0x02, 0xdf, 0x91, 0x0e, 0xff, 0x80,
    0x0f, 0xff, 0x80, 0xdf, 0xff, 0xff, 0xff, 0xf3, 0x3f, 0xff, 0x50,
    0x0a, 0xff, 0xe1, 0x3f, 0xff, 0xff, 0xff, 0x90, 0xbf, 0xff, 0x00,
    0x03, 0xff, 0xfb, 0x02, 0xaf, 0xff, 0xd6, 0x07, 0xff, 0xf9, 0x00,
    0x00, 0xaf, 0xff, 0xb1, 0x00, 0x10, 0x00, 0x8f, 0xff, 0xe1, 0x00,
    0x00, 0x0d, 0xff, 0xff, 0x95, 0x45, 0x8e, 0xff, 0xff, 0x30, 0x00,
    0x00, 0x01, 0xcf, 0xff, 0xff, 0xff, 0xff, 0xff, 0xf4, 0x00, 0x00,
    0x00, 0x00, 0x08, 0xff, 0xff, 0xff, 0xff, 0xfb, 0x20, 0x00, 0x00,
    0x00, 0x00, 0x00, 0x17, 0xce, 0xff, 0xd9, 0x30, 0x00, 0x00, 0x00,

    /* U+00AA "ª" */
    0x00, 0x00, 0x12, 0x21, 0x00, 0x00,
    0x01, 0x7d, 0xff, 0xff, 0xc4, 0x00,
    0x06, 0xff, 0xff, 0xff, 0xff, 0x40,
    0x00, 0xff, 0xff, 0xff, 0xff, 0xd0,
    0x00, 0x76, 0x10, 0x3e, 0xff, 0xf2,
    0x00, 0x17, 0xa9, 0x5b, 0xff, 0xf4,
    0x05, 0xff, 0xff, 0xff, 0xff, 0xf4,
    0x1f, 0xff, 0xff, 0xff, 0xff, 0xf4,
    0x6f, 0xff, 0x60, 0x3f, 0xff, 0xf4,
    0x6f, 0xff, 0x20, 0x0d, 0xff, 0xf4,
    0x3f, 0xff, 0xea, 0xdf, 0xff, 0xf4,
    0x09, 0xff, 0xff, 0xff, 0xff, 0xf4,
    0x00, 0x5c, 0xff, 0xb5, 0xbb, 0xb2,

    /* U+00AB "«" */
    0x00, 0x00, 0x02, 0x55, 0x55, 0x50, 0x01, 0x55, 0x55, 0x50,
    0x00, 0x00, 0x0d, 0xff, 0xff, 0x80, 0x0d, 0xff, 0xff, 0x90,
    0x00, 0x00, 0x9f, 0xff, 0xfc, 0x00, 0x8f, 0xff, 0xfd, 0x00,
    0x00, 0x05, 0xff, 0xff, 0xf2, 0x04, 0xff, 0xff, 0xf3, 0x00,
    0x00, 0x1e, 0xff, 0xff, 0x60, 0x1e, 0xff, 0xff, 0x70, 0x00,
    0x00, 0xcf, 0xff, 0xfa, 0x00, 0xbf, 0xff, 0xfb, 0x00, 0x00,
    0x07, 0xff, 0xff, 0xe1, 0x06, 0xff, 0xff, 0xe1, 0x00, 0x00,
    0x0e, 0xff, 0xff, 0x80, 0x0d, 0xff, 0xff, 0x90, 0x00, 0x00,
    0x04, 0xff, 0xff, 0xf2, 0x04, 0xff, 0xff, 0xf3, 0x00, 0x00,
    0x00, 0x9f, 0xff, 0xfd, 0x00, 0x8f, 0xff, 0xfe, 0x00, 0x00,
    0x00, 0x0d, 0xff, 0xff, 0x90, 0x0c, 0xff, 0xff, 0xa0, 0x00,
    0x00, 0x02, 0xff, 0xff, 0xf5, 0x02, 0xff, 0xff, 0xf5, 0x00,
    0x00, 0x00, 0x6f, 0xff, 0xfe, 0x10, 0x5f, 0xff, 0xff, 0x20,
    0x00, 0x00, 0x0b, 0xff, 0xff, 0xb0, 0x0a, 0xff, 0xff, 0xc0,

    /* U+00AC "¬" */
    0x01, 0x11, 0x11, 0x11, 0x11, 0x12, 0x33, 0x33, 0x20,
    0x5f, 0xff, 0xff, 0xff, 0xff, 0xff, 0xff, 0xff, 0xd0,
    0x5f, 0xff, 0xff, 0xff, 0xff, 0xff, 0xff, 0xff, 0xd0,
    0x5f, 0xff, 0xff, 0xff, 0xff, 0xff, 0xff, 0xff, 0xd0,
    0x5f, 0xff, 0xff, 0xff, 0xff, 0xff, 0xff, 0xff, 0xd0,
    0x5f, 0xff, 0xff, 0xff, 0xff, 0xff, 0xff, 0xff, 0xd0,
    0x00, 0x00, 0x00, 0x00, 0x00, 0x06, 0xff, 0xff, 0xc0,
    0x00, 0x00, 0x00, 0x00, 0x00, 0x06, 0xff, 0xff, 0xc0,
    0x00, 0x00, 0x00, 0x00, 0x00, 0x06, 0xff, 0xff, 0xc0,
    0x00, 0x00, 0x00, 0x00, 0x00, 0x06, 0xff, 0xff, 0xc0,
    0x00, 0x00, 0x00, 0x00, 0x00, 0x06, 0xff, 0xff, 0xc0,

    /* U+00AE "®" */
    0x00, 0x00, 0x00, 0x17, 0xce, 0xff, 0xd9, 0x30, 0x00, 0x00, 0x00,
    0x00, 0x00, 0x08, 0xff, 0xff, 0xff, 0xff, 0xfa, 0x10, 0x00, 0x00,
    0x00, 0x01, 0xcf, 0xff, 0xff, 0xff, 0xff, 0xff, 0xe3, 0x00, 0x00,
    0x00, 0x0c, 0xff, 0xff, 0xa6, 0x56, 0x9e, 0xff, 0xff, 0x30, 0x00,
    0x00, 0x9f, 0xff, 0xc5, 0x33, 0x21, 0x00, 0x9f, 0xff, 0xe0, 0x00,
    0x03, 0xff, 0xfc, 0x0f, 0xff, 0xff, 0xe6, 0x07, 0xff, 0xf8, 0x00,
    0x0a, 0xff, 0xf1, 0x0f, 0xff, 0xff, 0xff, 0x70, 0xbf, 0xff, 0x00,
    0x0f, 0xff, 0x80, 0x0f, 0xff, 0xff, 0xff, 0xd0, 0x4f, 0xff, 0x40,
    0x2f, 0xff, 0x30, 0x0f, 0xff, 0x03, 0xff, 0xf0, 0x0f, 0xff, 0x80,
    0x4f, 0xff, 0x10, 0x0f, 0xff, 0x13, 0xff, 0xf0, 0x0d, 0xff, 0x90,
    0x4f, 0xff, 0x10, 0x0f, 0xff, 0xff, 0xff, 0x90, 0x0c, 0xff, 0x90,
    0x2f, 0xff, 0x30, 0x0f, 0xff, 0xff, 0xfc, 0x00, 0x0e, 0xff, 0x80,
    0x0f, 0xff, 0x80, 0x0f, 0xff, 0xbf, 0xfd, 0x00, 0x3f, 0xff, 0x50,
    0x0a, 0xff, 0xe1, 0x0f, 0xff, 0x1e, 0xff, 0x60, 0xbf, 0xff, 0x00,
    0x03, 0xff, 0xfb, 0x0c, 0xcc, 0x06, 0xcc, 0xa7, 0xff, 0xf9, 0x00,
    0x00, 0xaf, 0xff, 0xb1, 0x00, 0x00, 0x00, 0x8f, 0xff, 0xe1, 0x00,
    0x00, 0x0d, 0xff, 0xff, 0x95, 0x45, 0x8e, 0xff, 0xff, 0x30, 0x00,
    0x00, 0x01, 0xcf, 0xff, 0xff, 0xff, 0xff, 0xff, 0xf4, 0x00, 0x00,
    0x00, 0x00, 0x08, 0xff, 0xff, 0xff, 0xff, 0xfb, 0x20, 0x00, 0x00,
    0x00, 0x00, 0x00, 0x17, 0xce, 0xff, 0xd9, 0x30, 0x00, 0x00, 0x00,

    /* U+00AF "¯" */
    0x34, 0x44, 0x44, 0x44, 0x44,
    0xef, 0xff, 0xff, 0xff, 0xff,
    0xef, 0xff, 0xff, 0xff, 0xff,
    0xef, 0xff, 0xff, 0xff, 0xff,
    0xef, 0xff, 0xff, 0xff, 0xff,

    /* U+00B0 "°" */
    0x00, 0x00, 0x36, 0x75, 0x00, 0x00,
    0x00, 0x2c, 0xff, 0xff, 0xf6, 0x00,
    0x02, 0xff, 0xff, 0xff, 0xff, 0x70,
    0x0c, 0xff, 0xff, 0xff, 0xff, 0xf2,
    0x2f, 0xff, 0xc2, 0x08, 0xff, 0xf8,
    0x5f, 0xff, 0x40, 0x00, 0xef, 0xfb,
    0x4f, 0xff, 0x60, 0x01, 0xff, 0xfa,
    0x1f, 0xff, 0xf8, 0x7d, 0xff, 0xf6,
    0x08, 0xff, 0xff, 0xff, 0xff, 0xd0,
    0x00, 0xaf, 0xff, 0xff, 0xfe, 0x20,
    0x00, 0x05, 0xbf, 0xfd, 0x81, 0x00,

    /* U+00B1 "±" */
    0x00, 0x00, 0x00, 0x88, 0x88, 0x80, 0x00, 0x00, 0x00,
    0x00, 0x00, 0x00, 0xff, 0xff, 0xf1, 0x00, 0x00, 0x00,
    0x00, 0x00, 0x00, 0xff, 0xff, 0xf1, 0x00, 0x00, 0x00,
    0x00, 0x00, 0x00, 0xff, 0xff, 0xf1, 0x00, 0x00, 0x00,
    0x00, 0x00, 0x00, 0xff, 0xff, 0xf1, 0x00, 0x00, 0x00,
    0x2f, 0xff, 0xff, 0xff, 0xff, 0xff, 0xff, 0xff, 0xa0,
    0x2f, 0xff, 0xff, 0xff, 0xff, 0xff, 0xff, 0xff, 0xa0,
    0x2f, 0xff, 0xff, 0xff, 0xff, 0xff, 0xff, 0xff, 0xa0,
    0x2f, 0xff, 0xff, 0xff, 0xff, 0xff, 0xff, 0xff, 0xa0,
    0x2f, 0xff, 0xff, 0xff, 0xff, 0xff, 0xff, 0xff, 0xa0,
    0x01, 0x11, 0x11, 0xff, 0xff, 0xf2, 0x11, 0x11, 0x00,
    0x00, 0x00, 0x00, 0xff, 0xff, 0xf1, 0x00, 0x00, 0x00,
    0x00, 0x00, 0x00, 0xff, 0xff, 0xf1, 0x00, 0x00, 0x00,
    0x00, 0x00, 0x00, 0xff, 0xff, 0xf1, 0x00, 0x00, 0x00,
    0x00, 0x00, 0x00, 0x55, 0x55, 0x50, 0x00, 0x00, 0x00,
    0x00, 0x00, 0x00, 0x00, 0x00, 0x00, 0x00, 0x00, 0x00,
    0x2f, 0xff, 0xff, 0xff, 0xff, 0xff, 0xff, 0xff, 0xa0,
    0x2f, 0xff, 0xff, 0xff, 0xff, 0xff, 0xff, 0xff, 0xa0,
    0x2f, 0xff, 0xff, 0xff, 0xff, 0xff, 0xff, 0xff, 0xa0,
    0x2f, 0xff, 0xff, 0xff, 0xff, 0xff, 0xff, 0xff, 0xa0,
    0x2f, 0xff, 0xff, 0xff, 0xff, 0xff, 0xff, 0xff, 0xa0,

    /* U+00B2 "²" */
    0x00, 0x06, 0xcf, 0xfc, 0x50, 0x00,
    0x00, 0xbf, 0xff, 0xff, 0xf8, 0x00,
    0x0a, 0xff, 0xff, 0xff, 0xff, 0x20,
    0x0c, 0xff, 0xf9, 0xcf, 0xff, 0x70,
    0x00, 0x9e, 0x30, 0x4f, 0xff, 0x70,
    0x00, 0x01, 0x00, 0xbf, 0xff, 0x40,
    0x00, 0x00, 0x08, 0xff, 0xfc, 0x00,
    0x00, 0x00, 0x7f, 0xff, 0xe2, 0x00,
    0x00, 0x06, 0xff, 0xff, 0x30, 0x00,
    0x00, 0x5f, 0xff, 0xf4, 0x00, 0x00,
    0x05, 0xff, 0xff, 0xd8, 0x88, 0x50,
    0x0d, 0xff, 0xff, 0xff, 0xff, 0xa0,
    0x0e, 0xff, 0xff, 0xff, 0xff, 0xa0,
    0x0e, 0xff, 0xff, 0xff, 0xff, 0xa0,

    /* U+00B3 "³" */
    0x00, 0x2a, 0xef, 0xfb, 0x40, 0x00,
    0x06, 0xff, 0xff, 0xff, 0xf7, 0x00,
    0x4f, 0xff, 0xff, 0xff, 0xff, 0x10,
    0x0c, 0xff, 0xc8, 0xdf, 0xff, 0x50,
    0x01, 0xd9, 0x00, 0x5f, 0xff, 0x50,
    0x00, 0x10, 0x01, 0xaf, 0xff, 0x10,
    0x00, 0x04, 0xff, 0xff, 0xf7, 0x00,
    0x00, 0x04, 0xff, 0xff, 0xfc, 0x10,
    0x00, 0x04, 0xff, 0xff, 0xff, 0x90,
    0x00, 0x23, 0x00, 0x2f, 0xff, 0xd0,
    0x05, 0xff, 0xb8, 0xbf, 0xff, 0xc0,
    0x1f, 0xff, 0xff, 0xff, 0xff, 0x60,
    0x05, 0xff, 0xff, 0xff, 0xfa, 0x00,
    0x00, 0x29, 0xef, 0xfc, 0x50, 0x00,

    /* U+00B4 "´" */
    0x00, 0x00, 0x05, 0x00, 0x00,
    0x00, 0x00, 0x9f, 0xa0, 0x00,
    0x00, 0x0a, 0xff, 0xfa, 0x00,
    0x00, 0xbf, 0xff, 0xf6, 0x00,
    0x1c, 0xff, 0xff, 0x40, 0x00,
    0x4f, 0xff, 0xf3, 0x00, 0x00,
    0x04, 0xfe, 0x20, 0x00, 0x00,
    0x00, 0x42, 0x00, 0x00, 0x00,

    /* U+00B5 "µ" */
    0xbf, 0xff, 0xf8, 0x00, 0x00, 0xff, 0xff, 0xf3,
    0xbf, 0xff, 0xf8, 0x00, 0x00, 0xff, 0xff, 0xf3,
    0xbf, 0xff, 0xf8, 0x00, 0x00, 0xff, 0xff, 0xf3,
    0xbf, 0xff, 0xf8, 0x00, 0x00, 0xff, 0xff, 0xf3,
    0xbf, 0xff, 0xf8, 0x00, 0x00, 0xff, 0xff, 0xf3,
    0xbf, 0xff, 0xf8, 0x00, 0x00, 0xff, 0xff, 0xf3,
    0xbf, 0xff, 0xf8, 0x00, 0x00, 0xff, 0xff, 0xf3,
    0xbf, 0xff, 0xf8, 0x00, 0x00, 0xff, 0xff, 0xf3,
    0xbf, 0xff, 0xf8, 0x00, 0x00, 0xff, 0xff, 0xf3,
    0xcf, 0xff, 0xf8, 0x00, 0x00, 0xff, 0xff, 0xf3,
    0xcf, 0xff, 0xfd, 0x20, 0x5d, 0xff, 0xff, 0xf3,
    0xbf, 0xff, 0xff, 0xff, 0xff, 0xff, 0xff, 0xf3,
    0xbf, 0xff, 0xff, 0xff, 0xff, 0xff, 0xff, 0xf3,
    0xbf, 0xff, 0xff, 0xff, 0xff, 0xff, 0xff, 0xf3,
    0xbf, 0xff, 0xff, 0xff, 0xfe, 0x5f, 0xff, 0xf3,
    0xbf, 0xff, 0xff, 0xfc, 0x60, 0x0c, 0xff, 0xf3,
    0xbf, 0xff, 0xf8, 0x00, 0x00, 0x00, 0x00, 0x00,
    0xbf, 0xff, 0xf8, 0x00, 0x00, 0x00, 0x00, 0x00,
    0xbf, 0xff, 0xf8, 0x00, 0x00, 0x00, 0x00, 0x00,
    0xbf, 0xff, 0xf8, 0x00, 0x00, 0x00, 0x00, 0x00,
    0xbf, 0xff, 0xf8, 0x00, 0x00, 0x00, 0x00, 0x00,
    0xbf, 0xff, 0xf8, 0x00, 0x00, 0x00, 0x00, 0x00,

    /* U+00B6 "¶" */
    0x00, 0x00, 0x05, 0xae, 0xff, 0xff, 0xff, 0xff, 0xff, 0xff, 0xc0,
    0x00, 0x04, 0xef, 0xff, 0xff, 0xff, 0xff, 0xff, 0xff, 0xff, 0xc0,
    0x00, 0x7f, 0xff, 0xff, 0xff, 0xff, 0xff, 0xff, 0xff, 0xff, 0xc0,
    0x04, 0xff, 0xff, 0xff, 0xff, 0xff, 0xff, 0xff, 0xff, 0xfd, 0x40,
    0x0e, 0xff, 0xff, 0xff, 0xff, 0xdc, 0xce, 0xff, 0xff, 0xb0, 0x00,
    0x5f, 0xff, 0xff, 0xff, 0xff, 0x50, 0x0a, 0xff, 0xff, 0x90, 0x00,
    0xaf, 0xff, 0xff, 0xff, 0xff, 0x50, 0x0a, 0xff, 0xff, 0x90, 0x00,
    0xcf, 0xff, 0xff, 0xff, 0xff, 0x50, 0x0a, 0xff, 0xff, 0x90, 0x00,
    0xdf, 0xff, 0xff, 0xff, 0xff, 0x50, 0x0a, 0xff, 0xff, 0x90, 0x00,
    0xdf, 0xff, 0xff, 0xff, 0xff, 0x50, 0x0a, 0xff, 0xff, 0x90, 0x00,
    0xbf, 0xff, 0xff, 0xff, 0xff, 0x50, 0x0a, 0xff, 0xff, 0x90, 0x00,
    0x7f, 0xff, 0xff, 0xff, 0xff, 0x50, 0x0a, 0xff, 0xff, 0x90, 0x00,
    0x2f, 0xff, 0xff, 0xff, 0xff, 0x50, 0x0a, 0xff, 0xff, 0x90, 0x00,
    0x08, 0xff, 0xff, 0xff, 0xff, 0x50, 0x0a, 0xff, 0xff, 0x90, 0x00,
    0x00, 0xcf, 0xff, 0xff, 0xff, 0x50, 0x0a, 0xff, 0xff, 0x90, 0x00,
    0x00, 0x1b, 0xff, 0xff, 0xff, 0x50, 0x0a, 0xff, 0xff, 0x90, 0x00,
    0x00, 0x00, 0x6d, 0xff, 0xff, 0x50, 0x0a, 0xff, 0xff, 0x90, 0x00,
    0x00, 0x00, 0x00, 0x24, 0x55, 0x10, 0x0a, 0xff, 0xff, 0x90, 0x00,
    0x00, 0x00, 0x00, 0x00, 0x00, 0x00, 0x0a, 0xff, 0xff, 0x90, 0x00,
    0x00, 0x00, 0x00, 0x10, 0x00, 0x00, 0x0a, 0xff, 0xff, 0x80, 0x00,
    0x00, 0x00, 0x1a, 0xf2, 0x00, 0x00, 0x0d, 0xff, 0xff, 0x60, 0x00,
    0x00, 0x08, 0xff, 0xfd, 0x20, 0x00, 0x6f, 0xff, 0xff, 0x30, 0x00,
    0x00, 0x1f, 0xff, 0xff, 0xfb, 0xac, 0xff, 0xff, 0xfd, 0x00, 0x00,
    0x00, 0x07, 0xff, 0xff, 0xff, 0xff, 0xff, 0xff, 0xf5, 0x00, 0x00,
    0x00, 0x00, 0xbf, 0xff, 0xff, 0xff, 0xff, 0xff, 0xa0, 0x00, 0x00,
    0x00, 0x00, 0x08, 0xff, 0xff, 0xff, 0xff, 0xf9, 0x00, 0x00, 0x00,
    0x00, 0x00, 0x00, 0x28, 0xcf, 0xff, 0xd9, 0x30, 0x00, 0x00, 0x00,

    /* U+00B7 "·" */
    0x03, 0xce, 0xc5, 0x00,
    0x3f, 0xff, 0xff, 0x60,
    0xbf, 0xff, 0xff, 0xe0,
    0xef, 0xff, 0xff, 0xf0,
    0xbf, 0xff, 0xff, 0xe0,
    0x4f, 0xff, 0xff, 0x60,
    0x04, 0xcf, 0xd6, 0x00,

    /* U+00B8 "¸" */
    0x00, 0xef, 0xf1, 0x00,
    0x02, 0xff, 0xff, 0x70,
    0x05, 0xff, 0xff, 0xf5,
    0x01, 0x22, 0x8f, 0xf8,
    0x2f, 0xb9, 0xdf, 0xf7,
    0x8f, 0xff, 0xff, 0xe1,
    0x4a, 0xef, 0xea, 0x20,

    /* U+00B9 "¹" */
    0x00, 0x02, 0xff, 0xf0,
    0x00, 0x1c, 0xff, 0xf0,
    0x39, 0xff, 0xff, 0xf0,
    0x8f, 0xff, 0xff, 0xf0,
    0x8f, 0xff, 0xff, 0xf0,
    0x8e, 0xbd, 0xff, 0xf0,
    0x00, 0x0a, 0xff, 0xf0,
    0x00, 0x0a, 0xff, 0xf0,
    0x00, 0x0a, 0xff, 0xf0,
    0x00, 0x0a, 0xff, 0xf0,
    0x00, 0x0a, 0xff, 0xf0,
    0x00, 0x0a, 0xff, 0xf0,
    0x00, 0x0a, 0xff, 0xf0,
    0x00, 0x0a, 0xff, 0xf0,

    /* U+00BA "º" */
    0x00, 0x04, 0xae, 0xff, 0xc6, 0x00, 0x00,
    0x00, 0x9f, 0xff, 0xff, 0xff, 0xc1, 0x00,
    0x07, 0xff, 0xff, 0xff, 0xff, 0xfc, 0x00,
    0x1f, 0xff, 0xff, 0xef, 0xff, 0xff, 0x50,
    0x5f, 0xff, 0xf3, 0x01, 0xcf, 0xff, 0xa0,
    0x8f, 0xff, 0x90, 0x00, 0x4f, 0xff, 0xd0,
    0x8f, 0xff, 0x90, 0x00, 0x4f, 0xff, 0xd0,
    0x6f, 0xff, 0xf3, 0x00, 0xcf, 0xff, 0xb0,
    0x1f, 0xff, 0xff, 0xdf, 0xff, 0xff, 0x50,
    0x07, 0xff, 0xff, 0xff, 0xff, 0xfc, 0x00,
    0x00, 0x9f, 0xff, 0xff, 0xff, 0xc1, 0x00,
    0x00, 0x04, 0xae, 0xff, 0xc6, 0x00, 0x00,

    /* U+00BB "»" */
    0x15, 0x55, 0x55, 0x10, 0x05, 0x55, 0x55, 0x10, 0x00, 0x00,
    0x0b, 0xff, 0xff, 0xb0, 0x0b, 0xff, 0xff, 0xc0, 0x00, 0x00,
    0x01, 0xef, 0xff, 0xf6, 0x01, 0xef, 0xff, 0xf7, 0x00, 0x00,
    0x00, 0x5f, 0xff, 0xff, 0x20, 0x4f, 0xff, 0xff, 0x30, 0x00,
    0x00, 0x09, 0xff, 0xff, 0xc0, 0x08, 0xff, 0xff, 0xd0, 0x00,
    0x00, 0x00, 0xdf, 0xff, 0xf8, 0x00, 0xdf, 0xff, 0xf9, 0x00,
    0x00, 0x00, 0x3f, 0xff, 0xff, 0x40, 0x2f, 0xff, 0xff, 0x50,
    0x00, 0x00, 0x0c, 0xff, 0xff, 0xa0, 0x0b, 0xff, 0xff, 0xc0,
    0x00, 0x00, 0x5f, 0xff, 0xff, 0x20, 0x4f, 0xff, 0xff, 0x20,
    0x00, 0x02, 0xff, 0xff, 0xf5, 0x01, 0xef, 0xff, 0xf6, 0x00,
    0x00, 0x0c, 0xff, 0xff, 0xa0, 0x0b, 0xff, 0xff, 0xb0, 0x00,
    0x00, 0x8f, 0xff, 0xfd, 0x00, 0x7f, 0xff, 0xfe, 0x10, 0x00,
    0x03, 0xff, 0xff, 0xf3, 0x03, 0xff, 0xff, 0xf4, 0x00, 0x00,
    0x1e, 0xff, 0xff, 0x80, 0x0d, 0xff, 0xff, 0x90, 0x00, 0x00,

    /* U+00BC "¼" */
    0x00, 0x00, 0x00, 0x00, 0x00, 0x00, 0x00, 0x00, 0x01, 0x00, 0x00, 0x00, 0x00, 0x00, 0x00,
    0x00, 0x00, 0x55, 0x50, 0x00, 0x00, 0x00, 0x00, 0x0a, 0xe6, 0x00, 0x00, 0x00, 0x00, 0x00,
    0x00, 0x07, 0xff, 0xf0, 0x00, 0x00, 0x00, 0x00, 0x4f, 0xff, 0xd0, 0x00, 0x00, 0x00, 0x00,
    0x38, 0xdf, 0xff, 0xf0, 0x00, 0x00, 0x00, 0x00, 0xdf, 0xff, 0x90, 0x00, 0x00, 0x00, 0x00,
    0x8f, 0xff, 0xff, 0xf0, 0x00, 0x00, 0x00, 0x07, 0xff, 0xfe, 0x10, 0x00, 0x00, 0x00, 0x00,
    0x8f, 0xff, 0xff, 0xf0, 0x00, 0x00, 0x00, 0x1f, 0xff, 0xf6, 0x00, 0x00, 0x00, 0x00, 0x00,
    0x8e, 0xbd, 0xff, 0xf0, 0x00, 0x00, 0x00, 0xaf, 0xff, 0xc0, 0x00, 0x00, 0x00, 0x00, 0x00,
    0x00, 0x0a, 0xff, 0xf0, 0x00, 0x00, 0x03, 0xff, 0xff, 0x30, 0x00, 0x00, 0x00, 0x00, 0x00,
    0x00, 0x0a, 0xff, 0xf0, 0x00, 0x00, 0x0d, 0xff, 0xf9, 0x00, 0x00, 0x00, 0x00, 0x00, 0x00,
    0x00, 0x0a, 0xff, 0xf0, 0x00, 0x00, 0x6f, 0xff, 0xe1, 0x00, 0x00, 0x00, 0x00, 0x00, 0x00,
    0x00, 0x0a, 0xff, 0xf0, 0x00, 0x01, 0xff, 0xff, 0x60, 0x00, 0xef, 0xf9, 0x00, 0x00, 0x00,
    0x00, 0x0a, 0xff, 0xf0, 0x00, 0x0a, 0xff, 0xfc, 0x00, 0x05, 0xff, 0xf4, 0x00, 0x00, 0x00,
    0x00, 0x0a, 0xff, 0xf0, 0x00, 0x3f, 0xff, 0xf3, 0x00, 0x0a, 0xff, 0xe0, 0x00, 0x00, 0x00,
    0x00, 0x0a, 0xff, 0xf0, 0x00, 0xdf, 0xff, 0x90, 0x00, 0x0f, 0xff, 0x90, 0x00, 0x00, 0x00,
    0x00, 0x0a, 0xff, 0xf0, 0x06, 0xff, 0xfe, 0x10, 0x00, 0x5f, 0xff, 0x30, 0x7d, 0xd3, 0x00,
    0x00, 0x00, 0x00, 0x00, 0x1f, 0xff, 0xf6, 0x00, 0x00, 0xbf, 0xfe, 0x00, 0xdf, 0xf4, 0x00,
    0x00, 0x00, 0x00, 0x00, 0x9f, 0xff, 0xc0, 0x00, 0x01, 0xff, 0xf8, 0x02, 0xff, 0xf4, 0x00,
    0x00, 0x00, 0x00, 0x03, 0xff, 0xff, 0x30, 0x00, 0x06, 0xff, 0xfa, 0x8b, 0xff, 0xfa, 0x80,
    0x00, 0x00, 0x00, 0x0c, 0xff, 0xf9, 0x00, 0x00, 0x0b, 0xff, 0xff, 0xff, 0xff, 0xff, 0xf1,
    0x00, 0x00, 0x00, 0x6f, 0xff, 0xe1, 0x00, 0x00, 0x0d, 0xff, 0xff, 0xff, 0xff, 0xff, 0xf1,
    0x00, 0x00, 0x01, 0xef, 0xff, 0x60, 0x00, 0x00, 0x0d, 0xff, 0xff, 0xff, 0xff, 0xff, 0xf1,
    0x00, 0x00, 0x09, 0xff, 0xfc, 0x00, 0x00, 0x00, 0x00, 0x00, 0x00, 0x06, 0xff, 0xf4, 0x00,
    0x00, 0x00, 0x3f, 0xff, 0xf3, 0x00, 0x00, 0x00, 0x00, 0x00, 0x00, 0x06, 0xff, 0xf4, 0x00,
    0x00, 0x00, 0x9f, 0xff, 0x90, 0x00, 0x00, 0x00, 0x00, 0x00, 0x00, 0x03, 0x88, 0x82, 0x00,
    0x00, 0x00, 0x05, 0xce, 0x10, 0x00, 0x00, 0x00, 0x00, 0x00, 0x00, 0x00, 0x00, 0x00, 0x00,
    0x00, 0x00, 0x00, 0x02, 0x00, 0x00, 0x00, 0x00, 0x00, 0x00, 0x00, 0x00, 0x00, 0x00, 0x00,

    /* U+00BD "½" */
    0x00, 0x00, 0x00, 0x00, 0x00, 0x00, 0x00, 0x00, 0x07, 0x91, 0x00, 0x00, 0x00, 0x00,
    0x00, 0x03, 0xff, 0xf0, 0x00, 0x00, 0x00, 0x00, 0x1f, 0xff, 0x90, 0x00, 0x00, 0x00,
    0x02, 0x7f, 0xff, 0xf0, 0x00, 0x00, 0x00, 0x00, 0xaf, 0xff, 0xc0, 0x00, 0x00, 0x00,
    0x8f, 0xff, 0xff, 0xf0, 0x00, 0x00, 0x00, 0x04, 0xff, 0xff, 0x30, 0x00, 0x00, 0x00,
    0x8f, 0xff, 0xff, 0xf0, 0x00, 0x00, 0x00, 0x0d, 0xff, 0xf9, 0x00, 0x00, 0x00, 0x00,
    0x8f, 0xff, 0xff, 0xf0, 0x00, 0x00, 0x00, 0x6f, 0xff, 0xe1, 0x00, 0x00, 0x00, 0x00,
    0x34, 0x1a, 0xff, 0xf0, 0x00, 0x00, 0x01, 0xff, 0xff, 0x60, 0x00, 0x00, 0x00, 0x00,
    0x00, 0x0a, 0xff, 0xf0, 0x00, 0x00, 0x09, 0xff, 0xfc, 0x00, 0x00, 0x00, 0x00, 0x00,
    0x00, 0x0a, 0xff, 0xf0, 0x00, 0x00, 0x3f, 0xff, 0xf3, 0x00, 0x00, 0x00, 0x00, 0x00,
    0x00, 0x0a, 0xff, 0xf0, 0x00, 0x00, 0xcf, 0xff, 0xa0, 0x00, 0x04, 0x77, 0x40, 0x00,
    0x00, 0x0a, 0xff, 0xf0, 0x00, 0x06, 0xff, 0xff, 0x10, 0x03, 0xdf, 0xff, 0xfd, 0x30,
    0x00, 0x0a, 0xff, 0xf0, 0x00, 0x1e, 0xff, 0xf7, 0x00, 0x4f, 0xff, 0xff, 0xff, 0xe1,
    0x00, 0x0a, 0xff, 0xf0, 0x00, 0x9f, 0xff, 0xd0, 0x00, 0xef, 0xff, 0xff, 0xff, 0xf6,
    0x00, 0x0a, 0xff, 0xf0, 0x02, 0xff, 0xff, 0x40, 0x00, 0x2b, 0xf8, 0x15, 0xff, 0xf8,
    0x00, 0x03, 0x55, 0x50, 0x0c, 0xff, 0xfa, 0x00, 0x00, 0x00, 0x10, 0x07, 0xff, 0xf6,
    0x00, 0x00, 0x00, 0x00, 0x5f, 0xff, 0xf1, 0x00, 0x00, 0x00, 0x00, 0x4f, 0xff, 0xe0,
    0x00, 0x00, 0x00, 0x00, 0xef, 0xff, 0x70, 0x00, 0x00, 0x00, 0x03, 0xff, 0xff, 0x40,
    0x00, 0x00, 0x00, 0x08, 0xff, 0xfd, 0x00, 0x00, 0x00, 0x00, 0x3f, 0xff, 0xf6, 0x00,
    0x00, 0x00, 0x00, 0x2f, 0xff, 0xf4, 0x00, 0x00, 0x00, 0x04, 0xff, 0xff, 0x60, 0x00,
    0x00, 0x00, 0x00, 0xbf, 0xff, 0xa0, 0x00, 0x00, 0x00, 0x4f, 0xff, 0xfd, 0x88, 0x85,
    0x00, 0x00, 0x05, 0xff, 0xff, 0x10, 0x00, 0x00, 0x00, 0xdf, 0xff, 0xff, 0xff, 0xfa,
    0x00, 0x00, 0x0e, 0xff, 0xf7, 0x00, 0x00, 0x00, 0x00, 0xdf, 0xff, 0xff, 0xff, 0xfa,
    0x00, 0x00, 0x8f, 0xff, 0xd0, 0x00, 0x00, 0x00, 0x00, 0xdf, 0xff, 0xff, 0xff, 0xfa,
    0x00, 0x00, 0x4c, 0xff, 0x40, 0x00, 0x00, 0x00, 0x00, 0x00, 0x00, 0x00, 0x00, 0x00,
    0x00, 0x00, 0x00, 0x58, 0x00, 0x00, 0x00, 0x00, 0x00, 0x00, 0x00, 0x00, 0x00, 0x00,

    /* U+00BE "¾" */
    0x00, 0x00, 0x00, 0x00, 0x00, 0x00, 0x00, 0x00, 0x00, 0x00, 0x00, 0x00, 0x00, 0x00, 0x00, 0x00,
    0x00, 0x02, 0x67, 0x74, 0x00, 0x00, 0x00, 0x00, 0x00, 0x00, 0xcc, 0x40, 0x00, 0x00, 0x00, 0x00,
    0x00, 0xaf, 0xff, 0xff, 0xd2, 0x00, 0x00, 0x00, 0x00, 0x06, 0xff, 0xfb, 0x00, 0x00, 0x00, 0x00,
    0x1d, 0xff, 0xff, 0xff, 0xfe, 0x00, 0x00, 0x00, 0x00, 0x1e, 0xff, 0xf7, 0x00, 0x00, 0x00, 0x00,
    0x3f, 0xff, 0xff, 0xff, 0xff, 0x40, 0x00, 0x00, 0x00, 0x9f, 0xff, 0xd0, 0x00, 0x00, 0x00, 0x00,
    0x03, 0xfd, 0x30, 0x7f, 0xff, 0x50, 0x00, 0x00, 0x03, 0xff, 0xff, 0x40, 0x00, 0x00, 0x00, 0x00,
    0x00, 0x30, 0x00, 0x9f, 0xff, 0x20, 0x00, 0x00, 0x0c, 0xff, 0xfa, 0x00, 0x00, 0x00, 0x00, 0x00,
    0x00, 0x04, 0xff, 0xff, 0xf8, 0x00, 0x00, 0x00, 0x6f, 0xff, 0xf1, 0x00, 0x00, 0x00, 0x00, 0x00,
    0x00, 0x04, 0xff, 0xff, 0xfc, 0x10, 0x00, 0x01, 0xef, 0xff, 0x70, 0x00, 0x00, 0x00, 0x00, 0x00,
    0x00, 0x03, 0xbb, 0xdf, 0xff, 0x90, 0x00, 0x09, 0xff, 0xfd, 0x00, 0x01, 0x22, 0x10, 0x00, 0x00,
    0x00, 0x45, 0x00, 0x0f, 0xff, 0xd0, 0x00, 0x2f, 0xff, 0xf4, 0x00, 0x2f, 0xff, 0x70, 0x00, 0x00,
    0x06, 0xff, 0xb8, 0xbf, 0xff, 0xc0, 0x00, 0xcf, 0xff, 0xa0, 0x00, 0x8f, 0xff, 0x10, 0x00, 0x00,
    0x1f, 0xff, 0xff, 0xff, 0xff, 0x60, 0x05, 0xff, 0xff, 0x10, 0x00, 0xdf, 0xfb, 0x00, 0x00, 0x00,
    0x05, 0xff, 0xff, 0xff, 0xfa, 0x00, 0x0e, 0xff, 0xf7, 0x00, 0x03, 0xff, 0xf6, 0x00, 0x11, 0x00,
    0x00, 0x29, 0xef, 0xfc, 0x50, 0x00, 0x9f, 0xff, 0xd0, 0x00, 0x08, 0xff, 0xf1, 0x0b, 0xff, 0x10,
    0x00, 0x00, 0x00, 0x00, 0x00, 0x02, 0xff, 0xff, 0x40, 0x00, 0x0d, 0xff, 0xb0, 0x0f, 0xff, 0x10,
    0x00, 0x00, 0x00, 0x00, 0x00, 0x0c, 0xff, 0xfa, 0x00, 0x00, 0x3f, 0xff, 0x50, 0x5f, 0xff, 0x10,
    0x00, 0x00, 0x00, 0x00, 0x00, 0x5f, 0xff, 0xf1, 0x00, 0x00, 0x8f, 0xff, 0x98, 0xcf, 0xff, 0x97,
    0x00, 0x00, 0x00, 0x00, 0x00, 0xef, 0xff, 0x70, 0x00, 0x00, 0xef, 0xff, 0xff, 0xff, 0xff, 0xfe,
    0x00, 0x00, 0x00, 0x00, 0x09, 0xff, 0xfd, 0x00, 0x00, 0x00, 0xff, 0xff, 0xff, 0xff, 0xff, 0xfe,
    0x00, 0x00, 0x00, 0x00, 0x2f, 0xff, 0xf4, 0x00, 0x00, 0x00, 0xff, 0xff, 0xff, 0xff, 0xff, 0xfe,
    0x00, 0x00, 0x00, 0x00, 0xcf, 0xff, 0xa0, 0x00, 0x00, 0x00, 0x00, 0x00, 0x00, 0x8f, 0xff, 0x10,
    0x00, 0x00, 0x00, 0x05, 0xff, 0xff, 0x10, 0x00, 0x00, 0x00, 0x00, 0x00, 0x00, 0x8f, 0xff, 0x10,
    0x00, 0x00, 0x00, 0x0c, 0xff, 0xf7, 0x00, 0x00, 0x00, 0x00, 0x00, 0x00, 0x00, 0x48, 0x88, 0x00,
    0x00, 0x00, 0x00, 0x00, 0x6d, 0xd0, 0x00, 0x00, 0x00, 0x00, 0x00, 0x00, 0x00, 0x00, 0x00, 0x00,
    0x00, 0x00, 0x00, 0x00, 0x00, 0x10, 0x00, 0x00, 0x00, 0x00, 0x00, 0x00, 0x00, 0x00, 0x00, 0x00,

    /* U+00BF "¿" */
    0x00, 0x00, 0x02, 0xbf, 0xe7, 0x00, 0x00, 0x00,
    0x00, 0x00, 0x1e, 0xff, 0xff, 0x70, 0x00, 0x00,
    0x00, 0x00, 0x6f, 0xff, 0xff, 0xd0, 0x00, 0x00,
    0x00, 0x00, 0x6f, 0xff, 0xff, 0xe0, 0x00, 0x00,
    0x00, 0x00, 0x2f, 0xff, 0xff, 0xa0, 0x00, 0x00,
    0x00, 0x00, 0x06, 0xff, 0xfc, 0x10, 0x00, 0x00,
    0x00, 0x00, 0x00, 0x15, 0x40, 0x00, 0x00, 0x00,
    0x00, 0x00, 0x00, 0x02, 0x80, 0x00, 0x00, 0x00,
    0x00, 0x00, 0x00, 0x8f, 0xf6, 0x00, 0x00, 0x00,
    0x00, 0x00, 0x3d, 0xff, 0xff, 0x20, 0x00, 0x00,
    0x00, 0x07, 0xff, 0xff, 0xff, 0xc0, 0x00, 0x00,
    0x00, 0x9f, 0xff, 0xff, 0xff, 0x70, 0x00, 0x00,
    0x07, 0xff, 0xff, 0xff, 0xd3, 0x00, 0x00, 0x00,
    0x1f, 0xff, 0xff, 0xf9, 0x00, 0x00, 0x00, 0x00,
    0x7f, 0xff, 0xff, 0x60, 0x00, 0x00, 0x00, 0x00,
    0xaf, 0xff, 0xfb, 0x00, 0x00, 0x05, 0xd1, 0x00,
    0xcf, 0xff, 0xf8, 0x00, 0x00, 0x8f, 0xfc, 0x00,
    0xbf, 0xff, 0xfe, 0x31, 0x4c, 0xff, 0xff, 0xa0,
    0x8f, 0xff, 0xff, 0xff, 0xff, 0xff, 0xff, 0xf5,
    0x2f, 0xff, 0xff, 0xff, 0xff, 0xff, 0xff, 0xb0,
    0x07, 0xff, 0xff, 0xff, 0xff, 0xff, 0xf9, 0x00,
    0x00, 0x7f, 0xff, 0xff, 0xff, 0xfe, 0x50, 0x00,
    0x00, 0x02, 0x9d, 0xff, 0xeb, 0x50, 0x00, 0x00,

    /* U+00C0 "À" */
    0x00, 0x00, 0x00, 0x07, 0x90, 0x00, 0x00, 0x00, 0x00, 0x00, 0x00,
    0x00, 0x00, 0x00, 0x7f, 0xfa, 0x00, 0x00, 0x00, 0x00, 0x00, 0x00,
    0x00, 0x00, 0x02, 0xff, 0xff, 0xb0, 0x00, 0x00, 0x00, 0x00, 0x00,
    0x00, 0x00, 0x00, 0x4f, 0xff, 0xfc, 0x10, 0x00, 0x00, 0x00, 0x00,
    0x00, 0x00, 0x00, 0x03, 0xef, 0xff, 0xd0, 0x00, 0x00, 0x00, 0x00,
    0x00, 0x00, 0x00, 0x00, 0x2e, 0xff, 0x80, 0x00, 0x00, 0x00, 0x00,
    0x00, 0x00, 0x00, 0x00, 0x02, 0xd8, 0x00, 0x00, 0x00, 0x00, 0x00,
    0x00, 0x00, 0x00, 0x00, 0x00, 0x00, 0x00, 0x00, 0x00, 0x00, 0x00,
    0x00, 0x00, 0x00, 0x00, 0x00, 0x00, 0x00, 0x00, 0x00, 0x00, 0x00,
    0x00, 0x00, 0x00, 0x03, 0xff, 0xff, 0xf9, 0x00, 0x00, 0x00, 0x00,
    0x00, 0x00, 0x00, 0x08, 0xff, 0xff, 0xfe, 0x00, 0x00, 0x00, 0x00,
    0x00, 0x00, 0x00, 0x0e, 0xff, 0xff, 0xff, 0x40, 0x00, 0x00, 0x00,
    0x00, 0x00, 0x00, 0x4f, 0xff, 0xff, 0xff, 0x90, 0x00, 0x00, 0x00,
    0x00, 0x00, 0x00, 0x9f, 0xff, 0xff, 0xff, 0xe0, 0x00, 0x00, 0x00,
    0x00, 0x00, 0x00, 0xef, 0xff, 0xff, 0xff, 0xf3, 0x00, 0x00, 0x00,
    0x00, 0x00, 0x05, 0xff, 0xff, 0xef, 0xff, 0xf8, 0x00, 0x00, 0x00,
    0x00, 0x00, 0x0a, 0xff, 0xff, 0x5f, 0xff, 0xfe, 0x00, 0x00, 0x00,
    0x00, 0x00, 0x0f, 0xff, 0xff, 0x0b, 0xff, 0xff, 0x30, 0x00, 0x00,
    0x00, 0x00, 0x5f, 0xff, 0xfa, 0x06, 0xff, 0xff, 0x80, 0x00, 0x00,
    0x00, 0x00, 0xbf, 0xff, 0xf4, 0x01, 0xff, 0xff, 0xd0, 0x00, 0x00,
    0x00, 0x01, 0xff, 0xff, 0xf0, 0x00, 0xcf, 0xff, 0xf2, 0x00, 0x00,
    0x00, 0x06, 0xff, 0xff, 0xa0, 0x00, 0x8f, 0xff, 0xf8, 0x00, 0x00,
    0x00, 0x0c, 0xff, 0xff, 0xec, 0xcc, 0xdf, 0xff, 0xfd, 0x00, 0x00,
    0x00, 0x1f, 0xff, 0xff, 0xff, 0xff, 0xff, 0xff, 0xff, 0x20, 0x00,
    0x00, 0x7f, 0xff, 0xff, 0xff, 0xff, 0xff, 0xff, 0xff, 0x70, 0x00,
    0x00, 0xdf, 0xff, 0xff, 0xff, 0xff, 0xff, 0xff, 0xff, 0xd0, 0x00,
    0x02, 0xff, 0xff, 0xff, 0xff, 0xff, 0xff, 0xff, 0xff, 0xf2, 0x00,
    0x08, 0xff, 0xff, 0x90, 0x00, 0x00, 0x00, 0xaf, 0xff, 0xf7, 0x00,
    0x0d, 0xff, 0xff, 0x40, 0x00, 0x00, 0x00, 0x5f, 0xff, 0xfc, 0x00,
    0x3f, 0xff, 0xfe, 0x00, 0x00, 0x00, 0x00, 0x1f, 0xff, 0xff, 0x10,
    0x9f, 0xff, 0xf9, 0x00, 0x00, 0x00, 0x00, 0x0c, 0xff, 0xff, 0x70,

    /* U+00C1 "Á" */
    0x00, 0x00, 0x00, 0x00, 0x00, 0x00, 0x4b, 0x00, 0x00, 0x00, 0x00,
    0x00, 0x00, 0x00, 0x00, 0x00, 0x05, 0xff, 0xc0, 0x00, 0x00, 0x00,
    0x00, 0x00, 0x00, 0x00, 0x00, 0x6f, 0xff, 0xf8, 0x00, 0x00, 0x00,
    0x00, 0x00, 0x00, 0x00, 0x07, 0xff, 0xff, 0xa0, 0x00, 0x00, 0x00,
    0x00, 0x00, 0x00, 0x00, 0x8f, 0xff, 0xf9, 0x00, 0x00, 0x00, 0x00,
    0x00, 0x00, 0x00, 0x00, 0x2e, 0xff, 0x70, 0x00, 0x00, 0x00, 0x00,
    0x00, 0x00, 0x00, 0x00, 0x03, 0xe6, 0x00, 0x00, 0x00, 0x00, 0x00,
    0x00, 0x00, 0x00, 0x00, 0x00, 0x00, 0x00, 0x00, 0x00, 0x00, 0x00,
    0x00, 0x00, 0x00, 0x00, 0x00, 0x00, 0x00, 0x00, 0x00, 0x00, 0x00,
    0x00, 0x00, 0x00, 0x03, 0xff, 0xff, 0xf9, 0x00, 0x00, 0x00, 0x00,
    0x00, 0x00, 0x00, 0x08, 0xff, 0xff, 0xfe, 0x00, 0x00, 0x00, 0x00,
    0x00, 0x00, 0x00, 0x0e, 0xff, 0xff, 0xff, 0x40, 0x00, 0x00, 0x00,
    0x00, 0x00, 0x00, 0x4f, 0xff, 0xff, 0xff, 0x90, 0x00, 0x00, 0x00,
    0x00, 0x00, 0x00, 0x9f, 0xff, 0xff, 0xff, 0xe0, 0x00, 0x00, 0x00,
    0x00, 0x00, 0x00, 0xef, 0xff, 0xff, 0xff, 0xf3, 0x00, 0x00, 0x00,
    0x00, 0x00, 0x05, 0xff, 0xff, 0xef, 0xff, 0xf8, 0x00, 0x00, 0x00,
    0x00, 0x00, 0x0a, 0xff, 0xff, 0x5f, 0xff, 0xfe, 0x00, 0x00, 0x00,
    0x00, 0x00, 0x0f, 0xff, 0xff, 0x0b, 0xff, 0xff, 0x30, 0x00, 0x00,
    0x00, 0x00, 0x5f, 0xff, 0xfa, 0x06, 0xff, 0xff, 0x80, 0x00, 0x00,
    0x00, 0x00, 0xbf, 0xff, 0xf4, 0x01, 0xff, 0xff, 0xd0, 0x00, 0x00,
    0x00, 0x01, 0xff, 0xff, 0xf0, 0x00, 0xcf, 0xff, 0xf2, 0x00, 0x00,
    0x00, 0x06, 0xff, 0xff, 0xa0, 0x00, 0x8f, 0xff, 0xf8, 0x00, 0x00,
    0x00, 0x0c, 0xff, 0xff, 0xec, 0xcc, 0xdf, 0xff, 0xfd, 0x00, 0x00,
    0x00, 0x1f, 0xff, 0xff, 0xff, 0xff, 0xff, 0xff, 0xff, 0x20, 0x00,
    0x00, 0x7f, 0xff, 0xff, 0xff, 0xff, 0xff, 0xff, 0xff, 0x70, 0x00,
    0x00, 0xdf, 0xff, 0xff, 0xff, 0xff, 0xff, 0xff, 0xff, 0xd0, 0x00,
    0x02, 0xff, 0xff, 0xff, 0xff, 0xff, 0xff, 0xff, 0xff, 0xf2, 0x00,
    0x08, 0xff, 0xff, 0x90, 0x00, 0x00, 0x00, 0xaf, 0xff, 0xf7, 0x00,
    0x0d, 0xff, 0xff, 0x40, 0x00, 0x00, 0x00, 0x5f, 0xff, 0xfc, 0x00,
    0x3f, 0xff, 0xfe, 0x00, 0x00, 0x00, 0x00, 0x1f, 0xff, 0xff, 0x10,
    0x9f, 0xff, 0xf9, 0x00, 0x00, 0x00, 0x00, 0x0c, 0xff, 0xff, 0x70,

    /* U+00C2 "Â" */
    0x00, 0x00, 0x00, 0x00, 0x00, 0x40, 0x00, 0x00, 0x00, 0x00, 0x00,
    0x00, 0x00, 0x00, 0x00, 0x08, 0xfd, 0x10, 0x00, 0x00, 0x00, 0x00,
    0x00, 0x00, 0x00, 0x00, 0xaf, 0xff, 0xe3, 0x00, 0x00, 0x00, 0x00,
    0x00, 0x00, 0x00, 0x1b, 0xff, 0xff, 0xff, 0x40, 0x00, 0x00, 0x00,
    0x00, 0x00, 0x01, 0xdf, 0xff, 0xff, 0xff, 0xf6, 0x00, 0x00, 0x00,
    0x00, 0x00, 0x00, 0xbf, 0xfe, 0x28, 0xff, 0xe3, 0x00, 0x00, 0x00,
    0x00, 0x00, 0x00, 0x0a, 0xc1, 0x00, 0x6d, 0x20, 0x00, 0x00, 0x00,
    0x00, 0x00, 0x00, 0x00, 0x00, 0x00, 0x00, 0x00, 0x00, 0x00, 0x00,
    0x00, 0x00, 0x00, 0x00, 0x00, 0x00, 0x00, 0x00, 0x00, 0x00, 0x00,
    0x00, 0x00, 0x00, 0x03, 0xff, 0xff, 0xf9, 0x00, 0x00, 0x00, 0x00,
    0x00, 0x00, 0x00, 0x08, 0xff, 0xff, 0xfe, 0x00, 0x00, 0x00, 0x00,
    0x00, 0x00, 0x00, 0x0e, 0xff, 0xff, 0xff, 0x40, 0x00, 0x00, 0x00,
    0x00, 0x00, 0x00, 0x4f, 0xff, 0xff, 0xff, 0x90, 0x00, 0x00, 0x00,
    0x00, 0x00, 0x00, 0x9f, 0xff, 0xff, 0xff, 0xe0, 0x00, 0x00, 0x00,
    0x00, 0x00, 0x00, 0xef, 0xff, 0xff, 0xff, 0xf3, 0x00, 0x00, 0x00,
    0x00, 0x00, 0x05, 0xff, 0xff, 0xef, 0xff, 0xf8, 0x00, 0x00, 0x00,
    0x00, 0x00, 0x0a, 0xff, 0xff, 0x5f, 0xff, 0xfe, 0x00, 0x00, 0x00,
    0x00, 0x00, 0x0f, 0xff, 0xff, 0x0b, 0xff, 0xff, 0x30, 0x00, 0x00,
    0x00, 0x00, 0x5f, 0xff, 0xfa, 0x06, 0xff, 0xff, 0x80, 0x00, 0x00,
    0x00, 0x00, 0xbf, 0xff, 0xf4, 0x01, 0xff, 0xff, 0xd0, 0x00, 0x00,
    0x00, 0x01, 0xff, 0xff, 0xf0, 0x00, 0xcf, 0xff, 0xf2, 0x00, 0x00,
    0x00, 0x06, 0xff, 0xff, 0xa0, 0x00, 0x8f, 0xff, 0xf8, 0x00, 0x00,
    0x00, 0x0c, 0xff, 0xff, 0xec, 0xcc, 0xdf, 0xff, 0xfd, 0x00, 0x00,
    0x00, 0x1f, 0xff, 0xff, 0xff, 0xff, 0xff, 0xff, 0xff, 0x20, 0x00,
    0x00, 0x7f, 0xff, 0xff, 0xff, 0xff, 0xff, 0xff, 0xff, 0x70, 0x00,
    0x00, 0xdf, 0xff, 0xff, 0xff, 0xff, 0xff, 0xff, 0xff, 0xd0, 0x00,
    0x02, 0xff, 0xff, 0xff, 0xff, 0xff, 0xff, 0xff, 0xff, 0xf2, 0x00,
    0x08, 0xff, 0xff, 0x90, 0x00, 0x00, 0x00, 0xaf, 0xff, 0xf7, 0x00,
    0x0d, 0xff, 0xff, 0x40, 0x00, 0x00, 0x00, 0x5f, 0xff, 0xfc, 0x00,
    0x3f, 0xff, 0xfe, 0x00, 0x00, 0x00, 0x00, 0x1f, 0xff, 0xff, 0x10,
    0x9f, 0xff, 0xf9, 0x00, 0x00, 0x00, 0x00, 0x0c, 0xff, 0xff, 0x70,

    /* U+00C3 "Ã" */
    0x00, 0x00, 0x00, 0x5d, 0xfe, 0x82, 0x08, 0xb4, 0x00, 0x00, 0x00,
    0x00, 0x00, 0x06, 0xff, 0xff, 0xff, 0xff, 0xff, 0xc0, 0x00, 0x00,
    0x00, 0x00, 0x1f, 0xff, 0xff, 0xff, 0xff, 0xff, 0x60, 0x00, 0x00,
    0x00, 0x00, 0x4e, 0xff, 0xfe, 0xff, 0xff, 0xfa, 0x00, 0x00, 0x00,
    0x00, 0x00, 0x00, 0x59, 0x00, 0x4a, 0xdc, 0x60, 0x00, 0x00, 0x00,
    0x00, 0x00, 0x00, 0x00, 0x00, 0x00, 0x00, 0x00, 0x00, 0x00, 0x00,
    0x00, 0x00, 0x00, 0x00, 0x00, 0x00, 0x00, 0x00, 0x00, 0x00, 0x00,
    0x00, 0x00, 0x00, 0x03, 0xff, 0xff, 0xf9, 0x00, 0x00, 0x00, 0x00,
    0x00, 0x00, 0x00, 0x08, 0xff, 0xff, 0xfe, 0x00, 0x00, 0x00, 0x00,
    0x00, 0x00, 0x00, 0x0e, 0xff, 0xff, 0xff, 0x40, 0x00, 0x00, 0x00,
    0x00, 0x00, 0x00, 0x4f, 0xff, 0xff, 0xff, 0x90, 0x00, 0x00, 0x00,
    0x00, 0x00, 0x00, 0x9f, 0xff, 0xff, 0xff, 0xe0, 0x00, 0x00, 0x00,
    0x00, 0x00, 0x00, 0xef, 0xff, 0xff, 0xff, 0xf3, 0x00, 0x00, 0x00,
    0x00, 0x00, 0x05, 0xff, 0xff, 0xef, 0xff, 0xf8, 0x00, 0x00, 0x00,
    0x00, 0x00, 0x0a, 0xff, 0xff, 0x5f, 0xff, 0xfe, 0x00, 0x00, 0x00,
    0x00, 0x00, 0x0f, 0xff, 0xff, 0x0b, 0xff, 0xff, 0x30, 0x00, 0x00,
    0x00, 0x00, 0x5f, 0xff, 0xfa, 0x06, 0xff, 0xff, 0x80, 0x00, 0x00,
    0x00, 0x00, 0xbf, 0xff, 0xf4, 0x01, 0xff, 0xff, 0xd0, 0x00, 0x00,
    0x00, 0x01, 0xff, 0xff, 0xf0, 0x00, 0xcf, 0xff, 0xf2, 0x00, 0x00,
    0x00, 0x06, 0xff, 0xff, 0xa0, 0x00, 0x8f, 0xff, 0xf8, 0x00, 0x00,
    0x00, 0x0c, 0xff, 0xff, 0xec, 0xcc, 0xdf, 0xff, 0xfd, 0x00, 0x00,
    0x00, 0x1f, 0xff, 0xff, 0xff, 0xff, 0xff, 0xff, 0xff, 0x20, 0x00,
    0x00, 0x7f, 0xff, 0xff, 0xff, 0xff, 0xff, 0xff, 0xff, 0x70, 0x00,
    0x00, 0xdf, 0xff, 0xff, 0xff, 0xff, 0xff, 0xff, 0xff, 0xd0, 0x00,
    0x02, 0xff, 0xff, 0xff, 0xff, 0xff, 0xff, 0xff, 0xff, 0xf2, 0x00,
    0x08, 0xff, 0xff, 0x90, 0x00, 0x00, 0x00, 0xaf, 0xff, 0xf7, 0x00,
    0x0d, 0xff, 0xff, 0x40, 0x00, 0x00, 0x00, 0x5f, 0xff, 0xfc, 0x00,
    0x3f, 0xff, 0xfe, 0x00, 0x00, 0x00, 0x00, 0x1f, 0xff, 0xff, 0x10,
    0x9f, 0xff, 0xf9, 0x00, 0x00, 0x00, 0x00, 0x0c, 0xff, 0xff, 0x70,

    /* U+00C4 "Ä" */
    0x00, 0x00, 0x03, 0xcf, 0xc2, 0x00, 0x8f, 0xe8, 0x00, 0x00, 0x00,
    0x00, 0x00, 0x0e, 0xff, 0xfd, 0x06, 0xff, 0xff, 0x60, 0x00, 0x00,
    0x00, 0x00, 0x3f, 0xff, 0xff, 0x2a, 0xff, 0xff, 0xb0, 0x00, 0x00,
    0x00, 0x00, 0x2f, 0xff, 0xff, 0x19, 0xff, 0xff, 0x90, 0x00, 0x00,
    0x00, 0x00, 0x09, 0xff, 0xf7, 0x01, 0xef, 0xfe, 0x20, 0x00, 0x00,
    0x00, 0x00, 0x00, 0x46, 0x30, 0x00, 0x16, 0x51, 0x00, 0x00, 0x00,
    0x00, 0x00, 0x00, 0x00, 0x00, 0x00, 0x00, 0x00, 0x00, 0x00, 0x00,
    0x00, 0x00, 0x00, 0x03, 0xff, 0xff, 0xf9, 0x00, 0x00, 0x00, 0x00,
    0x00, 0x00, 0x00, 0x08, 0xff, 0xff, 0xfe, 0x00, 0x00, 0x00, 0x00,
    0x00, 0x00, 0x00, 0x0e, 0xff, 0xff, 0xff, 0x40, 0x00, 0x00, 0x00,
    0x00, 0x00, 0x00, 0x4f, 0xff, 0xff, 0xff, 0x90, 0x00, 0x00, 0x00,
    0x00, 0x00, 0x00, 0x9f, 0xff, 0xff, 0xff, 0xe0, 0x00, 0x00, 0x00,
    0x00, 0x00, 0x00, 0xef, 0xff, 0xff, 0xff, 0xf3, 0x00, 0x00, 0x00,
    0x00, 0x00, 0x05, 0xff, 0xff, 0xef, 0xff, 0xf8, 0x00, 0x00, 0x00,
    0x00, 0x00, 0x0a, 0xff, 0xff, 0x5f, 0xff, 0xfe, 0x00, 0x00, 0x00,
    0x00, 0x00, 0x0f, 0xff, 0xff, 0x0b, 0xff, 0xff, 0x30, 0x00, 0x00,
    0x00, 0x00, 0x5f, 0xff, 0xfa, 0x06, 0xff, 0xff, 0x80, 0x00, 0x00,
    0x00, 0x00, 0xbf, 0xff, 0xf4, 0x01, 0xff, 0xff, 0xd0, 0x00, 0x00,
    0x00, 0x01, 0xff, 0xff, 0xf0, 0x00, 0xcf, 0xff, 0xf2, 0x00, 0x00,
    0x00, 0x06, 0xff, 0xff, 0xa0, 0x00, 0x8f, 0xff, 0xf8, 0x00, 0x00,
    0x00, 0x0c, 0xff, 0xff, 0xec, 0xcc, 0xdf, 0xff, 0xfd, 0x00, 0x00,
    0x00, 0x1f, 0xff, 0xff, 0xff, 0xff, 0xff, 0xff, 0xff, 0x20, 0x00,
    0x00, 0x7f, 0xff, 0xff, 0xff, 0xff, 0xff, 0xff, 0xff, 0x70, 0x00,
    0x00, 0xdf, 0xff, 0xff, 0xff, 0xff, 0xff, 0xff, 0xff, 0xd0, 0x00,
    0x02, 0xff, 0xff, 0xff, 0xff, 0xff, 0xff, 0xff, 0xff, 0xf2, 0x00,
    0x08, 0xff, 0xff, 0x90, 0x00, 0x00, 0x00, 0xaf, 0xff, 0xf7, 0x00,
    0x0d, 0xff, 0xff, 0x40, 0x00, 0x00, 0x00, 0x5f, 0xff, 0xfc, 0x00,
    0x3f, 0xff, 0xfe, 0x00, 0x00, 0x00, 0x00, 0x1f, 0xff, 0xff, 0x10,
    0x9f, 0xff, 0xf9, 0x00, 0x00, 0x00, 0x00, 0x0c, 0xff, 0xff, 0x70,

    /* U+00C5 "Å" */
    0x00, 0x00, 0x00, 0x00, 0x29, 0xba, 0x50, 0x00, 0x00, 0x00, 0x00,
    0x00, 0x00, 0x00, 0x03, 0xff, 0xff, 0xf9, 0x00, 0x00, 0x00, 0x00,
    0x00, 0x00, 0x00, 0x0d, 0xff, 0xff, 0xff, 0x30, 0x00, 0x00, 0x00,
    0x00, 0x00, 0x00, 0x2f, 0xfd, 0x17, 0xff, 0x80, 0x00, 0x00, 0x00,
    0x00, 0x00, 0x00, 0x2f, 0xfc, 0x05, 0xff, 0x90, 0x00, 0x00, 0x00,
    0x00, 0x00, 0x00, 0x0e, 0xff, 0xdf, 0xff, 0x50, 0x00, 0x00, 0x00,
    0x00, 0x00, 0x00, 0x05, 0xff, 0xff, 0xfc, 0x00, 0x00, 0x00, 0x00,
    0x00, 0x00, 0x00, 0x00, 0x4c, 0xfe, 0x90, 0x00, 0x00, 0x00, 0x00,
    0x00, 0x00, 0x00, 0x00, 0x00, 0x00, 0x00, 0x00, 0x00, 0x00, 0x00,
    0x00, 0x00, 0x00, 0x00, 0x00, 0x00, 0x00, 0x00, 0x00, 0x00, 0x00,
    0x00, 0x00, 0x00, 0x03, 0xff, 0xff, 0xf9, 0x00, 0x00, 0x00, 0x00,
    0x00, 0x00, 0x00, 0x08, 0xff, 0xff, 0xfe, 0x00, 0x00, 0x00, 0x00,
    0x00, 0x00, 0x00, 0x0e, 0xff, 0xff, 0xff, 0x40, 0x00, 0x00, 0x00,
    0x00, 0x00, 0x00, 0x4f, 0xff, 0xff, 0xff, 0x90, 0x00, 0x00, 0x00,
    0x00, 0x00, 0x00, 0x9f, 0xff, 0xff, 0xff, 0xe0, 0x00, 0x00, 0x00,
    0x00, 0x00, 0x00, 0xef, 0xff, 0xff, 0xff, 0xf3, 0x00, 0x00, 0x00,
    0x00, 0x00, 0x05, 0xff, 0xff, 0xef, 0xff, 0xf8, 0x00, 0x00, 0x00,
    0x00, 0x00, 0x0a, 0xff, 0xff, 0x5f, 0xff, 0xfe, 0x00, 0x00, 0x00,
    0x00, 0x00, 0x0f, 0xff, 0xff, 0x0b, 0xff, 0xff, 0x30, 0x00, 0x00,
    0x00, 0x00, 0x5f, 0xff, 0xfa, 0x06, 0xff, 0xff, 0x80, 0x00, 0x00,
    0x00, 0x00, 0xbf, 0xff, 0xf4, 0x01, 0xff, 0xff, 0xd0, 0x00, 0x00,
    0x00, 0x01, 0xff, 0xff, 0xf0, 0x00, 0xcf, 0xff, 0xf2, 0x00, 0x00,
    0x00, 0x06, 0xff, 0xff, 0xa0, 0x00, 0x8f, 0xff, 0xf8, 0x00, 0x00,
    0x00, 0x0c, 0xff, 0xff, 0xec, 0xcc, 0xdf, 0xff, 0xfd, 0x00, 0x00,
    0x00, 0x1f, 0xff, 0xff, 0xff, 0xff, 0xff, 0xff, 0xff, 0x20, 0x00,
    0x00, 0x7f, 0xff, 0xff, 0xff, 0xff, 0xff, 0xff, 0xff, 0x70, 0x00,
    0x00, 0xdf, 0xff, 0xff, 0xff, 0xff, 0xff, 0xff, 0xff, 0xd0, 0x00,
    0x02, 0xff, 0xff, 0xff, 0xff, 0xff, 0xff, 0xff, 0xff, 0xf2, 0x00,
    0x08, 0xff, 0xff, 0x90, 0x00, 0x00, 0x00, 0xaf, 0xff, 0xf7, 0x00,
    0x0d, 0xff, 0xff, 0x40, 0x00, 0x00, 0x00, 0x5f, 0xff, 0xfc, 0x00,
    0x3f, 0xff, 0xfe, 0x00, 0x00, 0x00, 0x00, 0x1f, 0xff, 0xff, 0x10,
    0x9f, 0xff, 0xf9, 0x00, 0x00, 0x00, 0x00, 0x0c, 0xff, 0xff, 0x70,

    /* U+00C6 "Æ" */
    0x00, 0x00, 0x00, 0x00, 0x8f, 0xff, 0xff, 0xff, 0xff, 0xff, 0xff, 0xff, 0xfc, 0x00,
    0x00, 0x00, 0x00, 0x00, 0xef, 0xff, 0xff, 0xff, 0xff, 0xff, 0xff, 0xff, 0xfc, 0x00,
    0x00, 0x00, 0x00, 0x05, 0xff, 0xff, 0xff, 0xff, 0xff, 0xff, 0xff, 0xff, 0xfc, 0x00,
    0x00, 0x00, 0x00, 0x0b, 0xff, 0xff, 0xff, 0xff, 0xff, 0xff, 0xff, 0xff, 0xfc, 0x00,
    0x00, 0x00, 0x00, 0x1f, 0xff, 0xff, 0xff, 0xff, 0xff, 0xff, 0xff, 0xff, 0xfc, 0x00,
    0x00, 0x00, 0x00, 0x7f, 0xff, 0xfd, 0xff, 0xff, 0xf2, 0x00, 0x00, 0x00, 0x00, 0x00,
    0x00, 0x00, 0x00, 0xdf, 0xff, 0xf7, 0xdf, 0xff, 0xf3, 0x00, 0x00, 0x00, 0x00, 0x00,
    0x00, 0x00, 0x03, 0xff, 0xff, 0xf1, 0xcf, 0xff, 0xf5, 0x00, 0x00, 0x00, 0x00, 0x00,
    0x00, 0x00, 0x09, 0xff, 0xff, 0xa0, 0xaf, 0xff, 0xf6, 0x00, 0x00, 0x00, 0x00, 0x00,
    0x00, 0x00, 0x0f, 0xff, 0xff, 0x40, 0x9f, 0xff, 0xff, 0xff, 0xff, 0xff, 0xd0, 0x00,
    0x00, 0x00, 0x5f, 0xff, 0xfe, 0x00, 0x7f, 0xff, 0xff, 0xff, 0xff, 0xff, 0xd0, 0x00,
    0x00, 0x00, 0xcf, 0xff, 0xf8, 0x00, 0x5f, 0xff, 0xff, 0xff, 0xff, 0xff, 0xd0, 0x00,
    0x00, 0x02, 0xff, 0xff, 0xf1, 0x00, 0x4f, 0xff, 0xff, 0xff, 0xff, 0xff, 0xd0, 0x00,
    0x00, 0x08, 0xff, 0xff, 0xfc, 0xcc, 0xdf, 0xff, 0xff, 0xff, 0xff, 0xff, 0xd0, 0x00,
    0x00, 0x0e, 0xff, 0xff, 0xff, 0xff, 0xff, 0xff, 0xfe, 0x00, 0x00, 0x00, 0x00, 0x00,
    0x00, 0x4f, 0xff, 0xff, 0xff, 0xff, 0xff, 0xff, 0xff, 0x00, 0x00, 0x00, 0x00, 0x00,
    0x00, 0xaf, 0xff, 0xff, 0xff, 0xff, 0xff, 0xff, 0xff, 0x10, 0x00, 0x00, 0x00, 0x00,
    0x01, 0xff, 0xff, 0xff, 0xff, 0xff, 0xff, 0xff, 0xff, 0xff, 0xff, 0xff, 0xff, 0x70,
    0x06, 0xff, 0xff, 0xc0, 0x00, 0x00, 0x0a, 0xff, 0xff, 0xff, 0xff, 0xff, 0xff, 0x70,
    0x0c, 0xff, 0xff, 0x60, 0x00, 0x00, 0x09, 0xff, 0xff, 0xff, 0xff, 0xff, 0xff, 0x70,
    0x2f, 0xff, 0xff, 0x00, 0x00, 0x00, 0x07, 0xff, 0xff, 0xff, 0xff, 0xff, 0xff, 0x70,
    0x9f, 0xff, 0xfa, 0x00, 0x00, 0x00, 0x06, 0xff, 0xff, 0xff, 0xff, 0xff, 0xff, 0x70,

    /* U+00C7 "Ç" */
    0x00, 0x00, 0x00, 0x05, 0x9d, 0xff, 0xfe, 0xb7, 0x20, 0x00, 0x00,
    0x00, 0x00, 0x05, 0xef, 0xff, 0xff, 0xff, 0xff, 0xfa, 0x10, 0x00,
    0x00, 0x00, 0xaf, 0xff, 0xff, 0xff, 0xff, 0xff, 0xff, 0xe2, 0x00,
    0x00, 0x0b, 0xff, 0xff, 0xff, 0xff, 0xff, 0xff, 0xff, 0xfe, 0x10,
    0x00, 0x8f, 0xff, 0xff, 0xff, 0xff, 0xff, 0xff, 0xff, 0xff, 0xc0,
    0x02, 0xff, 0xff, 0xff, 0xd5, 0x10, 0x14, 0xaf, 0xff, 0xff, 0xf5,
    0x09, 0xff, 0xff, 0xfa, 0x00, 0x00, 0x00, 0x05, 0xff, 0xff, 0xf8,
    0x0e, 0xff, 0xff, 0xc0, 0x00, 0x00, 0x00, 0x00, 0x6f, 0xe7, 0x10,
    0x2f, 0xff, 0xff, 0x40, 0x00, 0x00, 0x00, 0x00, 0x03, 0x00, 0x00,
    0x5f, 0xff, 0xff, 0x00, 0x00, 0x00, 0x00, 0x00, 0x00, 0x00, 0x00,
    0x6f, 0xff, 0xfe, 0x00, 0x00, 0x00, 0x00, 0x00, 0x00, 0x00, 0x00,
    0x6f, 0xff, 0xfe, 0x00, 0x00, 0x00, 0x00, 0x00, 0x00, 0x00, 0x00,
    0x5f, 0xff, 0xff, 0x00, 0x00, 0x00, 0x00, 0x00, 0x00, 0x00, 0x00,
    0x3f, 0xff, 0xff, 0x40, 0x00, 0x00, 0x00, 0x00, 0x03, 0x00, 0x00,
    0x0f, 0xff, 0xff, 0xc0, 0x00, 0x00, 0x00, 0x00, 0x6f, 0xd7, 0x10,
    0x0a, 0xff, 0xff, 0xfa, 0x00, 0x00, 0x00, 0x05, 0xff, 0xff, 0xf8,
    0x03, 0xff, 0xff, 0xff, 0xd6, 0x10, 0x14, 0xaf, 0xff, 0xff, 0xf5,
    0x00, 0x9f, 0xff, 0xff, 0xff, 0xff, 0xff, 0xff, 0xff, 0xff, 0xc0,
    0x00, 0x0c, 0xff, 0xff, 0xff, 0xff, 0xff, 0xff, 0xff, 0xfe, 0x20,
    0x00, 0x01, 0xcf, 0xff, 0xff, 0xff, 0xff, 0xff, 0xff, 0xe3, 0x00,
    0x00, 0x00, 0x07, 0xef, 0xff, 0xff, 0xff, 0xff, 0xfa, 0x10, 0x00,
    0x00, 0x00, 0x00, 0x05, 0xae, 0xff, 0xfe, 0xb7, 0x20, 0x00, 0x00,
    0x00, 0x00, 0x00, 0x00, 0x0a, 0xff, 0xd6, 0x00, 0x00, 0x00, 0x00,
    0x00, 0x00, 0x00, 0x00, 0x0e, 0xff, 0xff, 0x70, 0x00, 0x00, 0x00,
    0x00, 0x00, 0x00, 0x00, 0x06, 0x68, 0xff, 0xe0, 0x00, 0x00, 0x00,
    0x00, 0x00, 0x00, 0x00, 0x88, 0x56, 0xff, 0xe0, 0x00, 0x00, 0x00,
    0x00, 0x00, 0x00, 0x01, 0xff, 0xff, 0xff, 0x90, 0x00, 0x00, 0x00,
    0x00, 0x00, 0x00, 0x03, 0xdf, 0xff, 0xfa, 0x00, 0x00, 0x00, 0x00,
    0x00, 0x00, 0x00, 0x00, 0x02, 0x44, 0x20, 0x00, 0x00, 0x00, 0x00,

    /* U+00C8 "È" */
    0x00, 0x00, 0x78, 0x00, 0x00, 0x00, 0x00, 0x00,
    0x00, 0x07, 0xff, 0xa0, 0x00, 0x00, 0x00, 0x00,
    0x00, 0x3f, 0xff, 0xfb, 0x00, 0x00, 0x00, 0x00,
    0x00, 0x05, 0xff, 0xff, 0xc1, 0x00, 0x00, 0x00,
    0x00, 0x00, 0x4f, 0xff, 0xfd, 0x00, 0x00, 0x00,
    0x00, 0x00, 0x03, 0xef, 0xf7, 0x00, 0x00, 0x00,
    0x00, 0x00, 0x00, 0x2e, 0x70, 0x00, 0x00, 0x00,
    0x00, 0x00, 0x00, 0x00, 0x00, 0x00, 0x00, 0x00,
    0x00, 0x00, 0x00, 0x00, 0x00, 0x00, 0x00, 0x00,
    0x6f, 0xff, 0xff, 0xff, 0xff, 0xff, 0xff, 0xb0,
    0x6f, 0xff, 0xff, 0xff, 0xff, 0xff, 0xff, 0xb0,
    0x6f, 0xff, 0xff, 0xff, 0xff, 0xff, 0xff, 0xb0,
    0x6f, 0xff, 0xff, 0xff, 0xff, 0xff, 0xff, 0xb0,
    0x6f, 0xff, 0xff, 0xee, 0xee, 0xee, 0xee, 0xa0,
    0x6f, 0xff, 0xfd, 0x00, 0x00, 0x00, 0x00, 0x00,
    0x6f, 0xff, 0xfd, 0x00, 0x00, 0x00, 0x00, 0x00,
    0x6f, 0xff, 0xfd, 0x00, 0x00, 0x00, 0x00, 0x00,
    0x6f, 0xff, 0xfd, 0x00, 0x00, 0x00, 0x00, 0x00,
    0x6f, 0xff, 0xff, 0xff, 0xff, 0xff, 0xf0, 0x00,
    0x6f, 0xff, 0xff, 0xff, 0xff, 0xff, 0xf0, 0x00,
    0x6f, 0xff, 0xff, 0xff, 0xff, 0xff, 0xf0, 0x00,
    0x6f, 0xff, 0xff, 0xff, 0xff, 0xff, 0xf0, 0x00,
    0x6f, 0xff, 0xff, 0xee, 0xee, 0xee, 0xe0, 0x00,
    0x6f, 0xff, 0xfd, 0x00, 0x00, 0x00, 0x00, 0x00,
    0x6f, 0xff, 0xfd, 0x00, 0x00, 0x00, 0x00, 0x00,
    0x6f, 0xff, 0xfd, 0x00, 0x00, 0x00, 0x00, 0x00,
    0x6f, 0xff, 0xff, 0xff, 0xff, 0xff, 0xff, 0xa0,
    0x6f, 0xff, 0xff, 0xff, 0xff, 0xff, 0xff, 0xb0,
    0x6f, 0xff, 0xff, 0xff, 0xff, 0xff, 0xff, 0xb0,
    0x6f, 0xff, 0xff, 0xff, 0xff, 0xff, 0xff, 0xb0,
    0x6f, 0xff, 0xff, 0xff, 0xff, 0xff, 0xff, 0xb0,

    /* U+00C9 "É" */
    0x00, 0x00, 0x00, 0x00, 0x04, 0xb0, 0x00, 0x00,
    0x00, 0x00, 0x00, 0x00, 0x5f, 0xfc, 0x00, 0x00,
    0x00, 0x00, 0x00, 0x07, 0xff, 0xff, 0x70, 0x00,
    0x00, 0x00, 0x00, 0x8f, 0xff, 0xf9, 0x00, 0x00,
    0x00, 0x00, 0x08, 0xff, 0xff, 0x80, 0x00, 0x00,
    0x00, 0x00, 0x03, 0xff, 0xf7, 0x00, 0x00, 0x00,
    0x00, 0x00, 0x00, 0x3e, 0x50, 0x00, 0x00, 0x00,
    0x00, 0x00, 0x00, 0x00, 0x00, 0x00, 0x00, 0x00,
    0x00, 0x00, 0x00, 0x00, 0x00, 0x00, 0x00, 0x00,
    0x6f, 0xff, 0xff, 0xff, 0xff, 0xff, 0xff, 0xb0,
    0x6f, 0xff, 0xff, 0xff, 0xff, 0xff, 0xff, 0xb0,
    0x6f, 0xff, 0xff, 0xff, 0xff, 0xff, 0xff, 0xb0,
    0x6f, 0xff, 0xff, 0xff, 0xff, 0xff, 0xff, 0xb0,
    0x6f, 0xff, 0xff, 0xee, 0xee, 0xee, 0xee, 0xa0,
    0x6f, 0xff, 0xfd, 0x00, 0x00, 0x00, 0x00, 0x00,
    0x6f, 0xff, 0xfd, 0x00, 0x00, 0x00, 0x00, 0x00,
    0x6f, 0xff, 0xfd, 0x00, 0x00, 0x00, 0x00, 0x00,
    0x6f, 0xff, 0xfd, 0x00, 0x00, 0x00, 0x00, 0x00,
    0x6f, 0xff, 0xff, 0xff, 0xff, 0xff, 0xf0, 0x00,
    0x6f, 0xff, 0xff, 0xff, 0xff, 0xff, 0xf0, 0x00,
    0x6f, 0xff, 0xff, 0xff, 0xff, 0xff, 0xf0, 0x00,
    0x6f, 0xff, 0xff, 0xff, 0xff, 0xff, 0xf0, 0x00,
    0x6f, 0xff, 0xff, 0xee, 0xee, 0xee, 0xe0, 0x00,
    0x6f, 0xff, 0xfd, 0x00, 0x00, 0x00, 0x00, 0x00,
    0x6f, 0xff, 0xfd, 0x00, 0x00, 0x00, 0x00, 0x00,
    0x6f, 0xff, 0xfd, 0x00, 0x00, 0x00, 0x00, 0x00,
    0x6f, 0xff, 0xff, 0xff, 0xff, 0xff, 0xff, 0xa0,
    0x6f, 0xff, 0xff, 0xff, 0xff, 0xff, 0xff, 0xb0,
    0x6f, 0xff, 0xff, 0xff, 0xff, 0xff, 0xff, 0xb0,
    0x6f, 0xff, 0xff, 0xff, 0xff, 0xff, 0xff, 0xb0,
    0x6f, 0xff, 0xff, 0xff, 0xff, 0xff, 0xff, 0xb0,

    /* U+00CA "Ê" */
    0x00, 0x00, 0x00, 0x05, 0x00, 0x00, 0x00, 0x00,
    0x00, 0x00, 0x00, 0x8f, 0xc1, 0x00, 0x00, 0x00,
    0x00, 0x00, 0x0a, 0xff, 0xfe, 0x20, 0x00, 0x00,
    0x00, 0x01, 0xcf, 0xff, 0xff, 0xe3, 0x00, 0x00,
    0x00, 0x2d, 0xff, 0xff, 0xff, 0xff, 0x50, 0x00,
    0x00, 0x0b, 0xff, 0xd2, 0x9f, 0xfe, 0x30, 0x00,
    0x00, 0x00, 0xac, 0x10, 0x07, 0xd2, 0x00, 0x00,
    0x00, 0x00, 0x00, 0x00, 0x00, 0x00, 0x00, 0x00,
    0x00, 0x00, 0x00, 0x00, 0x00, 0x00, 0x00, 0x00,
    0x6f, 0xff, 0xff, 0xff, 0xff, 0xff, 0xff, 0xb0,
    0x6f, 0xff, 0xff, 0xff, 0xff, 0xff, 0xff, 0xb0,
    0x6f, 0xff, 0xff, 0xff, 0xff, 0xff, 0xff, 0xb0,
    0x6f, 0xff, 0xff, 0xff, 0xff, 0xff, 0xff, 0xb0,
    0x6f, 0xff, 0xff, 0xee, 0xee, 0xee, 0xee, 0xa0,
    0x6f, 0xff, 0xfd, 0x00, 0x00, 0x00, 0x00, 0x00,
    0x6f, 0xff, 0xfd, 0x00, 0x00, 0x00, 0x00, 0x00,
    0x6f, 0xff, 0xfd, 0x00, 0x00, 0x00, 0x00, 0x00,
    0x6f, 0xff, 0xfd, 0x00, 0x00, 0x00, 0x00, 0x00,
    0x6f, 0xff, 0xff, 0xff, 0xff, 0xff, 0xf0, 0x00,
    0x6f, 0xff, 0xff, 0xff, 0xff, 0xff, 0xf0, 0x00,
    0x6f, 0xff, 0xff, 0xff, 0xff, 0xff, 0xf0, 0x00,
    0x6f, 0xff, 0xff, 0xff, 0xff, 0xff, 0xf0, 0x00,
    0x6f, 0xff, 0xff, 0xee, 0xee, 0xee, 0xe0, 0x00,
    0x6f, 0xff, 0xfd, 0x00, 0x00, 0x00, 0x00, 0x00,
    0x6f, 0xff, 0xfd, 0x00, 0x00, 0x00, 0x00, 0x00,
    0x6f, 0xff, 0xfd, 0x00, 0x00, 0x00, 0x00, 0x00,
    0x6f, 0xff, 0xff, 0xff, 0xff, 0xff, 0xff, 0xa0,
    0x6f, 0xff, 0xff, 0xff, 0xff, 0xff, 0xff, 0xb0,
    0x6f, 0xff, 0xff, 0xff, 0xff, 0xff, 0xff, 0xb0,
    0x6f, 0xff, 0xff, 0xff, 0xff, 0xff, 0xff, 0xb0,
    0x6f, 0xff, 0xff, 0xff, 0xff, 0xff, 0xff, 0xb0,

    /* U+00CB "Ë" */
    0x00, 0x3d, 0xfb, 0x20, 0x09, 0xfe, 0x70, 0x00,
    0x01, 0xef, 0xff, 0xc0, 0x7f, 0xff, 0xf5, 0x00,
    0x04, 0xff, 0xff, 0xf1, 0xbf, 0xff, 0xfa, 0x00,
    0x02, 0xff, 0xff, 0xf0, 0x9f, 0xff, 0xf8, 0x00,
    0x00, 0x9f, 0xff, 0x60, 0x2e, 0xff, 0xe1, 0x00,
    0x00, 0x04, 0x63, 0x00, 0x01, 0x65, 0x00, 0x00,
    0x00, 0x00, 0x00, 0x00, 0x00, 0x00, 0x00, 0x00,
    0x6f, 0xff, 0xff, 0xff, 0xff, 0xff, 0xff, 0xb0,
    0x6f, 0xff, 0xff, 0xff, 0xff, 0xff, 0xff, 0xb0,
    0x6f, 0xff, 0xff, 0xff, 0xff, 0xff, 0xff, 0xb0,
    0x6f, 0xff, 0xff, 0xff, 0xff, 0xff, 0xff, 0xb0,
    0x6f, 0xff, 0xff, 0xee, 0xee, 0xee, 0xee, 0xa0,
    0x6f, 0xff, 0xfd, 0x00, 0x00, 0x00, 0x00, 0x00,
    0x6f, 0xff, 0xfd, 0x00, 0x00, 0x00, 0x00, 0x00,
    0x6f, 0xff, 0xfd, 0x00, 0x00, 0x00, 0x00, 0x00,
    0x6f, 0xff, 0xfd, 0x00, 0x00, 0x00, 0x00, 0x00,
    0x6f, 0xff, 0xff, 0xff, 0xff, 0xff, 0xf0, 0x00,
    0x6f, 0xff, 0xff, 0xff, 0xff, 0xff, 0xf0, 0x00,
    0x6f, 0xff, 0xff, 0xff, 0xff, 0xff, 0xf0, 0x00,
    0x6f, 0xff, 0xff, 0xff, 0xff, 0xff, 0xf0, 0x00,
    0x6f, 0xff, 0xff, 0xee, 0xee, 0xee, 0xe0, 0x00,
    0x6f, 0xff, 0xfd, 0x00, 0x00, 0x00, 0x00, 0x00,
    0x6f, 0xff, 0xfd, 0x00, 0x00, 0x00, 0x00, 0x00,
    0x6f, 0xff, 0xfd, 0x00, 0x00, 0x00, 0x00, 0x00,
    0x6f, 0xff, 0xff, 0xff, 0xff, 0xff, 0xff, 0xa0,
    0x6f, 0xff, 0xff, 0xff, 0xff, 0xff, 0xff, 0xb0,
    0x6f, 0xff, 0xff, 0xff, 0xff, 0xff, 0xff, 0xb0,
    0x6f, 0xff, 0xff, 0xff, 0xff, 0xff, 0xff, 0xb0,
    0x6f, 0xff, 0xff, 0xff, 0xff, 0xff, 0xff, 0xb0,

    /* U+00CC "Ì" */
    0x01, 0xc3, 0x00, 0x00,
    0x1d, 0xff, 0x40, 0x00,
    0x9f, 0xff, 0xf5, 0x00,
    0x0a, 0xff, 0xff, 0x60,
    0x00, 0x9f, 0xff, 0xf7,
    0x00, 0x08, 0xff, 0xe2,
    0x00, 0x00, 0x7e, 0x20,
    0x00, 0x00, 0x00, 0x00,
    0x00, 0x00, 0x00, 0x00,
    0x00, 0x6f, 0xff, 0xfd,
    0x00, 0x6f, 0xff, 0xfd,
    0x00, 0x6f, 0xff, 0xfd,
    0x00, 0x6f, 0xff, 0xfd,
    0x00, 0x6f, 0xff, 0xfd,
    0x00, 0x6f, 0xff, 0xfd,
    0x00, 0x6f, 0xff, 0xfd,
    0x00, 0x6f, 0xff, 0xfd,
    0x00, 0x6f, 0xff, 0xfd,
    0x00, 0x6f, 0xff, 0xfd,
    0x00, 0x6f, 0xff, 0xfd,
    0x00, 0x6f, 0xff, 0xfd,
    0x00, 0x6f, 0xff, 0xfd,
    0x00, 0x6f, 0xff, 0xfd,
    0x00, 0x6f, 0xff, 0xfd,
    0x00, 0x6f, 0xff, 0xfd,
    0x00, 0x6f, 0xff, 0xfd,
    0x00, 0x6f, 0xff, 0xfd,
    0x00, 0x6f, 0xff, 0xfd,
    0x00, 0x6f, 0xff, 0xfd,
    0x00, 0x6f, 0xff, 0xfd,
    0x00, 0x6f, 0xff, 0xfd,

    /* U+00CD "Í" */
    0x00, 0x00, 0x0a, 0x60, 0x00,
    0x00, 0x00, 0xbf, 0xf6, 0x00,
    0x00, 0x1c, 0xff, 0xff, 0x10,
    0x01, 0xdf, 0xff, 0xf4, 0x00,
    0x1e, 0xff, 0xfe, 0x30, 0x00,
    0x08, 0xff, 0xd2, 0x00, 0x00,
    0x00, 0x9d, 0x10, 0x00, 0x00,
    0x00, 0x00, 0x00, 0x00, 0x00,
    0x00, 0x00, 0x00, 0x00, 0x00,
    0x6f, 0xff, 0xfd, 0x00, 0x00,
    0x6f, 0xff, 0xfd, 0x00, 0x00,
    0x6f, 0xff, 0xfd, 0x00, 0x00,
    0x6f, 0xff, 0xfd, 0x00, 0x00,
    0x6f, 0xff, 0xfd, 0x00, 0x00,
    0x6f, 0xff, 0xfd, 0x00, 0x00,
    0x6f, 0xff, 0xfd, 0x00, 0x00,
    0x6f, 0xff, 0xfd, 0x00, 0x00,
    0x6f, 0xff, 0xfd, 0x00, 0x00,
    0x6f, 0xff, 0xfd, 0x00, 0x00,
    0x6f, 0xff, 0xfd, 0x00, 0x00,
    0x6f, 0xff, 0xfd, 0x00, 0x00,
    0x6f, 0xff, 0xfd, 0x00, 0x00,
    0x6f, 0xff, 0xfd, 0x00, 0x00,
    0x6f, 0xff, 0xfd, 0x00, 0x00,
    0x6f, 0xff, 0xfd, 0x00, 0x00,
    0x6f, 0xff, 0xfd, 0x00, 0x00,
    0x6f, 0xff, 0xfd, 0x00, 0x00,
    0x6f, 0xff, 0xfd, 0x00, 0x00,
    0x6f, 0xff, 0xfd, 0x00, 0x00,
    0x6f, 0xff, 0xfd, 0x00, 0x00,
    0x6f, 0xff, 0xfd, 0x00, 0x00,

    /* U+00CE "Î" */
    0x00, 0x00, 0x02, 0x00, 0x00,
    0x00, 0x00, 0xae, 0x30, 0x00,
    0x00, 0x0a, 0xff, 0xe3, 0x00,
    0x00, 0xaf, 0xff, 0xfe, 0x30,
    0x0a, 0xff, 0xff, 0xff, 0xe3,
    0x1e, 0xff, 0xe8, 0xff, 0xf6,
    0x01, 0xde, 0x20, 0x7f, 0x40,
    0x00, 0x03, 0x00, 0x01, 0x00,
    0x00, 0x00, 0x00, 0x00, 0x00,
    0x00, 0x6f, 0xff, 0xfd, 0x00,
    0x00, 0x6f, 0xff, 0xfd, 0x00,
    0x00, 0x6f, 0xff, 0xfd, 0x00,
    0x00, 0x6f, 0xff, 0xfd, 0x00,
    0x00, 0x6f, 0xff, 0xfd, 0x00,
    0x00, 0x6f, 0xff, 0xfd, 0x00,
    0x00, 0x6f, 0xff, 0xfd, 0x00,
    0x00, 0x6f, 0xff, 0xfd, 0x00,
    0x00, 0x6f, 0xff, 0xfd, 0x00,
    0x00, 0x6f, 0xff, 0xfd, 0x00,
    0x00, 0x6f, 0xff, 0xfd, 0x00,
    0x00, 0x6f, 0xff, 0xfd, 0x00,
    0x00, 0x6f, 0xff, 0xfd, 0x00,
    0x00, 0x6f, 0xff, 0xfd, 0x00,
    0x00, 0x6f, 0xff, 0xfd, 0x00,
    0x00, 0x6f, 0xff, 0xfd, 0x00,
    0x00, 0x6f, 0xff, 0xfd, 0x00,
    0x00, 0x6f, 0xff, 0xfd, 0x00,
    0x00, 0x6f, 0xff, 0xfd, 0x00,
    0x00, 0x6f, 0xff, 0xfd, 0x00,
    0x00, 0x6f, 0xff, 0xfd, 0x00,
    0x00, 0x6f, 0xff, 0xfd, 0x00,

    /* U+00CF "Ï" */
    0x05, 0xef, 0xb1, 0x06, 0xef, 0xb1,
    0x2f, 0xff, 0xfb, 0x2f, 0xff, 0xfb,
    0x6f, 0xff, 0xff, 0x6f, 0xff, 0xff,
    0x5f, 0xff, 0xfe, 0x5f, 0xff, 0xfd,
    0x0c, 0xff, 0xf5, 0x0c, 0xff, 0xf5,
    0x00, 0x56, 0x20, 0x00, 0x56, 0x20,
    0x00, 0x00, 0x00, 0x00, 0x00, 0x00,
    0x00, 0x06, 0xff, 0xff, 0xd0, 0x00,
    0x00, 0x06, 0xff, 0xff, 0xd0, 0x00,
    0x00, 0x06, 0xff, 0xff, 0xd0, 0x00,
    0x00, 0x06, 0xff, 0xff, 0xd0, 0x00,
    0x00, 0x06, 0xff, 0xff, 0xd0, 0x00,
    0x00, 0x06, 0xff, 0xff, 0xd0, 0x00,
    0x00, 0x06, 0xff, 0xff, 0xd0, 0x00,
    0x00, 0x06, 0xff, 0xff, 0xd0, 0x00,
    0x00, 0x06, 0xff, 0xff, 0xd0, 0x00,
    0x00, 0x06, 0xff, 0xff, 0xd0, 0x00,
    0x00, 0x06, 0xff, 0xff, 0xd0, 0x00,
    0x00, 0x06, 0xff, 0xff, 0xd0, 0x00,
    0x00, 0x06, 0xff, 0xff, 0xd0, 0x00,
    0x00, 0x06, 0xff, 0xff, 0xd0, 0x00,
    0x00, 0x06, 0xff, 0xff, 0xd0, 0x00,
    0x00, 0x06, 0xff, 0xff, 0xd0, 0x00,
    0x00, 0x06, 0xff, 0xff, 0xd0, 0x00,
    0x00, 0x06, 0xff, 0xff, 0xd0, 0x00,
    0x00, 0x06, 0xff, 0xff, 0xd0, 0x00,
    0x00, 0x06, 0xff, 0xff, 0xd0, 0x00,
    0x00, 0x06, 0xff, 0xff, 0xd0, 0x00,
    0x00, 0x06, 0xff, 0xff, 0xd0, 0x00,

    /* U+00D0 "Ð" */
    0x00, 0x7f, 0xff, 0xff, 0xff, 0xff, 0xda, 0x61, 0x00, 0x00, 0x00,
    0x00, 0x7f, 0xff, 0xff, 0xff, 0xff, 0xff, 0xff, 0x80, 0x00, 0x00,
    0x00, 0x7f, 0xff, 0xff, 0xff, 0xff, 0xff, 0xff, 0xfd, 0x10, 0x00,
    0x00, 0x7f, 0xff, 0xff, 0xff, 0xff, 0xff, 0xff, 0xff, 0xd1, 0x00,
    0x00, 0x7f, 0xff, 0xff, 0xff, 0xff, 0xff, 0xff, 0xff, 0xfa, 0x00,
    0x00, 0x7f, 0xff, 0xfc, 0x00, 0x02, 0x6c, 0xff, 0xff, 0xff, 0x30,
    0x00, 0x7f, 0xff, 0xfc, 0x00, 0x00, 0x00, 0x9f, 0xff, 0xff, 0x90,
    0x00, 0x7f, 0xff, 0xfc, 0x00, 0x00, 0x00, 0x0c, 0xff, 0xff, 0xe0,
    0x00, 0x7f, 0xff, 0xfc, 0x00, 0x00, 0x00, 0x06, 0xff, 0xff, 0xf1,
    0x9f, 0xff, 0xff, 0xff, 0xff, 0xf5, 0x00, 0x02, 0xff, 0xff, 0xf3,
    0x9f, 0xff, 0xff, 0xff, 0xff, 0xf5, 0x00, 0x00, 0xff, 0xff, 0xf4,
    0x9f, 0xff, 0xff, 0xff, 0xff, 0xf5, 0x00, 0x00, 0xff, 0xff, 0xf4,
    0x9f, 0xff, 0xff, 0xff, 0xff, 0xf5, 0x00, 0x02, 0xff, 0xff, 0xf3,
    0x6b, 0xdf, 0xff, 0xfe, 0xbb, 0xb3, 0x00, 0x06, 0xff, 0xff, 0xf1,
    0x00, 0x7f, 0xff, 0xfc, 0x00, 0x00, 0x00, 0x0c, 0xff, 0xff, 0xe0,
    0x00, 0x7f, 0xff, 0xfc, 0x00, 0x00, 0x00, 0x9f, 0xff, 0xff, 0x90,
    0x00, 0x7f, 0xff, 0xfc, 0x00, 0x02, 0x5c, 0xff, 0xff, 0xff, 0x30,
    0x00, 0x7f, 0xff, 0xff, 0xff, 0xff, 0xff, 0xff, 0xff, 0xfa, 0x00,
    0x00, 0x7f, 0xff, 0xff, 0xff, 0xff, 0xff, 0xff, 0xff, 0xd1, 0x00,
    0x00, 0x7f, 0xff, 0xff, 0xff, 0xff, 0xff, 0xff, 0xfd, 0x10, 0x00,
    0x00, 0x7f, 0xff, 0xff, 0xff, 0xff, 0xff, 0xff, 0x80, 0x00, 0x00,
    0x00, 0x7f, 0xff, 0xff, 0xff, 0xff, 0xda, 0x61, 0x00, 0x00, 0x00,

    /* U+00D1 "Ñ" */
    0x00, 0x00, 0x01, 0x9e, 0xfc, 0x60, 0x2c, 0x82, 0x00, 0x00,
    0x00, 0x00, 0x0c, 0xff, 0xff, 0xff, 0xff, 0xff, 0x50, 0x00,
    0x00, 0x00, 0x8f, 0xff, 0xff, 0xff, 0xff, 0xfe, 0x10, 0x00,
    0x00, 0x00, 0x9f, 0xff, 0xef, 0xff, 0xff, 0xf4, 0x00, 0x00,
    0x00, 0x00, 0x01, 0x86, 0x00, 0x7c, 0xda, 0x30, 0x00, 0x00,
    0x00, 0x00, 0x00, 0x00, 0x00, 0x00, 0x00, 0x00, 0x00, 0x00,
    0x00, 0x00, 0x00, 0x00, 0x00, 0x00, 0x00, 0x00, 0x00, 0x00,
    0x6f, 0xff, 0xfc, 0x00, 0x00, 0x00, 0x00, 0x8f, 0xff, 0xfa,
    0x6f, 0xff, 0xff, 0x80, 0x00, 0x00, 0x00, 0x8f, 0xff, 0xfa,
    0x6f, 0xff, 0xff, 0xf3, 0x00, 0x00, 0x00, 0x8f, 0xff, 0xfa,
    0x6f, 0xff, 0xff, 0xfe, 0x00, 0x00, 0x00, 0x8f, 0xff, 0xfa,
    0x6f, 0xff, 0xff, 0xff, 0xa0, 0x00, 0x00, 0x8f, 0xff, 0xfa,
    0x6f, 0xff, 0xff, 0xff, 0xf5, 0x00, 0x00, 0x8f, 0xff, 0xfa,
    0x6f, 0xff, 0xff, 0xff, 0xff, 0x20, 0x00, 0x8f, 0xff, 0xfa,
    0x6f, 0xff, 0xff, 0xff, 0xff, 0xc0, 0x00, 0x8f, 0xff, 0xfa,
    0x6f, 0xff, 0xff, 0xff, 0xff, 0xf8, 0x00, 0x8f, 0xff, 0xfa,
    0x6f, 0xff, 0xfe, 0xff, 0xff, 0xff, 0x30, 0x8f, 0xff, 0xfa,
    0x6f, 0xff, 0xfd, 0x5f, 0xff, 0xff, 0xe0, 0x8f, 0xff, 0xfa,
    0x6f, 0xff, 0xfd, 0x0a, 0xff, 0xff, 0xfa, 0x8f, 0xff, 0xfa,
    0x6f, 0xff, 0xfd, 0x00, 0xdf, 0xff, 0xff, 0xdf, 0xff, 0xfa,
    0x6f, 0xff, 0xfd, 0x00, 0x3f, 0xff, 0xff, 0xff, 0xff, 0xfa,
    0x6f, 0xff, 0xfd, 0x00, 0x07, 0xff, 0xff, 0xff, 0xff, 0xfa,
    0x6f, 0xff, 0xfd, 0x00, 0x00, 0xcf, 0xff, 0xff, 0xff, 0xfa,
    0x6f, 0xff, 0xfd, 0x00, 0x00, 0x1e, 0xff, 0xff, 0xff, 0xfa,
    0x6f, 0xff, 0xfd, 0x00, 0x00, 0x05, 0xff, 0xff, 0xff, 0xfa,
    0x6f, 0xff, 0xfd, 0x00, 0x00, 0x00, 0x9f, 0xff, 0xff, 0xfa,
    0x6f, 0xff, 0xfd, 0x00, 0x00, 0x00, 0x0d, 0xff, 0xff, 0xfa,
    0x6f, 0xff, 0xfd, 0x00, 0x00, 0x00, 0x03, 0xff, 0xff, 0xfa,
    0x6f, 0xff, 0xfd, 0x00, 0x00, 0x00, 0x00, 0x7f, 0xff, 0xfa,

    /* U+00D2 "Ò" */
    0x00, 0x00, 0x00, 0x00, 0x23, 0x00, 0x00, 0x00, 0x00, 0x00, 0x00, 0x00,
    0x00, 0x00, 0x00, 0x02, 0xef, 0x50, 0x00, 0x00, 0x00, 0x00, 0x00, 0x00,
    0x00, 0x00, 0x00, 0x1e, 0xff, 0xf6, 0x00, 0x00, 0x00, 0x00, 0x00, 0x00,
    0x00, 0x00, 0x00, 0x0a, 0xff, 0xff, 0x70, 0x00, 0x00, 0x00, 0x00, 0x00,
    0x00, 0x00, 0x00, 0x00, 0x9f, 0xff, 0xf8, 0x00, 0x00, 0x00, 0x00, 0x00,
    0x00, 0x00, 0x00, 0x00, 0x07, 0xff, 0xfd, 0x10, 0x00, 0x00, 0x00, 0x00,
    0x00, 0x00, 0x00, 0x00, 0x00, 0x6f, 0xd1, 0x00, 0x00, 0x00, 0x00, 0x00,
    0x00, 0x00, 0x00, 0x00, 0x00, 0x04, 0x10, 0x00, 0x00, 0x00, 0x00, 0x00,
    0x00, 0x00, 0x00, 0x00, 0x00, 0x00, 0x00, 0x00, 0x00, 0x00, 0x00, 0x00,
    0x00, 0x00, 0x00, 0x04, 0x9c, 0xef, 0xfe, 0xb7, 0x10, 0x00, 0x00, 0x00,
    0x00, 0x00, 0x05, 0xdf, 0xff, 0xff, 0xff, 0xff, 0xf9, 0x10, 0x00, 0x00,
    0x00, 0x00, 0x9f, 0xff, 0xff, 0xff, 0xff, 0xff, 0xff, 0xe3, 0x00, 0x00,
    0x00, 0x0b, 0xff, 0xff, 0xff, 0xff, 0xff, 0xff, 0xff, 0xff, 0x30, 0x00,
    0x00, 0x7f, 0xff, 0xff, 0xff, 0xff, 0xff, 0xff, 0xff, 0xff, 0xe1, 0x00,
    0x02, 0xff, 0xff, 0xff, 0xe7, 0x31, 0x25, 0xaf, 0xff, 0xff, 0xf9, 0x00,
    0x09, 0xff, 0xff, 0xfb, 0x00, 0x00, 0x00, 0x04, 0xff, 0xff, 0xff, 0x10,
    0x0e, 0xff, 0xff, 0xd0, 0x00, 0x00, 0x00, 0x00, 0x5f, 0xff, 0xff, 0x70,
    0x2f, 0xff, 0xff, 0x50, 0x00, 0x00, 0x00, 0x00, 0x0c, 0xff, 0xff, 0xb0,
    0x5f, 0xff, 0xff, 0x00, 0x00, 0x00, 0x00, 0x00, 0x08, 0xff, 0xff, 0xd0,
    0x6f, 0xff, 0xfe, 0x00, 0x00, 0x00, 0x00, 0x00, 0x05, 0xff, 0xff, 0xe0,
    0x6f, 0xff, 0xfe, 0x00, 0x00, 0x00, 0x00, 0x00, 0x05, 0xff, 0xff, 0xe0,
    0x5f, 0xff, 0xff, 0x00, 0x00, 0x00, 0x00, 0x00, 0x08, 0xff, 0xff, 0xd0,
    0x2f, 0xff, 0xff, 0x40, 0x00, 0x00, 0x00, 0x00, 0x0c, 0xff, 0xff, 0xb0,
    0x0e, 0xff, 0xff, 0xc0, 0x00, 0x00, 0x00, 0x00, 0x5f, 0xff, 0xff, 0x70,
    0x09, 0xff, 0xff, 0xfa, 0x00, 0x00, 0x00, 0x04, 0xff, 0xff, 0xff, 0x10,
    0x02, 0xff, 0xff, 0xff, 0xe7, 0x31, 0x24, 0xaf, 0xff, 0xff, 0xfa, 0x00,
    0x00, 0x8f, 0xff, 0xff, 0xff, 0xff, 0xff, 0xff, 0xff, 0xff, 0xe1, 0x00,
    0x00, 0x0b, 0xff, 0xff, 0xff, 0xff, 0xff, 0xff, 0xff, 0xff, 0x40, 0x00,
    0x00, 0x00, 0xaf, 0xff, 0xff, 0xff, 0xff, 0xff, 0xff, 0xe4, 0x00, 0x00,
    0x00, 0x00, 0x05, 0xef, 0xff, 0xff, 0xff, 0xff, 0xfa, 0x10, 0x00, 0x00,
    0x00, 0x00, 0x00, 0x04, 0x9c, 0xff, 0xfe, 0xb7, 0x20, 0x00, 0x00, 0x00,

    /* U+00D3 "Ó" */
    0x00, 0x00, 0x00, 0x00, 0x00, 0x00, 0x00, 0x50, 0x00, 0x00, 0x00, 0x00,
    0x00, 0x00, 0x00, 0x00, 0x00, 0x00, 0x1c, 0xf7, 0x00, 0x00, 0x00, 0x00,
    0x00, 0x00, 0x00, 0x00, 0x00, 0x01, 0xdf, 0xff, 0x70, 0x00, 0x00, 0x00,
    0x00, 0x00, 0x00, 0x00, 0x00, 0x2d, 0xff, 0xfe, 0x30, 0x00, 0x00, 0x00,
    0x00, 0x00, 0x00, 0x00, 0x03, 0xef, 0xff, 0xe2, 0x00, 0x00, 0x00, 0x00,
    0x00, 0x00, 0x00, 0x00, 0x07, 0xff, 0xfd, 0x10, 0x00, 0x00, 0x00, 0x00,
    0x00, 0x00, 0x00, 0x00, 0x00, 0x7f, 0xc1, 0x00, 0x00, 0x00, 0x00, 0x00,
    0x00, 0x00, 0x00, 0x00, 0x00, 0x05, 0x00, 0x00, 0x00, 0x00, 0x00, 0x00,
    0x00, 0x00, 0x00, 0x00, 0x00, 0x00, 0x00, 0x00, 0x00, 0x00, 0x00, 0x00,
    0x00, 0x00, 0x00, 0x04, 0x9c, 0xef, 0xfe, 0xb7, 0x10, 0x00, 0x00, 0x00,
    0x00, 0x00, 0x05, 0xdf, 0xff, 0xff, 0xff, 0xff, 0xf9, 0x10, 0x00, 0x00,
    0x00, 0x00, 0x9f, 0xff, 0xff, 0xff, 0xff, 0xff, 0xff, 0xe3, 0x00, 0x00,
    0x00, 0x0b, 0xff, 0xff, 0xff, 0xff, 0xff, 0xff, 0xff, 0xff, 0x30, 0x00,
    0x00, 0x7f, 0xff, 0xff, 0xff, 0xff, 0xff, 0xff, 0xff, 0xff, 0xe1, 0x00,
    0x02, 0xff, 0xff, 0xff, 0xe7, 0x31, 0x25, 0xaf, 0xff, 0xff, 0xf9, 0x00,
    0x09, 0xff, 0xff, 0xfb, 0x00, 0x00, 0x00, 0x04, 0xff, 0xff, 0xff, 0x10,
    0x0e, 0xff, 0xff, 0xd0, 0x00, 0x00, 0x00, 0x00, 0x5f, 0xff, 0xff, 0x70,
    0x2f, 0xff, 0xff, 0x50, 0x00, 0x00, 0x00, 0x00, 0x0c, 0xff, 0xff, 0xb0,
    0x5f, 0xff, 0xff, 0x00, 0x00, 0x00, 0x00, 0x00, 0x08, 0xff, 0xff, 0xd0,
    0x6f, 0xff, 0xfe, 0x00, 0x00, 0x00, 0x00, 0x00, 0x05, 0xff, 0xff, 0xe0,
    0x6f, 0xff, 0xfe, 0x00, 0x00, 0x00, 0x00, 0x00, 0x05, 0xff, 0xff, 0xe0,
    0x5f, 0xff, 0xff, 0x00, 0x00, 0x00, 0x00, 0x00, 0x08, 0xff, 0xff, 0xd0,
    0x2f, 0xff, 0xff, 0x40, 0x00, 0x00, 0x00, 0x00, 0x0c, 0xff, 0xff, 0xb0,
    0x0e, 0xff, 0xff, 0xc0, 0x00, 0x00, 0x00, 0x00, 0x5f, 0xff, 0xff, 0x70,
    0x09, 0xff, 0xff, 0xfa, 0x00, 0x00, 0x00, 0x04, 0xff, 0xff, 0xff, 0x10,
    0x02, 0xff, 0xff, 0xff, 0xe7, 0x31, 0x24, 0xaf, 0xff, 0xff, 0xfa, 0x00,
    0x00, 0x8f, 0xff, 0xff, 0xff, 0xff, 0xff, 0xff, 0xff, 0xff, 0xe1, 0x00,
    0x00, 0x0b, 0xff, 0xff, 0xff, 0xff, 0xff, 0xff, 0xff, 0xff, 0x40, 0x00,
    0x00, 0x00, 0xaf, 0xff, 0xff, 0xff, 0xff, 0xff, 0xff, 0xe4, 0x00, 0x00,
    0x00, 0x00, 0x05, 0xef, 0xff, 0xff, 0xff, 0xff, 0xfa, 0x10, 0x00, 0x00,
    0x00, 0x00, 0x00, 0x04, 0x9c, 0xff, 0xfe, 0xb7, 0x20, 0x00, 0x00, 0x00,

    /* U+00D4 "Ô" */
    0x00, 0x00, 0x00, 0x00, 0x00, 0x04, 0x00, 0x00, 0x00, 0x00, 0x00, 0x00,
    0x00, 0x00, 0x00, 0x00, 0x00, 0x7f, 0xc1, 0x00, 0x00, 0x00, 0x00, 0x00,
    0x00, 0x00, 0x00, 0x00, 0x09, 0xff, 0xfe, 0x20, 0x00, 0x00, 0x00, 0x00,
    0x00, 0x00, 0x00, 0x00, 0xbf, 0xff, 0xff, 0xe3, 0x00, 0x00, 0x00, 0x00,
    0x00, 0x00, 0x00, 0x1c, 0xff, 0xff, 0xff, 0xff, 0x40, 0x00, 0x00, 0x00,
    0x00, 0x00, 0x00, 0x1c, 0xff, 0xe3, 0xaf, 0xff, 0x40, 0x00, 0x00, 0x00,
    0x00, 0x00, 0x00, 0x00, 0xbd, 0x10, 0x0a, 0xf4, 0x00, 0x00, 0x00, 0x00,
    0x00, 0x00, 0x00, 0x00, 0x01, 0x00, 0x00, 0x20, 0x00, 0x00, 0x00, 0x00,
    0x00, 0x00, 0x00, 0x00, 0x00, 0x00, 0x00, 0x00, 0x00, 0x00, 0x00, 0x00,
    0x00, 0x00, 0x00, 0x04, 0x9c, 0xef, 0xfe, 0xb7, 0x10, 0x00, 0x00, 0x00,
    0x00, 0x00, 0x05, 0xdf, 0xff, 0xff, 0xff, 0xff, 0xf9, 0x10, 0x00, 0x00,
    0x00, 0x00, 0x9f, 0xff, 0xff, 0xff, 0xff, 0xff, 0xff, 0xe3, 0x00, 0x00,
    0x00, 0x0b, 0xff, 0xff, 0xff, 0xff, 0xff, 0xff, 0xff, 0xff, 0x30, 0x00,
    0x00, 0x7f, 0xff, 0xff, 0xff, 0xff, 0xff, 0xff, 0xff, 0xff, 0xe1, 0x00,
    0x02, 0xff, 0xff, 0xff, 0xe7, 0x31, 0x25, 0xaf, 0xff, 0xff, 0xf9, 0x00,
    0x09, 0xff, 0xff, 0xfb, 0x00, 0x00, 0x00, 0x04, 0xff, 0xff, 0xff, 0x10,
    0x0e, 0xff, 0xff, 0xd0, 0x00, 0x00, 0x00, 0x00, 0x5f, 0xff, 0xff, 0x70,
    0x2f, 0xff, 0xff, 0x50, 0x00, 0x00, 0x00, 0x00, 0x0c, 0xff, 0xff, 0xb0,
    0x5f, 0xff, 0xff, 0x00, 0x00, 0x00, 0x00, 0x00, 0x08, 0xff, 0xff, 0xd0,
    0x6f, 0xff, 0xfe, 0x00, 0x00, 0x00, 0x00, 0x00, 0x05, 0xff, 0xff, 0xe0,
    0x6f, 0xff, 0xfe, 0x00, 0x00, 0x00, 0x00, 0x00, 0x05, 0xff, 0xff, 0xe0,
    0x5f, 0xff, 0xff, 0x00, 0x00, 0x00, 0x00, 0x00, 0x08, 0xff, 0xff, 0xd0,
    0x2f, 0xff, 0xff, 0x40, 0x00, 0x00, 0x00, 0x00, 0x0c, 0xff, 0xff, 0xb0,
    0x0e, 0xff, 0xff, 0xc0, 0x00, 0x00, 0x00, 0x00, 0x5f, 0xff, 0xff, 0x70,
    0x09, 0xff, 0xff, 0xfa, 0x00, 0x00, 0x00, 0x04, 0xff, 0xff, 0xff, 0x10,
    0x02, 0xff, 0xff, 0xff, 0xe7, 0x31, 0x24, 0xaf, 0xff, 0xff, 0xfa, 0x00,
    0x00, 0x8f, 0xff, 0xff, 0xff, 0xff, 0xff, 0xff, 0xff, 0xff, 0xe1, 0x00,
    0x00, 0x0b, 0xff, 0xff, 0xff, 0xff, 0xff, 0xff, 0xff, 0xff, 0x40, 0x00,
    0x00, 0x00, 0xaf, 0xff, 0xff, 0xff, 0xff, 0xff, 0xff, 0xe4, 0x00, 0x00,
    0x00, 0x00, 0x05, 0xef, 0xff, 0xff, 0xff, 0xff, 0xfa, 0x10, 0x00, 0x00,
    0x00, 0x00, 0x00, 0x04, 0x9c, 0xff, 0xfe, 0xb7, 0x20, 0x00, 0x00, 0x00,

    /* U+00D5 "Õ" */
    0x00, 0x00, 0x00, 0x03, 0xad, 0xa1, 0x00, 0x37, 0x00, 0x00, 0x00, 0x00,
    0x00, 0x00, 0x00, 0x3f, 0xff, 0xfe, 0x41, 0xcf, 0xc2, 0x00, 0x00, 0x00,
    0x00, 0x00, 0x00, 0xef, 0xff, 0xff, 0xff, 0xff, 0xfd, 0x00, 0x00, 0x00,
    0x00, 0x00, 0x05, 0xff, 0xff, 0xff, 0xff, 0xff, 0xf6, 0x00, 0x00, 0x00,
    0x00, 0x00, 0x00, 0x6f, 0xf5, 0x1b, 0xff, 0xff, 0xa0, 0x00, 0x00, 0x00,
    0x00, 0x00, 0x00, 0x01, 0x70, 0x00, 0x7d, 0xc6, 0x00, 0x00, 0x00, 0x00,
    0x00, 0x00, 0x00, 0x00, 0x00, 0x00, 0x00, 0x00, 0x00, 0x00, 0x00, 0x00,
    0x00, 0x00, 0x00, 0x00, 0x00, 0x00, 0x00, 0x00, 0x00, 0x00, 0x00, 0x00,
    0x00, 0x00, 0x00, 0x04, 0x9c, 0xef, 0xfe, 0xb7, 0x10, 0x00, 0x00, 0x00,
    0x00, 0x00, 0x05, 0xdf, 0xff, 0xff, 0xff, 0xff, 0xf9, 0x10, 0x00, 0x00,
    0x00, 0x00, 0x9f, 0xff, 0xff, 0xff, 0xff, 0xff, 0xff, 0xe3, 0x00, 0x00,
    0x00, 0x0b, 0xff, 0xff, 0xff, 0xff, 0xff, 0xff, 0xff, 0xff, 0x30, 0x00,
    0x00, 0x7f, 0xff, 0xff, 0xff, 0xff, 0xff, 0xff, 0xff, 0xff, 0xe1, 0x00,
    0x02, 0xff, 0xff, 0xff, 0xe7, 0x31, 0x25, 0xaf, 0xff, 0xff, 0xf9, 0x00,
    0x09, 0xff, 0xff, 0xfb, 0x00, 0x00, 0x00, 0x04, 0xff, 0xff, 0xff, 0x10,
    0x0e, 0xff, 0xff, 0xd0, 0x00, 0x00, 0x00, 0x00, 0x5f, 0xff, 0xff, 0x70,
    0x2f, 0xff, 0xff, 0x50, 0x00, 0x00, 0x00, 0x00, 0x0c, 0xff, 0xff, 0xb0,
    0x5f, 0xff, 0xff, 0x00, 0x00, 0x00, 0x00, 0x00, 0x08, 0xff, 0xff, 0xd0,
    0x6f, 0xff, 0xfe, 0x00, 0x00, 0x00, 0x00, 0x00, 0x05, 0xff, 0xff, 0xe0,
    0x6f, 0xff, 0xfe, 0x00, 0x00, 0x00, 0x00, 0x00, 0x05, 0xff, 0xff, 0xe0,
    0x5f, 0xff, 0xff, 0x00, 0x00, 0x00, 0x00, 0x00, 0x08, 0xff, 0xff, 0xd0,
    0x2f, 0xff, 0xff, 0x40, 0x00, 0x00, 0x00, 0x00, 0x0c, 0xff, 0xff, 0xb0,
    0x0e, 0xff, 0xff, 0xc0, 0x00, 0x00, 0x00, 0x00, 0x5f, 0xff, 0xff, 0x70,
    0x09, 0xff, 0xff, 0xfa, 0x00, 0x00, 0x00, 0x04, 0xff, 0xff, 0xff, 0x10,
    0x02, 0xff, 0xff, 0xff, 0xe7, 0x31, 0x24, 0xaf, 0xff, 0xff, 0xfa, 0x00,
    0x00, 0x8f, 0xff, 0xff, 0xff, 0xff, 0xff, 0xff, 0xff, 0xff, 0xe1, 0x00,
    0x00, 0x0b, 0xff, 0xff, 0xff, 0xff, 0xff, 0xff, 0xff, 0xff, 0x40, 0x00,
    0x00, 0x00, 0xaf, 0xff, 0xff, 0xff, 0xff, 0xff, 0xff, 0xe4, 0x00, 0x00,
    0x00, 0x00, 0x05, 0xef, 0xff, 0xff, 0xff, 0xff, 0xfa, 0x10, 0x00, 0x00,
    0x00, 0x00, 0x00, 0x04, 0x9c, 0xff, 0xfe, 0xb7, 0x20, 0x00, 0x00, 0x00,

    /* U+00D6 "Ö" */
    0x00, 0x00, 0x00, 0x03, 0x63, 0x00, 0x01, 0x56, 0x10, 0x00, 0x00, 0x00,
    0x00, 0x00, 0x00, 0x8f, 0xff, 0x70, 0x1e, 0xff, 0xe2, 0x00, 0x00, 0x00,
    0x00, 0x00, 0x01, 0xff, 0xff, 0xf1, 0x8f, 0xff, 0xfa, 0x00, 0x00, 0x00,
    0x00, 0x00, 0x03, 0xff, 0xff, 0xf2, 0xaf, 0xff, 0xfb, 0x00, 0x00, 0x00,
    0x00, 0x00, 0x00, 0xef, 0xff, 0xe0, 0x6f, 0xff, 0xf7, 0x00, 0x00, 0x00,
    0x00, 0x00, 0x00, 0x3c, 0xfc, 0x20, 0x08, 0xef, 0x80, 0x00, 0x00, 0x00,
    0x00, 0x00, 0x00, 0x00, 0x00, 0x00, 0x00, 0x00, 0x00, 0x00, 0x00, 0x00,
    0x00, 0x00, 0x00, 0x00, 0x00, 0x00, 0x00, 0x00, 0x00, 0x00, 0x00, 0x00,
    0x00, 0x00, 0x00, 0x04, 0x9c, 0xef, 0xfe, 0xb7, 0x10, 0x00, 0x00, 0x00,
    0x00, 0x00, 0x05, 0xdf, 0xff, 0xff, 0xff, 0xff, 0xf9, 0x10, 0x00, 0x00,
    0x00, 0x00, 0x9f, 0xff, 0xff, 0xff, 0xff, 0xff, 0xff, 0xe3, 0x00, 0x00,
    0x00, 0x0b, 0xff, 0xff, 0xff, 0xff, 0xff, 0xff, 0xff, 0xff, 0x30, 0x00,
    0x00, 0x7f, 0xff, 0xff, 0xff, 0xff, 0xff, 0xff, 0xff, 0xff, 0xe1, 0x00,
    0x02, 0xff, 0xff, 0xff, 0xe7, 0x31, 0x25, 0xaf, 0xff, 0xff, 0xf9, 0x00,
    0x09, 0xff, 0xff, 0xfb, 0x00, 0x00, 0x00, 0x04, 0xff, 0xff, 0xff, 0x10,
    0x0e, 0xff, 0xff, 0xd0, 0x00, 0x00, 0x00, 0x00, 0x5f, 0xff, 0xff, 0x70,
    0x2f, 0xff, 0xff, 0x50, 0x00, 0x00, 0x00, 0x00, 0x0c, 0xff, 0xff, 0xb0,
    0x5f, 0xff, 0xff, 0x00, 0x00, 0x00, 0x00, 0x00, 0x08, 0xff, 0xff, 0xd0,
    0x6f, 0xff, 0xfe, 0x00, 0x00, 0x00, 0x00, 0x00, 0x05, 0xff, 0xff, 0xe0,
    0x6f, 0xff, 0xfe, 0x00, 0x00, 0x00, 0x00, 0x00, 0x05, 0xff, 0xff, 0xe0,
    0x5f, 0xff, 0xff, 0x00, 0x00, 0x00, 0x00, 0x00, 0x08, 0xff, 0xff, 0xd0,
    0x2f, 0xff, 0xff, 0x40, 0x00, 0x00, 0x00, 0x00, 0x0c, 0xff, 0xff, 0xb0,
    0x0e, 0xff, 0xff, 0xc0, 0x00, 0x00, 0x00, 0x00, 0x5f, 0xff, 0xff, 0x70,
    0x09, 0xff, 0xff, 0xfa, 0x00, 0x00, 0x00, 0x04, 0xff, 0xff, 0xff, 0x10,
    0x02, 0xff, 0xff, 0xff, 0xe7, 0x31, 0x24, 0xaf, 0xff, 0xff, 0xfa, 0x00,
    0x00, 0x8f, 0xff, 0xff, 0xff, 0xff, 0xff, 0xff, 0xff, 0xff, 0xe1, 0x00,
    0x00, 0x0b, 0xff, 0xff, 0xff, 0xff, 0xff, 0xff, 0xff, 0xff, 0x40, 0x00,
    0x00, 0x00, 0xaf, 0xff, 0xff, 0xff, 0xff, 0xff, 0xff, 0xe4, 0x00, 0x00,
    0x00, 0x00, 0x05, 0xef, 0xff, 0xff, 0xff, 0xff, 0xfa, 0x10, 0x00, 0x00,
    0x00, 0x00, 0x00, 0x04, 0x9c, 0xff, 0xfe, 0xb7, 0x20, 0x00, 0x00, 0x00,

    /* U+00D7 "×" */
    0x00, 0x00, 0x70, 0x00, 0x00, 0x00, 0x25, 0x00, 0x00,
    0x00, 0x0c, 0xf9, 0x00, 0x00, 0x02, 0xef, 0x50, 0x00,
    0x01, 0xcf, 0xff, 0x90, 0x00, 0x2e, 0xff, 0xf5, 0x00,
    0x0c, 0xff, 0xff, 0xf9, 0x02, 0xef, 0xff, 0xff, 0x50,
    0x07, 0xff, 0xff, 0xff, 0xae, 0xff, 0xff, 0xfd, 0x10,
    0x00, 0x7f, 0xff, 0xff, 0xff, 0xff, 0xff, 0xd1, 0x00,
    0x00, 0x07, 0xff, 0xff, 0xff, 0xff, 0xfd, 0x10, 0x00,
    0x00, 0x00, 0x7f, 0xff, 0xff, 0xff, 0xd1, 0x00, 0x00,
    0x00, 0x00, 0x3f, 0xff, 0xff, 0xff, 0xa0, 0x00, 0x00,
    0x00, 0x03, 0xff, 0xff, 0xff, 0xff, 0xf9, 0x00, 0x00,
    0x00, 0x3f, 0xff, 0xff, 0xff, 0xff, 0xff, 0x90, 0x00,
    0x03, 0xff, 0xff, 0xff, 0xef, 0xff, 0xff, 0xf9, 0x00,
    0x0e, 0xff, 0xff, 0xfd, 0x16, 0xff, 0xff, 0xff, 0x60,
    0x03, 0xff, 0xff, 0xd1, 0x00, 0x6f, 0xff, 0xfa, 0x00,
    0x00, 0x3f, 0xfd, 0x10, 0x00, 0x06, 0xff, 0xa0, 0x00,
    0x00, 0x03, 0xc1, 0x00, 0x00, 0x00, 0x6a, 0x00, 0x00,
    0x00, 0x00, 0x00, 0x00, 0x00, 0x00, 0x00, 0x00, 0x00,

    /* U+00D8 "Ø" */
    0x00, 0x00, 0x00, 0x00, 0x00, 0x00, 0x00, 0x00, 0x02, 0x60, 0x00, 0x00,
    0x00, 0x00, 0x00, 0x04, 0x9c, 0xef, 0xfe, 0xb7, 0x2d, 0xfb, 0x10, 0x00,
    0x00, 0x00, 0x05, 0xdf, 0xff, 0xff, 0xff, 0xff, 0xff, 0xff, 0xe4, 0x00,
    0x00, 0x00, 0x9f, 0xff, 0xff, 0xff, 0xff, 0xff, 0xff, 0xff, 0xfa, 0x00,
    0x00, 0x0b, 0xff, 0xff, 0xff, 0xff, 0xff, 0xff, 0xff, 0xff, 0xd0, 0x00,
    0x00, 0x7f, 0xff, 0xff, 0xff, 0xff, 0xff, 0xff, 0xff, 0xff, 0xe1, 0x00,
    0x02, 0xff, 0xff, 0xff, 0xe7, 0x31, 0x3f, 0xff, 0xff, 0xff, 0xf9, 0x00,
    0x09, 0xff, 0xff, 0xfb, 0x00, 0x00, 0xaf, 0xff, 0xff, 0xff, 0xff, 0x10,
    0x0e, 0xff, 0xff, 0xd0, 0x00, 0x07, 0xff, 0xff, 0xff, 0xff, 0xff, 0x70,
    0x2f, 0xff, 0xff, 0x50, 0x00, 0x4f, 0xff, 0xff, 0xcd, 0xff, 0xff, 0xb0,
    0x5f, 0xff, 0xff, 0x00, 0x02, 0xff, 0xff, 0xfe, 0x18, 0xff, 0xff, 0xd0,
    0x6f, 0xff, 0xfe, 0x00, 0x0d, 0xff, 0xff, 0xf4, 0x05, 0xff, 0xff, 0xe0,
    0x6f, 0xff, 0xfe, 0x00, 0xbf, 0xff, 0xff, 0x70, 0x05, 0xff, 0xff, 0xe0,
    0x5f, 0xff, 0xff, 0x08, 0xff, 0xff, 0xfa, 0x00, 0x08, 0xff, 0xff, 0xd0,
    0x2f, 0xff, 0xff, 0x9f, 0xff, 0xff, 0xd0, 0x00, 0x0c, 0xff, 0xff, 0xb0,
    0x0e, 0xff, 0xff, 0xff, 0xff, 0xfe, 0x20, 0x00, 0x5f, 0xff, 0xff, 0x70,
    0x09, 0xff, 0xff, 0xff, 0xff, 0xf4, 0x00, 0x04, 0xff, 0xff, 0xff, 0x10,
    0x02, 0xff, 0xff, 0xff, 0xff, 0x91, 0x24, 0xaf, 0xff, 0xff, 0xfa, 0x00,
    0x00, 0x8f, 0xff, 0xff, 0xff, 0xff, 0xff, 0xff, 0xff, 0xff, 0xe1, 0x00,
    0x00, 0x5f, 0xff, 0xff, 0xff, 0xff, 0xff, 0xff, 0xff, 0xff, 0x40, 0x00,
    0x02, 0xff, 0xff, 0xff, 0xff, 0xff, 0xff, 0xff, 0xff, 0xe4, 0x00, 0x00,
    0x00, 0x8f, 0xff, 0xff, 0xff, 0xff, 0xff, 0xff, 0xfa, 0x10, 0x00, 0x00,
    0x00, 0x04, 0xef, 0x74, 0x9c, 0xff, 0xfe, 0xb7, 0x20, 0x00, 0x00, 0x00,
    0x00, 0x00, 0x17, 0x00, 0x00, 0x00, 0x00, 0x00, 0x00, 0x00, 0x00, 0x00,

    /* U+00D9 "Ù" */
    0x00, 0x00, 0x00, 0x97, 0x00, 0x00, 0x00, 0x00, 0x00, 0x00,
    0x00, 0x00, 0x09, 0xff, 0x90, 0x00, 0x00, 0x00, 0x00, 0x00,
    0x00, 0x00, 0x4f, 0xff, 0xfa, 0x00, 0x00, 0x00, 0x00, 0x00,
    0x00, 0x00, 0x06, 0xff, 0xff, 0xb0, 0x00, 0x00, 0x00, 0x00,
    0x00, 0x00, 0x00, 0x5f, 0xff, 0xfc, 0x00, 0x00, 0x00, 0x00,
    0x00, 0x00, 0x00, 0x04, 0xff, 0xf6, 0x00, 0x00, 0x00, 0x00,
    0x00, 0x00, 0x00, 0x00, 0x3e, 0x60, 0x00, 0x00, 0x00, 0x00,
    0x00, 0x00, 0x00, 0x00, 0x00, 0x00, 0x00, 0x00, 0x00, 0x00,
    0x00, 0x00, 0x00, 0x00, 0x00, 0x00, 0x00, 0x00, 0x00, 0x00,
    0x7f, 0xff, 0xfc, 0x00, 0x00, 0x00, 0x0a, 0xff, 0xff, 0x90,
    0x7f, 0xff, 0xfc, 0x00, 0x00, 0x00, 0x0a, 0xff, 0xff, 0x90,
    0x7f, 0xff, 0xfc, 0x00, 0x00, 0x00, 0x0a, 0xff, 0xff, 0x90,
    0x7f, 0xff, 0xfc, 0x00, 0x00, 0x00, 0x0a, 0xff, 0xff, 0x90,
    0x7f, 0xff, 0xfc, 0x00, 0x00, 0x00, 0x0a, 0xff, 0xff, 0x90,
    0x7f, 0xff, 0xfc, 0x00, 0x00, 0x00, 0x0a, 0xff, 0xff, 0x90,
    0x7f, 0xff, 0xfc, 0x00, 0x00, 0x00, 0x0a, 0xff, 0xff, 0x90,
    0x7f, 0xff, 0xfc, 0x00, 0x00, 0x00, 0x0a, 0xff, 0xff, 0x90,
    0x7f, 0xff, 0xfc, 0x00, 0x00, 0x00, 0x0a, 0xff, 0xff, 0x90,
    0x7f, 0xff, 0xfc, 0x00, 0x00, 0x00, 0x0a, 0xff, 0xff, 0x90,
    0x7f, 0xff, 0xfc, 0x00, 0x00, 0x00, 0x0a, 0xff, 0xff, 0x90,
    0x7f, 0xff, 0xfc, 0x00, 0x00, 0x00, 0x0a, 0xff, 0xff, 0x90,
    0x6f, 0xff, 0xfc, 0x00, 0x00, 0x00, 0x0a, 0xff, 0xff, 0x90,
    0x6f, 0xff, 0xfd, 0x00, 0x00, 0x00, 0x0b, 0xff, 0xff, 0x80,
    0x4f, 0xff, 0xff, 0x00, 0x00, 0x00, 0x0e, 0xff, 0xff, 0x70,
    0x2f, 0xff, 0xff, 0x70, 0x00, 0x00, 0x5f, 0xff, 0xff, 0x40,
    0x0e, 0xff, 0xff, 0xf8, 0x20, 0x17, 0xff, 0xff, 0xff, 0x00,
    0x08, 0xff, 0xff, 0xff, 0xff, 0xff, 0xff, 0xff, 0xfa, 0x00,
    0x01, 0xef, 0xff, 0xff, 0xff, 0xff, 0xff, 0xff, 0xf2, 0x00,
    0x00, 0x4f, 0xff, 0xff, 0xff, 0xff, 0xff, 0xff, 0x50, 0x00,
    0x00, 0x03, 0xdf, 0xff, 0xff, 0xff, 0xff, 0xe5, 0x00, 0x00,
    0x00, 0x00, 0x05, 0xad, 0xff, 0xfd, 0xa6, 0x00, 0x00, 0x00,

    /* U+00DA "Ú" */
    0x00, 0x00, 0x00, 0x00, 0x00, 0x05, 0xa0, 0x00, 0x00, 0x00,
    0x00, 0x00, 0x00, 0x00, 0x00, 0x6f, 0xfb, 0x00, 0x00, 0x00,
    0x00, 0x00, 0x00, 0x00, 0x08, 0xff, 0xff, 0x60, 0x00, 0x00,
    0x00, 0x00, 0x00, 0x00, 0x9f, 0xff, 0xf8, 0x00, 0x00, 0x00,
    0x00, 0x00, 0x00, 0x0a, 0xff, 0xff, 0x70, 0x00, 0x00, 0x00,
    0x00, 0x00, 0x00, 0x04, 0xff, 0xf5, 0x00, 0x00, 0x00, 0x00,
    0x00, 0x00, 0x00, 0x00, 0x4e, 0x40, 0x00, 0x00, 0x00, 0x00,
    0x00, 0x00, 0x00, 0x00, 0x00, 0x00, 0x00, 0x00, 0x00, 0x00,
    0x00, 0x00, 0x00, 0x00, 0x00, 0x00, 0x00, 0x00, 0x00, 0x00,
    0x7f, 0xff, 0xfc, 0x00, 0x00, 0x00, 0x0a, 0xff, 0xff, 0x90,
    0x7f, 0xff, 0xfc, 0x00, 0x00, 0x00, 0x0a, 0xff, 0xff, 0x90,
    0x7f, 0xff, 0xfc, 0x00, 0x00, 0x00, 0x0a, 0xff, 0xff, 0x90,
    0x7f, 0xff, 0xfc, 0x00, 0x00, 0x00, 0x0a, 0xff, 0xff, 0x90,
    0x7f, 0xff, 0xfc, 0x00, 0x00, 0x00, 0x0a, 0xff, 0xff, 0x90,
    0x7f, 0xff, 0xfc, 0x00, 0x00, 0x00, 0x0a, 0xff, 0xff, 0x90,
    0x7f, 0xff, 0xfc, 0x00, 0x00, 0x00, 0x0a, 0xff, 0xff, 0x90,
    0x7f, 0xff, 0xfc, 0x00, 0x00, 0x00, 0x0a, 0xff, 0xff, 0x90,
    0x7f, 0xff, 0xfc, 0x00, 0x00, 0x00, 0x0a, 0xff, 0xff, 0x90,
    0x7f, 0xff, 0xfc, 0x00, 0x00, 0x00, 0x0a, 0xff, 0xff, 0x90,
    0x7f, 0xff, 0xfc, 0x00, 0x00, 0x00, 0x0a, 0xff, 0xff, 0x90,
    0x7f, 0xff, 0xfc, 0x00, 0x00, 0x00, 0x0a, 0xff, 0xff, 0x90,
    0x6f, 0xff, 0xfc, 0x00, 0x00, 0x00, 0x0a, 0xff, 0xff, 0x90,
    0x6f, 0xff, 0xfd, 0x00, 0x00, 0x00, 0x0b, 0xff, 0xff, 0x80,
    0x4f, 0xff, 0xff, 0x00, 0x00, 0x00, 0x0e, 0xff, 0xff, 0x70,
    0x2f, 0xff, 0xff, 0x70, 0x00, 0x00, 0x5f, 0xff, 0xff, 0x40,
    0x0e, 0xff, 0xff, 0xf8, 0x20, 0x17, 0xff, 0xff, 0xff, 0x00,
    0x08, 0xff, 0xff, 0xff, 0xff, 0xff, 0xff, 0xff, 0xfa, 0x00,
    0x01, 0xef, 0xff, 0xff, 0xff, 0xff, 0xff, 0xff, 0xf2, 0x00,
    0x00, 0x4f, 0xff, 0xff, 0xff, 0xff, 0xff, 0xff, 0x50, 0x00,
    0x00, 0x03, 0xdf, 0xff, 0xff, 0xff, 0xff, 0xe5, 0x00, 0x00,
    0x00, 0x00, 0x05, 0xad, 0xff, 0xfd, 0xa6, 0x00, 0x00, 0x00,

    /* U+00DB "Û" */
    0x00, 0x00, 0x00, 0x00, 0x05, 0x00, 0x00, 0x00, 0x00, 0x00,
    0x00, 0x00, 0x00, 0x00, 0x9f, 0xb1, 0x00, 0x00, 0x00, 0x00,
    0x00, 0x00, 0x00, 0x0b, 0xff, 0xfd, 0x10, 0x00, 0x00, 0x00,
    0x00, 0x00, 0x01, 0xdf, 0xff, 0xff, 0xe3, 0x00, 0x00, 0x00,
    0x00, 0x00, 0x2e, 0xff, 0xff, 0xff, 0xff, 0x40, 0x00, 0x00,
    0x00, 0x00, 0x1c, 0xff, 0xc2, 0xaf, 0xfd, 0x20, 0x00, 0x00,
    0x00, 0x00, 0x00, 0xbb, 0x00, 0x08, 0xd1, 0x00, 0x00, 0x00,
    0x00, 0x00, 0x00, 0x00, 0x00, 0x00, 0x00, 0x00, 0x00, 0x00,
    0x00, 0x00, 0x00, 0x00, 0x00, 0x00, 0x00, 0x00, 0x00, 0x00,
    0x7f, 0xff, 0xfc, 0x00, 0x00, 0x00, 0x0a, 0xff, 0xff, 0x90,
    0x7f, 0xff, 0xfc, 0x00, 0x00, 0x00, 0x0a, 0xff, 0xff, 0x90,
    0x7f, 0xff, 0xfc, 0x00, 0x00, 0x00, 0x0a, 0xff, 0xff, 0x90,
    0x7f, 0xff, 0xfc, 0x00, 0x00, 0x00, 0x0a, 0xff, 0xff, 0x90,
    0x7f, 0xff, 0xfc, 0x00, 0x00, 0x00, 0x0a, 0xff, 0xff, 0x90,
    0x7f, 0xff, 0xfc, 0x00, 0x00, 0x00, 0x0a, 0xff, 0xff, 0x90,
    0x7f, 0xff, 0xfc, 0x00, 0x00, 0x00, 0x0a, 0xff, 0xff, 0x90,
    0x7f, 0xff, 0xfc, 0x00, 0x00, 0x00, 0x0a, 0xff, 0xff, 0x90,
    0x7f, 0xff, 0xfc, 0x00, 0x00, 0x00, 0x0a, 0xff, 0xff, 0x90,
    0x7f, 0xff, 0xfc, 0x00, 0x00, 0x00, 0x0a, 0xff, 0xff, 0x90,
    0x7f, 0xff, 0xfc, 0x00, 0x00, 0x00, 0x0a, 0xff, 0xff, 0x90,
    0x7f, 0xff, 0xfc, 0x00, 0x00, 0x00, 0x0a, 0xff, 0xff, 0x90,
    0x6f, 0xff, 0xfc, 0x00, 0x00, 0x00, 0x0a, 0xff, 0xff, 0x90,
    0x6f, 0xff, 0xfd, 0x00, 0x00, 0x00, 0x0b, 0xff, 0xff, 0x80,
    0x4f, 0xff, 0xff, 0x00, 0x00, 0x00, 0x0e, 0xff, 0xff, 0x70,
    0x2f, 0xff, 0xff, 0x70, 0x00, 0x00, 0x5f, 0xff, 0xff, 0x40,
    0x0e, 0xff, 0xff, 0xf8, 0x20, 0x17, 0xff, 0xff, 0xff, 0x00,
    0x08, 0xff, 0xff, 0xff, 0xff, 0xff, 0xff, 0xff, 0xfa, 0x00,
    0x01, 0xef, 0xff, 0xff, 0xff, 0xff, 0xff, 0xff, 0xf2, 0x00,
    0x00, 0x4f, 0xff, 0xff, 0xff, 0xff, 0xff, 0xff, 0x50, 0x00,
    0x00, 0x03, 0xdf, 0xff, 0xff, 0xff, 0xff, 0xe5, 0x00, 0x00,
    0x00, 0x00, 0x05, 0xad, 0xff, 0xfd, 0xa6, 0x00, 0x00, 0x00,

    /* U+00DC "Ü" */
    0x00, 0x00, 0x04, 0x62, 0x00, 0x01, 0x65, 0x00, 0x00, 0x00,
    0x00, 0x00, 0xaf, 0xff, 0x50, 0x3f, 0xff, 0xd1, 0x00, 0x00,
    0x00, 0x04, 0xff, 0xff, 0xe0, 0xbf, 0xff, 0xf7, 0x00, 0x00,
    0x00, 0x05, 0xff, 0xff, 0xf0, 0xcf, 0xff, 0xf9, 0x00, 0x00,
    0x00, 0x01, 0xff, 0xff, 0xb0, 0x8f, 0xff, 0xf4, 0x00, 0x00,
    0x00, 0x00, 0x4d, 0xfb, 0x10, 0x09, 0xfe, 0x60, 0x00, 0x00,
    0x00, 0x00, 0x00, 0x00, 0x00, 0x00, 0x00, 0x00, 0x00, 0x00,
    0x00, 0x00, 0x00, 0x00, 0x00, 0x00, 0x00, 0x00, 0x00, 0x00,
    0x7f, 0xff, 0xfc, 0x00, 0x00, 0x00, 0x0a, 0xff, 0xff, 0x90,
    0x7f, 0xff, 0xfc, 0x00, 0x00, 0x00, 0x0a, 0xff, 0xff, 0x90,
    0x7f, 0xff, 0xfc, 0x00, 0x00, 0x00, 0x0a, 0xff, 0xff, 0x90,
    0x7f, 0xff, 0xfc, 0x00, 0x00, 0x00, 0x0a, 0xff, 0xff, 0x90,
    0x7f, 0xff, 0xfc, 0x00, 0x00, 0x00, 0x0a, 0xff, 0xff, 0x90,
    0x7f, 0xff, 0xfc, 0x00, 0x00, 0x00, 0x0a, 0xff, 0xff, 0x90,
    0x7f, 0xff, 0xfc, 0x00, 0x00, 0x00, 0x0a, 0xff, 0xff, 0x90,
    0x7f, 0xff, 0xfc, 0x00, 0x00, 0x00, 0x0a, 0xff, 0xff, 0x90,
    0x7f, 0xff, 0xfc, 0x00, 0x00, 0x00, 0x0a, 0xff, 0xff, 0x90,
    0x7f, 0xff, 0xfc, 0x00, 0x00, 0x00, 0x0a, 0xff, 0xff, 0x90,
    0x7f, 0xff, 0xfc, 0x00, 0x00, 0x00, 0x0a, 0xff, 0xff, 0x90,
    0x7f, 0xff, 0xfc, 0x00, 0x00, 0x00, 0x0a, 0xff, 0xff, 0x90,
    0x6f, 0xff, 0xfc, 0x00, 0x00, 0x00, 0x0a, 0xff, 0xff, 0x90,
    0x6f, 0xff, 0xfd, 0x00, 0x00, 0x00, 0x0b, 0xff, 0xff, 0x80,
    0x4f, 0xff, 0xff, 0x00, 0x00, 0x00, 0x0e, 0xff, 0xff, 0x70,
    0x2f, 0xff, 0xff, 0x70, 0x00, 0x00, 0x5f, 0xff, 0xff, 0x40,
    0x0e, 0xff, 0xff, 0xf8, 0x20, 0x17, 0xff, 0xff, 0xff, 0x00,
    0x08, 0xff, 0xff, 0xff, 0xff, 0xff, 0xff, 0xff, 0xfa, 0x00,
    0x01, 0xef, 0xff, 0xff, 0xff, 0xff, 0xff, 0xff, 0xf2, 0x00,
    0x00, 0x4f, 0xff, 0xff, 0xff, 0xff, 0xff, 0xff, 0x50, 0x00,
    0x00, 0x03, 0xdf, 0xff, 0xff, 0xff, 0xff, 0xe5, 0x00, 0x00,
    0x00, 0x00, 0x05, 0xad, 0xff, 0xfd, 0xa6, 0x00, 0x00, 0x00,

    /* U+00DD "Ý" */
    0x00, 0x00, 0x00, 0x00, 0x00, 0x00, 0x2c, 0x20, 0x00, 0x00, 0x00,
    0x00, 0x00, 0x00, 0x00, 0x00, 0x03, 0xef, 0xe2, 0x00, 0x00, 0x00,
    0x00, 0x00, 0x00, 0x00, 0x00, 0x3f, 0xff, 0xfb, 0x00, 0x00, 0x00,
    0x00, 0x00, 0x00, 0x00, 0x04, 0xff, 0xff, 0xc1, 0x00, 0x00, 0x00,
    0x00, 0x00, 0x00, 0x00, 0x5f, 0xff, 0xfb, 0x00, 0x00, 0x00, 0x00,
    0x00, 0x00, 0x00, 0x00, 0x1d, 0xff, 0xa0, 0x00, 0x00, 0x00, 0x00,
    0x00, 0x00, 0x00, 0x00, 0x01, 0xd9, 0x00, 0x00, 0x00, 0x00, 0x00,
    0x00, 0x00, 0x00, 0x00, 0x00, 0x00, 0x00, 0x00, 0x00, 0x00, 0x00,
    0x00, 0x00, 0x00, 0x00, 0x00, 0x00, 0x00, 0x00, 0x00, 0x00, 0x00,
    0x0d, 0xff, 0xff, 0xd0, 0x00, 0x00, 0x00, 0x0c, 0xff, 0xff, 0xb0,
    0x05, 0xff, 0xff, 0xf5, 0x00, 0x00, 0x00, 0x4f, 0xff, 0xff, 0x30,
    0x00, 0xdf, 0xff, 0xfd, 0x00, 0x00, 0x00, 0xcf, 0xff, 0xfb, 0x00,
    0x00, 0x5f, 0xff, 0xff, 0x50, 0x00, 0x04, 0xff, 0xff, 0xf3, 0x00,
    0x00, 0x0d, 0xff, 0xff, 0xd0, 0x00, 0x0c, 0xff, 0xff, 0xa0, 0x00,
    0x00, 0x05, 0xff, 0xff, 0xf5, 0x00, 0x4f, 0xff, 0xff, 0x20, 0x00,
    0x00, 0x00, 0xdf, 0xff, 0xfd, 0x00, 0xcf, 0xff, 0xfa, 0x00, 0x00,
    0x00, 0x00, 0x5f, 0xff, 0xff, 0x54, 0xff, 0xff, 0xf2, 0x00, 0x00,
    0x00, 0x00, 0x0c, 0xff, 0xff, 0xdc, 0xff, 0xff, 0xa0, 0x00, 0x00,
    0x00, 0x00, 0x04, 0xff, 0xff, 0xff, 0xff, 0xff, 0x20, 0x00, 0x00,
    0x00, 0x00, 0x00, 0xcf, 0xff, 0xff, 0xff, 0xfa, 0x00, 0x00, 0x00,
    0x00, 0x00, 0x00, 0x4f, 0xff, 0xff, 0xff, 0xf2, 0x00, 0x00, 0x00,
    0x00, 0x00, 0x00, 0x0c, 0xff, 0xff, 0xff, 0x90, 0x00, 0x00, 0x00,
    0x00, 0x00, 0x00, 0x04, 0xff, 0xff, 0xff, 0x10, 0x00, 0x00, 0x00,
    0x00, 0x00, 0x00, 0x00, 0xdf, 0xff, 0xfa, 0x00, 0x00, 0x00, 0x00,
    0x00, 0x00, 0x00, 0x00, 0xaf, 0xff, 0xf8, 0x00, 0x00, 0x00, 0x00,
    0x00, 0x00, 0x00, 0x00, 0xaf, 0xff, 0xf8, 0x00, 0x00, 0x00, 0x00,
    0x00, 0x00, 0x00, 0x00, 0xaf, 0xff, 0xf8, 0x00, 0x00, 0x00, 0x00,
    0x00, 0x00, 0x00, 0x00, 0xaf, 0xff, 0xf8, 0x00, 0x00, 0x00, 0x00,
    0x00, 0x00, 0x00, 0x00, 0xaf, 0xff, 0xf8, 0x00, 0x00, 0x00, 0x00,
    0x00, 0x00, 0x00, 0x00, 0xaf, 0xff, 0xf8, 0x00, 0x00, 0x00, 0x00,
    0x00, 0x00, 0x00, 0x00, 0xaf, 0xff, 0xf8, 0x00, 0x00, 0x00, 0x00,

    /* U+00DE "Þ" */
    0x6f, 0xff, 0xfd, 0x00, 0x00, 0x00, 0x00, 0x00, 0x00,
    0x6f, 0xff, 0xfd, 0x00, 0x00, 0x00, 0x00, 0x00, 0x00,
    0x6f, 0xff, 0xfd, 0x00, 0x00, 0x00, 0x00, 0x00, 0x00,
    0x6f, 0xff, 0xff, 0xff, 0xff, 0xd9, 0x40, 0x00, 0x00,
    0x6f, 0xff, 0xff, 0xff, 0xff, 0xff, 0xfb, 0x10, 0x00,
    0x6f, 0xff, 0xff, 0xff, 0xff, 0xff, 0xff, 0xe2, 0x00,
    0x6f, 0xff, 0xff, 0xff, 0xff, 0xff, 0xff, 0xfc, 0x00,
    0x6f, 0xff, 0xff, 0xff, 0xff, 0xff, 0xff, 0xff, 0x50,
    0x6f, 0xff, 0xfd, 0x00, 0x02, 0x8f, 0xff, 0xff, 0xb0,
    0x6f, 0xff, 0xfd, 0x00, 0x00, 0x0a, 0xff, 0xff, 0xe0,
    0x6f, 0xff, 0xfd, 0x00, 0x00, 0x05, 0xff, 0xff, 0xf0,
    0x6f, 0xff, 0xfd, 0x00, 0x00, 0x05, 0xff, 0xff, 0xf0,
    0x6f, 0xff, 0xfd, 0x00, 0x00, 0x0a, 0xff, 0xff, 0xe0,
    0x6f, 0xff, 0xfd, 0x00, 0x01, 0x8f, 0xff, 0xff, 0xb0,
    0x6f, 0xff, 0xff, 0xff, 0xff, 0xff, 0xff, 0xff, 0x50,
    0x6f, 0xff, 0xff, 0xff, 0xff, 0xff, 0xff, 0xfd, 0x00,
    0x6f, 0xff, 0xff, 0xff, 0xff, 0xff, 0xff, 0xe2, 0x00,
    0x6f, 0xff, 0xff, 0xff, 0xff, 0xff, 0xfc, 0x20, 0x00,
    0x6f, 0xff, 0xff, 0xff, 0xff, 0xd9, 0x40, 0x00, 0x00,
    0x6f, 0xff, 0xfd, 0x00, 0x00, 0x00, 0x00, 0x00, 0x00,
    0x6f, 0xff, 0xfd, 0x00, 0x00, 0x00, 0x00, 0x00, 0x00,
    0x6f, 0xff, 0xfd, 0x00, 0x00, 0x00, 0x00, 0x00, 0x00,

    /* U+00DF "ß" */
    0x00, 0x00, 0x39, 0xdf, 0xff, 0xd9, 0x40, 0x00, 0x00, 0x00,
    0x00, 0x1b, 0xff, 0xff, 0xff, 0xff, 0xfc, 0x20, 0x00, 0x00,
    0x00, 0xdf, 0xff, 0xff, 0xff, 0xff, 0xff, 0xe1, 0x00, 0x00,
    0x09, 0xff, 0xff, 0xff, 0xff, 0xff, 0xff, 0xfa, 0x00, 0x00,
    0x1f, 0xff, 0xff, 0xfe, 0xdf, 0xff, 0xff, 0xff, 0x00, 0x00,
    0x6f, 0xff, 0xff, 0x70, 0x00, 0xbf, 0xff, 0xff, 0x00, 0x00,
    0x9f, 0xff, 0xfb, 0x00, 0x00, 0x5f, 0xff, 0xfc, 0x00, 0x00,
    0xaf, 0xff, 0xf8, 0x00, 0x00, 0x9f, 0xff, 0xf3, 0x00, 0x00,
    0xaf, 0xff, 0xf8, 0x00, 0x06, 0xff, 0xff, 0x70, 0x00, 0x00,
    0xaf, 0xff, 0xf8, 0x00, 0x3f, 0xff, 0xfa, 0x00, 0x00, 0x00,
    0xaf, 0xff, 0xf8, 0x00, 0x9f, 0xff, 0xf7, 0x00, 0x00, 0x00,
    0xaf, 0xff, 0xf8, 0x00, 0x9f, 0xff, 0xfe, 0x40, 0x00, 0x00,
    0xaf, 0xff, 0xf8, 0x00, 0x3f, 0xff, 0xff, 0xf8, 0x00, 0x00,
    0xaf, 0xff, 0xf8, 0x00, 0x05, 0xff, 0xff, 0xff, 0x90, 0x00,
    0xaf, 0xff, 0xf8, 0x00, 0x00, 0x2d, 0xff, 0xff, 0xf7, 0x00,
    0xaf, 0xff, 0xf8, 0x00, 0x00, 0x00, 0xbf, 0xff, 0xfe, 0x00,
    0xaf, 0xff, 0xf8, 0x00, 0x72, 0x00, 0x2f, 0xff, 0xff, 0x20,
    0xaf, 0xff, 0xf8, 0x06, 0xfd, 0x30, 0x6f, 0xff, 0xff, 0x20,
    0xaf, 0xff, 0xf8, 0x5f, 0xff, 0xff, 0xff, 0xff, 0xff, 0x00,
    0xaf, 0xff, 0xf8, 0x6f, 0xff, 0xff, 0xff, 0xff, 0xf8, 0x00,
    0xaf, 0xff, 0xf8, 0x05, 0xff, 0xff, 0xff, 0xff, 0xa0, 0x00,
    0xaf, 0xff, 0xf8, 0x00, 0x17, 0xcf, 0xfe, 0xb5, 0x00, 0x00,

    /* U+00E0 "à" */
    0x00, 0x00, 0x04, 0x10, 0x00, 0x00, 0x00, 0x00,
    0x00, 0x00, 0x5f, 0xd2, 0x00, 0x00, 0x00, 0x00,
    0x00, 0x04, 0xff, 0xfe, 0x20, 0x00, 0x00, 0x00,
    0x00, 0x01, 0xdf, 0xff, 0xf3, 0x00, 0x00, 0x00,
    0x00, 0x00, 0x1c, 0xff, 0xff, 0x40, 0x00, 0x00,
    0x00, 0x00, 0x00, 0xbf, 0xff, 0x90, 0x00, 0x00,
    0x00, 0x00, 0x00, 0x0a, 0xfa, 0x00, 0x00, 0x00,
    0x00, 0x00, 0x00, 0x00, 0x60, 0x00, 0x00, 0x00,
    0x00, 0x00, 0x00, 0x00, 0x00, 0x00, 0x00, 0x00,
    0x00, 0x01, 0x6a, 0xdf, 0xfe, 0xc7, 0x00, 0x00,
    0x01, 0xbf, 0xff, 0xff, 0xff, 0xff, 0xe3, 0x00,
    0x00, 0xdf, 0xff, 0xff, 0xff, 0xff, 0xfe, 0x10,
    0x00, 0x6f, 0xff, 0xff, 0xff, 0xff, 0xff, 0x90,
    0x00, 0x0d, 0x96, 0x43, 0x5d, 0xff, 0xff, 0xe0,
    0x00, 0x00, 0x47, 0x87, 0x32, 0xff, 0xff, 0xf1,
    0x00, 0x4e, 0xff, 0xff, 0xfd, 0xff, 0xff, 0xf2,
    0x04, 0xff, 0xff, 0xff, 0xff, 0xff, 0xff, 0xf2,
    0x0e, 0xff, 0xff, 0xff, 0xff, 0xff, 0xff, 0xf2,
    0x4f, 0xff, 0xff, 0x91, 0x19, 0xff, 0xff, 0xf2,
    0x6f, 0xff, 0xff, 0x10, 0x00, 0xff, 0xff, 0xf2,
    0x5f, 0xff, 0xff, 0x30, 0x03, 0xff, 0xff, 0xf2,
    0x1f, 0xff, 0xff, 0xe8, 0x8e, 0xff, 0xff, 0xf2,
    0x0a, 0xff, 0xff, 0xff, 0xff, 0xff, 0xff, 0xf2,
    0x00, 0xcf, 0xff, 0xff, 0xff, 0xef, 0xff, 0xf2,
    0x00, 0x06, 0xcf, 0xfe, 0xb4, 0x5f, 0xff, 0xf2,

    /* U+00E1 "á" */
    0x00, 0x00, 0x00, 0x00, 0x00, 0x23, 0x00, 0x00,
    0x00, 0x00, 0x00, 0x00, 0x03, 0xef, 0x30, 0x00,
    0x00, 0x00, 0x00, 0x00, 0x4f, 0xff, 0xf3, 0x00,
    0x00, 0x00, 0x00, 0x05, 0xff, 0xff, 0xc1, 0x00,
    0x00, 0x00, 0x00, 0x6f, 0xff, 0xfb, 0x00, 0x00,
    0x00, 0x00, 0x00, 0xbf, 0xff, 0xa0, 0x00, 0x00,
    0x00, 0x00, 0x00, 0x0b, 0xf8, 0x00, 0x00, 0x00,
    0x00, 0x00, 0x00, 0x00, 0x50, 0x00, 0x00, 0x00,
    0x00, 0x00, 0x00, 0x00, 0x00, 0x00, 0x00, 0x00,
    0x00, 0x01, 0x6a, 0xdf, 0xfe, 0xc7, 0x00, 0x00,
    0x01, 0xbf, 0xff, 0xff, 0xff, 0xff, 0xe3, 0x00,
    0x00, 0xdf, 0xff, 0xff, 0xff, 0xff, 0xfe, 0x10,
    0x00, 0x6f, 0xff, 0xff, 0xff, 0xff, 0xff, 0x90,
    0x00, 0x0d, 0x96, 0x43, 0x5d, 0xff, 0xff, 0xe0,
    0x00, 0x00, 0x47, 0x87, 0x32, 0xff, 0xff, 0xf1,
    0x00, 0x4e, 0xff, 0xff, 0xfd, 0xff, 0xff, 0xf2,
    0x04, 0xff, 0xff, 0xff, 0xff, 0xff, 0xff, 0xf2,
    0x0e, 0xff, 0xff, 0xff, 0xff, 0xff, 0xff, 0xf2,
    0x4f, 0xff, 0xff, 0x91, 0x19, 0xff, 0xff, 0xf2,
    0x6f, 0xff, 0xff, 0x10, 0x00, 0xff, 0xff, 0xf2,
    0x5f, 0xff, 0xff, 0x30, 0x03, 0xff, 0xff, 0xf2,
    0x1f, 0xff, 0xff, 0xe8, 0x8e, 0xff, 0xff, 0xf2,
    0x0a, 0xff, 0xff, 0xff, 0xff, 0xff, 0xff, 0xf2,
    0x00, 0xcf, 0xff, 0xff, 0xff, 0xef, 0xff, 0xf2,
    0x00, 0x06, 0xcf, 0xfe, 0xb4, 0x5f, 0xff, 0xf2,

    /* U+00E2 "â" */
    0x00, 0x00, 0x00, 0x00, 0x50, 0x00, 0x00, 0x00,
    0x00, 0x00, 0x00, 0x0b, 0xf9, 0x00, 0x00, 0x00,
    0x00, 0x00, 0x01, 0xcf, 0xff, 0xb0, 0x00, 0x00,
    0x00, 0x00, 0x2d, 0xff, 0xff, 0xfc, 0x10, 0x00,
    0x00, 0x03, 0xef, 0xff, 0xff, 0xff, 0xd2, 0x00,
    0x00, 0x03, 0xef, 0xfb, 0x2d, 0xff, 0xe2, 0x00,
    0x00, 0x00, 0x2d, 0xa0, 0x01, 0xde, 0x20, 0x00,
    0x00, 0x00, 0x01, 0x00, 0x00, 0x11, 0x00, 0x00,
    0x00, 0x00, 0x00, 0x00, 0x00, 0x00, 0x00, 0x00,
    0x00, 0x01, 0x6a, 0xdf, 0xfe, 0xc7, 0x00, 0x00,
    0x01, 0xbf, 0xff, 0xff, 0xff, 0xff, 0xe3, 0x00,
    0x00, 0xdf, 0xff, 0xff, 0xff, 0xff, 0xfe, 0x10,
    0x00, 0x6f, 0xff, 0xff, 0xff, 0xff, 0xff, 0x90,
    0x00, 0x0d, 0x96, 0x43, 0x5d, 0xff, 0xff, 0xe0,
    0x00, 0x00, 0x47, 0x87, 0x32, 0xff, 0xff, 0xf1,
    0x00, 0x4e, 0xff, 0xff, 0xfd, 0xff, 0xff, 0xf2,
    0x04, 0xff, 0xff, 0xff, 0xff, 0xff, 0xff, 0xf2,
    0x0e, 0xff, 0xff, 0xff, 0xff, 0xff, 0xff, 0xf2,
    0x4f, 0xff, 0xff, 0x91, 0x19, 0xff, 0xff, 0xf2,
    0x6f, 0xff, 0xff, 0x10, 0x00, 0xff, 0xff, 0xf2,
    0x5f, 0xff, 0xff, 0x30, 0x03, 0xff, 0xff, 0xf2,
    0x1f, 0xff, 0xff, 0xe8, 0x8e, 0xff, 0xff, 0xf2,
    0x0a, 0xff, 0xff, 0xff, 0xff, 0xff, 0xff, 0xf2,
    0x00, 0xcf, 0xff, 0xff, 0xff, 0xef, 0xff, 0xf2,
    0x00, 0x06, 0xcf, 0xfe, 0xb4, 0x5f, 0xff, 0xf2,

    /* U+00E3 "ã" */
    0x00, 0x00, 0x5b, 0xd8, 0x00, 0x06, 0x40, 0x00,
    0x00, 0x07, 0xff, 0xff, 0xd2, 0x2e, 0xf9, 0x00,
    0x00, 0x3f, 0xff, 0xff, 0xff, 0xff, 0xff, 0x90,
    0x00, 0x9f, 0xff, 0xff, 0xff, 0xff, 0xff, 0x20,
    0x00, 0x09, 0xfe, 0x23, 0xef, 0xff, 0xf6, 0x00,
    0x00, 0x00, 0x35, 0x00, 0x19, 0xdb, 0x40, 0x00,
    0x00, 0x00, 0x00, 0x00, 0x00, 0x00, 0x00, 0x00,
    0x00, 0x00, 0x00, 0x00, 0x00, 0x00, 0x00, 0x00,
    0x00, 0x01, 0x6a, 0xdf, 0xfe, 0xc7, 0x00, 0x00,
    0x01, 0xbf, 0xff, 0xff, 0xff, 0xff, 0xe3, 0x00,
    0x00, 0xdf, 0xff, 0xff, 0xff, 0xff, 0xfe, 0x10,
    0x00, 0x6f, 0xff, 0xff, 0xff, 0xff, 0xff, 0x90,
    0x00, 0x0d, 0x96, 0x43, 0x5d, 0xff, 0xff, 0xe0,
    0x00, 0x00, 0x47, 0x87, 0x32, 0xff, 0xff, 0xf1,
    0x00, 0x4e, 0xff, 0xff, 0xfd, 0xff, 0xff, 0xf2,
    0x04, 0xff, 0xff, 0xff, 0xff, 0xff, 0xff, 0xf2,
    0x0e, 0xff, 0xff, 0xff, 0xff, 0xff, 0xff, 0xf2,
    0x4f, 0xff, 0xff, 0x91, 0x19, 0xff, 0xff, 0xf2,
    0x6f, 0xff, 0xff, 0x10, 0x00, 0xff, 0xff, 0xf2,
    0x5f, 0xff, 0xff, 0x30, 0x03, 0xff, 0xff, 0xf2,
    0x1f, 0xff, 0xff, 0xe8, 0x8e, 0xff, 0xff, 0xf2,
    0x0a, 0xff, 0xff, 0xff, 0xff, 0xff, 0xff, 0xf2,
    0x00, 0xcf, 0xff, 0xff, 0xff, 0xef, 0xff, 0xf2,
    0x00, 0x06, 0xcf, 0xfe, 0xb4, 0x5f, 0xff, 0xf2,

    /* U+00E4 "ä" */
    0x00, 0x00, 0x56, 0x10, 0x00, 0x26, 0x40, 0x00,
    0x00, 0x0c, 0xff, 0xf3, 0x05, 0xff, 0xfb, 0x00,
    0x00, 0x6f, 0xff, 0xfc, 0x0d, 0xff, 0xff, 0x50,
    0x00, 0x8f, 0xff, 0xfe, 0x0f, 0xff, 0xff, 0x70,
    0x00, 0x3f, 0xff, 0xf9, 0x0a, 0xff, 0xff, 0x20,
    0x00, 0x06, 0xef, 0xa0, 0x01, 0xbf, 0xd5, 0x00,
    0x00, 0x00, 0x00, 0x00, 0x00, 0x00, 0x00, 0x00,
    0x00, 0x00, 0x00, 0x00, 0x00, 0x00, 0x00, 0x00,
    0x00, 0x01, 0x6a, 0xdf, 0xfe, 0xc7, 0x00, 0x00,
    0x01, 0xbf, 0xff, 0xff, 0xff, 0xff, 0xe3, 0x00,
    0x00, 0xdf, 0xff, 0xff, 0xff, 0xff, 0xfe, 0x10,
    0x00, 0x6f, 0xff, 0xff, 0xff, 0xff, 0xff, 0x90,
    0x00, 0x0d, 0x96, 0x43, 0x5d, 0xff, 0xff, 0xe0,
    0x00, 0x00, 0x47, 0x87, 0x32, 0xff, 0xff, 0xf1,
    0x00, 0x4e, 0xff, 0xff, 0xfd, 0xff, 0xff, 0xf2,
    0x04, 0xff, 0xff, 0xff, 0xff, 0xff, 0xff, 0xf2,
    0x0e, 0xff, 0xff, 0xff, 0xff, 0xff, 0xff, 0xf2,
    0x4f, 0xff, 0xff, 0x91, 0x19, 0xff, 0xff, 0xf2,
    0x6f, 0xff, 0xff, 0x10, 0x00, 0xff, 0xff, 0xf2,
    0x5f, 0xff, 0xff, 0x30, 0x03, 0xff, 0xff, 0xf2,
    0x1f, 0xff, 0xff, 0xe8, 0x8e, 0xff, 0xff, 0xf2,
    0x0a, 0xff, 0xff, 0xff, 0xff, 0xff, 0xff, 0xf2,
    0x00, 0xcf, 0xff, 0xff, 0xff, 0xef, 0xff, 0xf2,
    0x00, 0x06, 0xcf, 0xfe, 0xb4, 0x5f, 0xff, 0xf2,

    /* U+00E5 "å" */
    0x00, 0x00, 0x00, 0x4a, 0xca, 0x30, 0x00, 0x00,
    0x00, 0x00, 0x07, 0xff, 0xff, 0xf6, 0x00, 0x00,
    0x00, 0x00, 0x1f, 0xff, 0xff, 0xff, 0x10, 0x00,
    0x00, 0x00, 0x5f, 0xfa, 0x0a, 0xff, 0x40, 0x00,
    0x00, 0x00, 0x6f, 0xfa, 0x0b, 0xff, 0x50, 0x00,
    0x00, 0x00, 0x2f, 0xff, 0xff, 0xff, 0x10, 0x00,
    0x00, 0x00, 0x07, 0xff, 0xff, 0xf6, 0x00, 0x00,
    0x00, 0x00, 0x00, 0x4a, 0xca, 0x30, 0x00, 0x00,
    0x00, 0x00, 0x00, 0x00, 0x00, 0x00, 0x00, 0x00,
    0x00, 0x00, 0x00, 0x00, 0x00, 0x00, 0x00, 0x00,
    0x00, 0x01, 0x6a, 0xdf, 0xfe, 0xc7, 0x00, 0x00,
    0x01, 0xbf, 0xff, 0xff, 0xff, 0xff, 0xe3, 0x00,
    0x00, 0xdf, 0xff, 0xff, 0xff, 0xff, 0xfe, 0x10,
    0x00, 0x6f, 0xff, 0xff, 0xff, 0xff, 0xff, 0x90,
    0x00, 0x0d, 0x96, 0x43, 0x5d, 0xff, 0xff, 0xe0,
    0x00, 0x00, 0x47, 0x87, 0x32, 0xff, 0xff, 0xf1,
    0x00, 0x4e, 0xff, 0xff, 0xfd, 0xff, 0xff, 0xf2,
    0x04, 0xff, 0xff, 0xff, 0xff, 0xff, 0xff, 0xf2,
    0x0e, 0xff, 0xff, 0xff, 0xff, 0xff, 0xff, 0xf2,
    0x4f, 0xff, 0xff, 0x91, 0x19, 0xff, 0xff, 0xf2,
    0x6f, 0xff, 0xff, 0x10, 0x00, 0xff, 0xff, 0xf2,
    0x5f, 0xff, 0xff, 0x30, 0x03, 0xff, 0xff, 0xf2,
    0x1f, 0xff, 0xff, 0xe8, 0x8e, 0xff, 0xff, 0xf2,
    0x0a, 0xff, 0xff, 0xff, 0xff, 0xff, 0xff, 0xf2,
    0x00, 0xcf, 0xff, 0xff, 0xff, 0xef, 0xff, 0xf2,
    0x00, 0x06, 0xcf, 0xfe, 0xb4, 0x5f, 0xff, 0xf2,

    /* U+00E6 "æ" */
    0x00, 0x01, 0x6a, 0xdf, 0xfe, 0xb6, 0x00, 0x4a, 0xef, 0xfd, 0x92, 0x00, 0x00,
    0x00, 0x9f, 0xff, 0xff, 0xff, 0xff, 0xcb, 0xff, 0xff, 0xff, 0xff, 0x70, 0x00,
    0x00, 0xaf, 0xff, 0xff, 0xff, 0xff, 0xff, 0xff, 0xff, 0xff, 0xff, 0xf7, 0x00,
    0x00, 0x3f, 0xff, 0xff, 0xff, 0xff, 0xff, 0xff, 0xff, 0xff, 0xff, 0xff, 0x30,
    0x00, 0x0b, 0xa6, 0x43, 0x5d, 0xff, 0xff, 0xfe, 0x40, 0x06, 0xff, 0xff, 0xa0,
    0x00, 0x00, 0x47, 0x87, 0x33, 0xff, 0xff, 0xf3, 0x00, 0x00, 0x8f, 0xff, 0xf0,
    0x00, 0x4e, 0xff, 0xff, 0xfd, 0xff, 0xff, 0xff, 0xff, 0xff, 0xff, 0xff, 0xf2,
    0x05, 0xff, 0xff, 0xff, 0xff, 0xff, 0xff, 0xff, 0xff, 0xff, 0xff, 0xff, 0xf3,
    0x0e, 0xff, 0xff, 0xff, 0xff, 0xff, 0xff, 0xff, 0xff, 0xff, 0xff, 0xff, 0xf3,
    0x4f, 0xff, 0xff, 0xa1, 0x08, 0xff, 0xff, 0xf6, 0x66, 0x66, 0x66, 0x66, 0x60,
    0x6f, 0xff, 0xff, 0x10, 0x00, 0xff, 0xff, 0xf5, 0x00, 0x00, 0x0b, 0x70, 0x00,
    0x5f, 0xff, 0xff, 0x40, 0x02, 0xff, 0xff, 0xff, 0x72, 0x14, 0xcf, 0xfe, 0x50,
    0x1f, 0xff, 0xff, 0xf9, 0x9e, 0xff, 0xff, 0xff, 0xff, 0xff, 0xff, 0xff, 0xa0,
    0x09, 0xff, 0xff, 0xff, 0xff, 0xff, 0xdf, 0xff, 0xff, 0xff, 0xff, 0xfd, 0x10,
    0x00, 0xbf, 0xff, 0xff, 0xff, 0xf4, 0x1b, 0xff, 0xff, 0xff, 0xff, 0xb1, 0x00,
    0x00, 0x05, 0xbe, 0xff, 0xd8, 0x10, 0x00, 0x4a, 0xdf, 0xfe, 0xa4, 0x00, 0x00,

    /* U+00E7 "ç" */
    0x00, 0x00, 0x07, 0xce, 0xff, 0xd9, 0x20, 0x00, 0x00,
    0x00, 0x04, 0xef, 0xff, 0xff, 0xff, 0xf9, 0x00, 0x00,
    0x00, 0x5f, 0xff, 0xff, 0xff, 0xff, 0xff, 0xb0, 0x00,
    0x02, 0xff, 0xff, 0xff, 0xff, 0xff, 0xff, 0xf7, 0x00,
    0x0a, 0xff, 0xff, 0xff, 0xff, 0xff, 0xff, 0xfe, 0x00,
    0x1f, 0xff, 0xff, 0xe4, 0x12, 0x9f, 0xfe, 0x81, 0x00,
    0x4f, 0xff, 0xff, 0x30, 0x00, 0x09, 0x60, 0x00, 0x00,
    0x6f, 0xff, 0xfd, 0x00, 0x00, 0x00, 0x00, 0x00, 0x00,
    0x5f, 0xff, 0xfd, 0x00, 0x00, 0x00, 0x00, 0x00, 0x00,
    0x4f, 0xff, 0xff, 0x10, 0x00, 0x06, 0x30, 0x00, 0x00,
    0x0f, 0xff, 0xff, 0xc2, 0x00, 0x6f, 0xfc, 0x50, 0x00,
    0x0a, 0xff, 0xff, 0xff, 0xef, 0xff, 0xff, 0xfd, 0x00,
    0x02, 0xff, 0xff, 0xff, 0xff, 0xff, 0xff, 0xf8, 0x00,
    0x00, 0x5f, 0xff, 0xff, 0xff, 0xff, 0xff, 0xb0, 0x00,
    0x00, 0x05, 0xef, 0xff, 0xff, 0xff, 0xf9, 0x00, 0x00,
    0x00, 0x00, 0x17, 0xdf, 0xff, 0xd9, 0x30, 0x00, 0x00,
    0x00, 0x00, 0x00, 0xaf, 0xfd, 0x60, 0x00, 0x00, 0x00,
    0x00, 0x00, 0x00, 0xef, 0xff, 0xf7, 0x00, 0x00, 0x00,
    0x00, 0x00, 0x00, 0x66, 0x8f, 0xfe, 0x00, 0x00, 0x00,
    0x00, 0x00, 0x08, 0x85, 0x6f, 0xfe, 0x00, 0x00, 0x00,
    0x00, 0x00, 0x1f, 0xff, 0xff, 0xf9, 0x00, 0x00, 0x00,
    0x00, 0x00, 0x3d, 0xff, 0xff, 0xa0, 0x00, 0x00, 0x00,
    0x00, 0x00, 0x00, 0x24, 0x42, 0x00, 0x00, 0x00, 0x00,

    /* U+00E8 "è" */
    0x00, 0x00, 0x04, 0x10, 0x00, 0x00, 0x00, 0x00, 0x00,
    0x00, 0x00, 0x4f, 0xe2, 0x00, 0x00, 0x00, 0x00, 0x00,
    0x00, 0x04, 0xff, 0xfe, 0x30, 0x00, 0x00, 0x00, 0x00,
    0x00, 0x01, 0xdf, 0xff, 0xf4, 0x00, 0x00, 0x00, 0x00,
    0x00, 0x00, 0x0c, 0xff, 0xff, 0x50, 0x00, 0x00, 0x00,
    0x00, 0x00, 0x00, 0xbf, 0xff, 0xa0, 0x00, 0x00, 0x00,
    0x00, 0x00, 0x00, 0x09, 0xfb, 0x00, 0x00, 0x00, 0x00,
    0x00, 0x00, 0x00, 0x00, 0x60, 0x00, 0x00, 0x00, 0x00,
    0x00, 0x00, 0x00, 0x00, 0x00, 0x00, 0x00, 0x00, 0x00,
    0x00, 0x00, 0x17, 0xcf, 0xff, 0xc7, 0x10, 0x00, 0x00,
    0x00, 0x05, 0xff, 0xff, 0xff, 0xff, 0xf5, 0x00, 0x00,
    0x00, 0x6f, 0xff, 0xff, 0xff, 0xff, 0xff, 0x60, 0x00,
    0x02, 0xff, 0xff, 0xff, 0xff, 0xff, 0xff, 0xf3, 0x00,
    0x0a, 0xff, 0xff, 0x91, 0x01, 0x7f, 0xff, 0xfb, 0x00,
    0x0f, 0xff, 0xfa, 0x00, 0x00, 0x08, 0xff, 0xff, 0x10,
    0x4f, 0xff, 0xff, 0xff, 0xff, 0xff, 0xff, 0xff, 0x40,
    0x5f, 0xff, 0xff, 0xff, 0xff, 0xff, 0xff, 0xff, 0x60,
    0x5f, 0xff, 0xff, 0xff, 0xff, 0xff, 0xff, 0xff, 0x60,
    0x4f, 0xff, 0xfa, 0x88, 0x88, 0x88, 0x88, 0x88, 0x20,
    0x1f, 0xff, 0xfa, 0x00, 0x00, 0x00, 0x83, 0x00, 0x00,
    0x0c, 0xff, 0xff, 0x91, 0x00, 0x2b, 0xff, 0xa2, 0x00,
    0x04, 0xff, 0xff, 0xff, 0xef, 0xff, 0xff, 0xf9, 0x00,
    0x00, 0x8f, 0xff, 0xff, 0xff, 0xff, 0xff, 0xc0, 0x00,
    0x00, 0x07, 0xff, 0xff, 0xff, 0xff, 0xf9, 0x00, 0x00,
    0x00, 0x00, 0x18, 0xcf, 0xff, 0xd9, 0x20, 0x00, 0x00,

    /* U+00E9 "é" */
    0x00, 0x00, 0x00, 0x00, 0x00, 0x14, 0x00, 0x00, 0x00,
    0x00, 0x00, 0x00, 0x00, 0x02, 0xef, 0x40, 0x00, 0x00,
    0x00, 0x00, 0x00, 0x00, 0x3e, 0xff, 0xf4, 0x00, 0x00,
    0x00, 0x00, 0x00, 0x04, 0xff, 0xff, 0xc1, 0x00, 0x00,
    0x00, 0x00, 0x00, 0x5f, 0xff, 0xfb, 0x00, 0x00, 0x00,
    0x00, 0x00, 0x00, 0xaf, 0xff, 0xa0, 0x00, 0x00, 0x00,
    0x00, 0x00, 0x00, 0x0b, 0xf9, 0x00, 0x00, 0x00, 0x00,
    0x00, 0x00, 0x00, 0x00, 0x60, 0x00, 0x00, 0x00, 0x00,
    0x00, 0x00, 0x00, 0x00, 0x00, 0x00, 0x00, 0x00, 0x00,
    0x00, 0x00, 0x17, 0xcf, 0xff, 0xc7, 0x10, 0x00, 0x00,
    0x00, 0x05, 0xff, 0xff, 0xff, 0xff, 0xf5, 0x00, 0x00,
    0x00, 0x6f, 0xff, 0xff, 0xff, 0xff, 0xff, 0x60, 0x00,
    0x02, 0xff, 0xff, 0xff, 0xff, 0xff, 0xff, 0xf3, 0x00,
    0x0a, 0xff, 0xff, 0x91, 0x01, 0x7f, 0xff, 0xfb, 0x00,
    0x0f, 0xff, 0xfa, 0x00, 0x00, 0x08, 0xff, 0xff, 0x10,
    0x4f, 0xff, 0xff, 0xff, 0xff, 0xff, 0xff, 0xff, 0x40,
    0x5f, 0xff, 0xff, 0xff, 0xff, 0xff, 0xff, 0xff, 0x60,
    0x5f, 0xff, 0xff, 0xff, 0xff, 0xff, 0xff, 0xff, 0x60,
    0x4f, 0xff, 0xfa, 0x88, 0x88, 0x88, 0x88, 0x88, 0x20,
    0x1f, 0xff, 0xfa, 0x00, 0x00, 0x00, 0x83, 0x00, 0x00,
    0x0c, 0xff, 0xff, 0x91, 0x00, 0x2b, 0xff, 0xa2, 0x00,
    0x04, 0xff, 0xff, 0xff, 0xef, 0xff, 0xff, 0xf9, 0x00,
    0x00, 0x8f, 0xff, 0xff, 0xff, 0xff, 0xff, 0xc0, 0x00,
    0x00, 0x07, 0xff, 0xff, 0xff, 0xff, 0xf9, 0x00, 0x00,
    0x00, 0x00, 0x18, 0xcf, 0xff, 0xd9, 0x20, 0x00, 0x00,

    /* U+00EA "ê" */
    0x00, 0x00, 0x00, 0x00, 0x50, 0x00, 0x00, 0x00, 0x00,
    0x00, 0x00, 0x00, 0x0a, 0xfa, 0x00, 0x00, 0x00, 0x00,
    0x00, 0x00, 0x01, 0xcf, 0xff, 0xc1, 0x00, 0x00, 0x00,
    0x00, 0x00, 0x1d, 0xff, 0xff, 0xfd, 0x10, 0x00, 0x00,
    0x00, 0x02, 0xef, 0xff, 0xff, 0xff, 0xe2, 0x00, 0x00,
    0x00, 0x02, 0xef, 0xfc, 0x2d, 0xff, 0xe2, 0x00, 0x00,
    0x00, 0x00, 0x1d, 0xb0, 0x01, 0xce, 0x20, 0x00, 0x00,
    0x00, 0x00, 0x01, 0x00, 0x00, 0x02, 0x00, 0x00, 0x00,
    0x00, 0x00, 0x00, 0x00, 0x00, 0x00, 0x00, 0x00, 0x00,
    0x00, 0x00, 0x17, 0xcf, 0xff, 0xc7, 0x10, 0x00, 0x00,
    0x00, 0x05, 0xff, 0xff, 0xff, 0xff, 0xf5, 0x00, 0x00,
    0x00, 0x6f, 0xff, 0xff, 0xff, 0xff, 0xff, 0x60, 0x00,
    0x02, 0xff, 0xff, 0xff, 0xff, 0xff, 0xff, 0xf3, 0x00,
    0x0a, 0xff, 0xff, 0x91, 0x01, 0x7f, 0xff, 0xfb, 0x00,
    0x0f, 0xff, 0xfa, 0x00, 0x00, 0x08, 0xff, 0xff, 0x10,
    0x4f, 0xff, 0xff, 0xff, 0xff, 0xff, 0xff, 0xff, 0x40,
    0x5f, 0xff, 0xff, 0xff, 0xff, 0xff, 0xff, 0xff, 0x60,
    0x5f, 0xff, 0xff, 0xff, 0xff, 0xff, 0xff, 0xff, 0x60,
    0x4f, 0xff, 0xfa, 0x88, 0x88, 0x88, 0x88, 0x88, 0x20,
    0x1f, 0xff, 0xfa, 0x00, 0x00, 0x00, 0x83, 0x00, 0x00,
    0x0c, 0xff, 0xff, 0x91, 0x00, 0x2b, 0xff, 0xa2, 0x00,
    0x04, 0xff, 0xff, 0xff, 0xef, 0xff, 0xff, 0xf9, 0x00,
    0x00, 0x8f, 0xff, 0xff, 0xff, 0xff, 0xff, 0xc0, 0x00,
    0x00, 0x07, 0xff, 0xff, 0xff, 0xff, 0xf9, 0x00, 0x00,
    0x00, 0x00, 0x18, 0xcf, 0xff, 0xd9, 0x20, 0x00, 0x00,

    /* U+00EB "ë" */
    0x00, 0x00, 0x46, 0x20, 0x00, 0x26, 0x50, 0x00, 0x00,
    0x00, 0x0b, 0xff, 0xf4, 0x04, 0xff, 0xfc, 0x00, 0x00,
    0x00, 0x5f, 0xff, 0xfd, 0x0c, 0xff, 0xff, 0x60, 0x00,
    0x00, 0x7f, 0xff, 0xff, 0x0e, 0xff, 0xff, 0x80, 0x00,
    0x00, 0x2f, 0xff, 0xfa, 0x09, 0xff, 0xff, 0x30, 0x00,
    0x00, 0x05, 0xef, 0xa1, 0x00, 0xaf, 0xe5, 0x00, 0x00,
    0x00, 0x00, 0x00, 0x00, 0x00, 0x00, 0x00, 0x00, 0x00,
    0x00, 0x00, 0x00, 0x00, 0x00, 0x00, 0x00, 0x00, 0x00,
    0x00, 0x00, 0x17, 0xcf, 0xff, 0xc7, 0x10, 0x00, 0x00,
    0x00, 0x05, 0xff, 0xff, 0xff, 0xff, 0xf5, 0x00, 0x00,
    0x00, 0x6f, 0xff, 0xff, 0xff, 0xff, 0xff, 0x60, 0x00,
    0x02, 0xff, 0xff, 0xff, 0xff, 0xff, 0xff, 0xf3, 0x00,
    0x0a, 0xff, 0xff, 0x91, 0x01, 0x7f, 0xff, 0xfb, 0x00,
    0x0f, 0xff, 0xfa, 0x00, 0x00, 0x08, 0xff, 0xff, 0x10,
    0x4f, 0xff, 0xff, 0xff, 0xff, 0xff, 0xff, 0xff, 0x40,
    0x5f, 0xff, 0xff, 0xff, 0xff, 0xff, 0xff, 0xff, 0x60,
    0x5f, 0xff, 0xff, 0xff, 0xff, 0xff, 0xff, 0xff, 0x60,
    0x4f, 0xff, 0xfa, 0x88, 0x88, 0x88, 0x88, 0x88, 0x20,
    0x1f, 0xff, 0xfa, 0x00, 0x00, 0x00, 0x83, 0x00, 0x00,
    0x0c, 0xff, 0xff, 0x91, 0x00, 0x2b, 0xff, 0xa2, 0x00,
    0x04, 0xff, 0xff, 0xff, 0xef, 0xff, 0xff, 0xf9, 0x00,
    0x00, 0x8f, 0xff, 0xff, 0xff, 0xff, 0xff, 0xc0, 0x00,
    0x00, 0x07, 0xff, 0xff, 0xff, 0xff, 0xf9, 0x00, 0x00,
    0x00, 0x00, 0x18, 0xcf, 0xff, 0xd9, 0x20, 0x00, 0x00,

    /* U+00EC "ì" */
    0x02, 0xc2, 0x00, 0x00,
    0x2e, 0xfe, 0x30, 0x00,
    0xbf, 0xff, 0xf4, 0x00,
    0x0c, 0xff, 0xff, 0x50,
    0x00, 0xbf, 0xff, 0xf5,
    0x00, 0x09, 0xff, 0xd1,
    0x00, 0x00, 0x8d, 0x10,
    0x00, 0x00, 0x00, 0x00,
    0x00, 0x00, 0x00, 0x00,
    0x00, 0x7f, 0xff, 0xfc,
    0x00, 0x7f, 0xff, 0xfc,
    0x00, 0x7f, 0xff, 0xfc,
    0x00, 0x7f, 0xff, 0xfc,
    0x00, 0x7f, 0xff, 0xfc,
    0x00, 0x7f, 0xff, 0xfc,
    0x00, 0x7f, 0xff, 0xfc,
    0x00, 0x7f, 0xff, 0xfc,
    0x00, 0x7f, 0xff, 0xfc,
    0x00, 0x7f, 0xff, 0xfc,
    0x00, 0x7f, 0xff, 0xfc,
    0x00, 0x7f, 0xff, 0xfc,
    0x00, 0x7f, 0xff, 0xfc,
    0x00, 0x7f, 0xff, 0xfc,
    0x00, 0x7f, 0xff, 0xfc,
    0x00, 0x7f, 0xff, 0xfc,

    /* U+00ED "í" */
    0x00, 0x00, 0x0a, 0x50, 0x00,
    0x00, 0x01, 0xcf, 0xf5, 0x00,
    0x00, 0x1d, 0xff, 0xff, 0x10,
    0x02, 0xef, 0xff, 0xe3, 0x00,
    0x2e, 0xff, 0xfe, 0x20, 0x00,
    0x09, 0xff, 0xd1, 0x00, 0x00,
    0x00, 0xac, 0x10, 0x00, 0x00,
    0x00, 0x00, 0x00, 0x00, 0x00,
    0x00, 0x00, 0x00, 0x00, 0x00,
    0x7f, 0xff, 0xfc, 0x00, 0x00,
    0x7f, 0xff, 0xfc, 0x00, 0x00,
    0x7f, 0xff, 0xfc, 0x00, 0x00,
    0x7f, 0xff, 0xfc, 0x00, 0x00,
    0x7f, 0xff, 0xfc, 0x00, 0x00,
    0x7f, 0xff, 0xfc, 0x00, 0x00,
    0x7f, 0xff, 0xfc, 0x00, 0x00,
    0x7f, 0xff, 0xfc, 0x00, 0x00,
    0x7f, 0xff, 0xfc, 0x00, 0x00,
    0x7f, 0xff, 0xfc, 0x00, 0x00,
    0x7f, 0xff, 0xfc, 0x00, 0x00,
    0x7f, 0xff, 0xfc, 0x00, 0x00,
    0x7f, 0xff, 0xfc, 0x00, 0x00,
    0x7f, 0xff, 0xfc, 0x00, 0x00,
    0x7f, 0xff, 0xfc, 0x00, 0x00,
    0x7f, 0xff, 0xfc, 0x00, 0x00,

    /* U+00EE "î" */
    0x00, 0x00, 0x02, 0x00, 0x00,
    0x00, 0x00, 0xae, 0x20, 0x00,
    0x00, 0x0a, 0xff, 0xe2, 0x00,
    0x00, 0xaf, 0xff, 0xfe, 0x20,
    0x0a, 0xff, 0xff, 0xff, 0xe2,
    0x2e, 0xff, 0xd9, 0xff, 0xf6,
    0x02, 0xde, 0x20, 0x8e, 0x40,
    0x00, 0x12, 0x00, 0x01, 0x00,
    0x00, 0x00, 0x00, 0x00, 0x00,
    0x00, 0x7f, 0xff, 0xfc, 0x00,
    0x00, 0x7f, 0xff, 0xfc, 0x00,
    0x00, 0x7f, 0xff, 0xfc, 0x00,
    0x00, 0x7f, 0xff, 0xfc, 0x00,
    0x00, 0x7f, 0xff, 0xfc, 0x00,
    0x00, 0x7f, 0xff, 0xfc, 0x00,
    0x00, 0x7f, 0xff, 0xfc, 0x00,
    0x00, 0x7f, 0xff, 0xfc, 0x00,
    0x00, 0x7f, 0xff, 0xfc, 0x00,
    0x00, 0x7f, 0xff, 0xfc, 0x00,
    0x00, 0x7f, 0xff, 0xfc, 0x00,
    0x00, 0x7f, 0xff, 0xfc, 0x00,
    0x00, 0x7f, 0xff, 0xfc, 0x00,
    0x00, 0x7f, 0xff, 0xfc, 0x00,
    0x00, 0x7f, 0xff, 0xfc, 0x00,
    0x00, 0x7f, 0xff, 0xfc, 0x00,

    /* U+00EF "ï" */
    0x06, 0xef, 0xb1, 0x06, 0xef, 0xb1,
    0x3f, 0xff, 0xfa, 0x3f, 0xff, 0xfa,
    0x7f, 0xff, 0xfe, 0x7f, 0xff, 0xfe,
    0x6f, 0xff, 0xfd, 0x6f, 0xff, 0xfc,
    0x0d, 0xff, 0xf5, 0x0d, 0xff, 0xf4,
    0x00, 0x56, 0x20, 0x00, 0x56, 0x20,
    0x00, 0x00, 0x00, 0x00, 0x00, 0x00,
    0x00, 0x07, 0xff, 0xff, 0xc0, 0x00,
    0x00, 0x07, 0xff, 0xff, 0xc0, 0x00,
    0x00, 0x07, 0xff, 0xff, 0xc0, 0x00,
    0x00, 0x07, 0xff, 0xff, 0xc0, 0x00,
    0x00, 0x07, 0xff, 0xff, 0xc0, 0x00,
    0x00, 0x07, 0xff, 0xff, 0xc0, 0x00,
    0x00, 0x07, 0xff, 0xff, 0xc0, 0x00,
    0x00, 0x07, 0xff, 0xff, 0xc0, 0x00,
    0x00, 0x07, 0xff, 0xff, 0xc0, 0x00,
    0x00, 0x07, 0xff, 0xff, 0xc0, 0x00,
    0x00, 0x07, 0xff, 0xff, 0xc0, 0x00,
    0x00, 0x07, 0xff, 0xff, 0xc0, 0x00,
    0x00, 0x07, 0xff, 0xff, 0xc0, 0x00,
    0x00, 0x07, 0xff, 0xff, 0xc0, 0x00,
    0x00, 0x07, 0xff, 0xff, 0xc0, 0x00,
    0x00, 0x07, 0xff, 0xff, 0xc0, 0x00,

    /* U+00F0 "ð" */
    0x00, 0x00, 0x00, 0x00, 0x00, 0x00, 0x00, 0x00, 0x00,
    0x00, 0x05, 0xc8, 0x40, 0x00, 0x5d, 0x10, 0x00, 0x00,
    0x00, 0x0c, 0xff, 0xff, 0x98, 0xff, 0xc0, 0x00, 0x00,
    0x00, 0x4f, 0xff, 0xff, 0xff, 0xff, 0xf7, 0x00, 0x00,
    0x00, 0xaf, 0xff, 0xff, 0xff, 0xff, 0xa0, 0x00, 0x00,
    0x00, 0x02, 0x6c, 0xff, 0xff, 0xff, 0xf5, 0x00, 0x00,
    0x00, 0x00, 0x2e, 0xff, 0xff, 0xff, 0xff, 0x40, 0x00,
    0x00, 0x00, 0xbf, 0xff, 0xdc, 0xff, 0xff, 0xe1, 0x00,
    0x00, 0x00, 0x1d, 0xfb, 0x10, 0xaf, 0xff, 0xf9, 0x00,
    0x00, 0x00, 0x02, 0x70, 0x00, 0x0c, 0xff, 0xff, 0x10,
    0x00, 0x00, 0x39, 0xdf, 0xfd, 0x84, 0xff, 0xff, 0x70,
    0x00, 0x09, 0xff, 0xff, 0xff, 0xff, 0xef, 0xff, 0xb0,
    0x00, 0x9f, 0xff, 0xff, 0xff, 0xff, 0xff, 0xff, 0xe0,
    0x04, 0xff, 0xff, 0xff, 0xff, 0xff, 0xff, 0xff, 0xf0,
    0x0b, 0xff, 0xff, 0xfc, 0x88, 0xdf, 0xff, 0xff, 0xf1,
    0x0f, 0xff, 0xff, 0x80, 0x00, 0x0b, 0xff, 0xff, 0xf0,
    0x1f, 0xff, 0xff, 0x00, 0x00, 0x03, 0xff, 0xff, 0xf0,
    0x1f, 0xff, 0xff, 0x00, 0x00, 0x03, 0xff, 0xff, 0xc0,
    0x0f, 0xff, 0xff, 0x60, 0x00, 0x0a, 0xff, 0xff, 0x70,
    0x0a, 0xff, 0xff, 0xfa, 0x66, 0xbf, 0xff, 0xff, 0x10,
    0x03, 0xff, 0xff, 0xff, 0xff, 0xff, 0xff, 0xf8, 0x00,
    0x00, 0x7f, 0xff, 0xff, 0xff, 0xff, 0xff, 0xb0, 0x00,
    0x00, 0x06, 0xff, 0xff, 0xff, 0xff, 0xf9, 0x00, 0x00,
    0x00, 0x00, 0x17, 0xce, 0xff, 0xd9, 0x30, 0x00, 0x00,

    /* U+00F1 "ñ" */
    0x00, 0x03, 0xcf, 0xea, 0x30, 0x5d, 0x60, 0x00,
    0x00, 0x3f, 0xff, 0xff, 0xff, 0xff, 0xfe, 0x10,
    0x00, 0xdf, 0xff, 0xff, 0xff, 0xff, 0xfa, 0x00,
    0x01, 0xcf, 0xff, 0xdf, 0xff, 0xff, 0xd1, 0x00,
    0x00, 0x03, 0xa2, 0x02, 0x9c, 0xd8, 0x10, 0x00,
    0x00, 0x00, 0x00, 0x00, 0x00, 0x00, 0x00, 0x00,
    0x00, 0x00, 0x00, 0x00, 0x00, 0x00, 0x00, 0x00,
    0x7f, 0xff, 0x80, 0x06, 0xcf, 0xfe, 0xa2, 0x00,
    0x7f, 0xff, 0xd5, 0xef, 0xff, 0xff, 0xff, 0x20,
    0x7f, 0xff, 0xff, 0xff, 0xff, 0xff, 0xff, 0xb0,
    0x7f, 0xff, 0xff, 0xff, 0xff, 0xff, 0xff, 0xf1,
    0x7f, 0xff, 0xff, 0xff, 0xff, 0xff, 0xff, 0xf4,
    0x7f, 0xff, 0xff, 0xc5, 0x13, 0xff, 0xff, 0xf6,
    0x7f, 0xff, 0xfc, 0x00, 0x00, 0xcf, 0xff, 0xf7,
    0x7f, 0xff, 0xfb, 0x00, 0x00, 0xbf, 0xff, 0xf7,
    0x7f, 0xff, 0xfb, 0x00, 0x00, 0xbf, 0xff, 0xf7,
    0x7f, 0xff, 0xfb, 0x00, 0x00, 0xbf, 0xff, 0xf7,
    0x7f, 0xff, 0xfb, 0x00, 0x00, 0xbf, 0xff, 0xf7,
    0x7f, 0xff, 0xfb, 0x00, 0x00, 0xbf, 0xff, 0xf7,
    0x7f, 0xff, 0xfb, 0x00, 0x00, 0xbf, 0xff, 0xf7,
    0x7f, 0xff, 0xfb, 0x00, 0x00, 0xbf, 0xff, 0xf7,
    0x7f, 0xff, 0xfb, 0x00, 0x00, 0xbf, 0xff, 0xf7,
    0x7f, 0xff, 0xfb, 0x00, 0x00, 0xbf, 0xff, 0xf7,

    /* U+00F2 "ò" */
    0x00, 0x00, 0x00, 0x50, 0x00, 0x00, 0x00, 0x00, 0x00,
    0x00, 0x00, 0x0c, 0xf7, 0x00, 0x00, 0x00, 0x00, 0x00,
    0x00, 0x00, 0xcf, 0xff, 0x80, 0x00, 0x00, 0x00, 0x00,
    0x00, 0x00, 0x7f, 0xff, 0xfa, 0x00, 0x00, 0x00, 0x00,
    0x00, 0x00, 0x06, 0xff, 0xff, 0xb0, 0x00, 0x00, 0x00,
    0x00, 0x00, 0x00, 0x5f, 0xff, 0xe2, 0x00, 0x00, 0x00,
    0x00, 0x00, 0x00, 0x04, 0xfe, 0x30, 0x00, 0x00, 0x00,
    0x00, 0x00, 0x00, 0x00, 0x33, 0x00, 0x00, 0x00, 0x00,
    0x00, 0x00, 0x00, 0x00, 0x00, 0x00, 0x00, 0x00, 0x00,
    0x00, 0x00, 0x06, 0xbe, 0xff, 0xea, 0x50, 0x00, 0x00,
    0x00, 0x03, 0xdf, 0xff, 0xff, 0xff, 0xfd, 0x20, 0x00,
    0x00, 0x4f, 0xff, 0xff, 0xff, 0xff, 0xff, 0xf3, 0x00,
    0x01, 0xff, 0xff, 0xff, 0xff, 0xff, 0xff, 0xfe, 0x10,
    0x0a, 0xff, 0xff, 0xff, 0xff, 0xff, 0xff, 0xff, 0x80,
    0x0f, 0xff, 0xff, 0xe5, 0x11, 0x6f, 0xff, 0xff, 0xe0,
    0x3f, 0xff, 0xff, 0x40, 0x00, 0x06, 0xff, 0xff, 0xf2,
    0x5f, 0xff, 0xff, 0x00, 0x00, 0x00, 0xff, 0xff, 0xf3,
    0x5f, 0xff, 0xff, 0x00, 0x00, 0x00, 0xff, 0xff, 0xf3,
    0x3f, 0xff, 0xff, 0x40, 0x00, 0x06, 0xff, 0xff, 0xf2,
    0x0f, 0xff, 0xff, 0xe5, 0x01, 0x6f, 0xff, 0xff, 0xe0,
    0x0a, 0xff, 0xff, 0xff, 0xff, 0xff, 0xff, 0xff, 0x80,
    0x01, 0xff, 0xff, 0xff, 0xff, 0xff, 0xff, 0xfe, 0x10,
    0x00, 0x4f, 0xff, 0xff, 0xff, 0xff, 0xff, 0xf3, 0x00,
    0x00, 0x03, 0xdf, 0xff, 0xff, 0xff, 0xfd, 0x30, 0x00,
    0x00, 0x00, 0x06, 0xbe, 0xff, 0xea, 0x50, 0x00, 0x00,

    /* U+00F3 "ó" */
    0x00, 0x00, 0x00, 0x00, 0x00, 0x05, 0x00, 0x00, 0x00,
    0x00, 0x00, 0x00, 0x00, 0x00, 0xaf, 0xa0, 0x00, 0x00,
    0x00, 0x00, 0x00, 0x00, 0x0b, 0xff, 0xfa, 0x00, 0x00,
    0x00, 0x00, 0x00, 0x01, 0xcf, 0xff, 0xf5, 0x00, 0x00,
    0x00, 0x00, 0x00, 0x1d, 0xff, 0xff, 0x40, 0x00, 0x00,
    0x00, 0x00, 0x00, 0x4f, 0xff, 0xe3, 0x00, 0x00, 0x00,
    0x00, 0x00, 0x00, 0x05, 0xfe, 0x20, 0x00, 0x00, 0x00,
    0x00, 0x00, 0x00, 0x00, 0x41, 0x00, 0x00, 0x00, 0x00,
    0x00, 0x00, 0x00, 0x00, 0x00, 0x00, 0x00, 0x00, 0x00,
    0x00, 0x00, 0x06, 0xbe, 0xff, 0xea, 0x50, 0x00, 0x00,
    0x00, 0x03, 0xdf, 0xff, 0xff, 0xff, 0xfd, 0x20, 0x00,
    0x00, 0x4f, 0xff, 0xff, 0xff, 0xff, 0xff, 0xf3, 0x00,
    0x01, 0xff, 0xff, 0xff, 0xff, 0xff, 0xff, 0xfe, 0x10,
    0x0a, 0xff, 0xff, 0xff, 0xff, 0xff, 0xff, 0xff, 0x80,
    0x0f, 0xff, 0xff, 0xe5, 0x11, 0x6f, 0xff, 0xff, 0xe0,
    0x3f, 0xff, 0xff, 0x40, 0x00, 0x06, 0xff, 0xff, 0xf2,
    0x5f, 0xff, 0xff, 0x00, 0x00, 0x00, 0xff, 0xff, 0xf3,
    0x5f, 0xff, 0xff, 0x00, 0x00, 0x00, 0xff, 0xff, 0xf3,
    0x3f, 0xff, 0xff, 0x40, 0x00, 0x06, 0xff, 0xff, 0xf2,
    0x0f, 0xff, 0xff, 0xe5, 0x01, 0x6f, 0xff, 0xff, 0xe0,
    0x0a, 0xff, 0xff, 0xff, 0xff, 0xff, 0xff, 0xff, 0x80,
    0x01, 0xff, 0xff, 0xff, 0xff, 0xff, 0xff, 0xfe, 0x10,
    0x00, 0x4f, 0xff, 0xff, 0xff, 0xff, 0xff, 0xf3, 0x00,
    0x00, 0x03, 0xdf, 0xff, 0xff, 0xff, 0xfd, 0x30, 0x00,
    0x00, 0x00, 0x06, 0xbe, 0xff, 0xea, 0x50, 0x00, 0x00,

    /* U+00F4 "ô" */
    0x00, 0x00, 0x00, 0x00, 0x32, 0x00, 0x00, 0x00, 0x00,
    0x00, 0x00, 0x00, 0x05, 0xfe, 0x30, 0x00, 0x00, 0x00,
    0x00, 0x00, 0x00, 0x6f, 0xff, 0xf4, 0x00, 0x00, 0x00,
    0x00, 0x00, 0x08, 0xff, 0xff, 0xff, 0x60, 0x00, 0x00,
    0x00, 0x00, 0xaf, 0xff, 0xff, 0xff, 0xf7, 0x00, 0x00,
    0x00, 0x00, 0x9f, 0xff, 0x57, 0xff, 0xf7, 0x00, 0x00,
    0x00, 0x00, 0x08, 0xe3, 0x00, 0x7f, 0x70, 0x00, 0x00,
    0x00, 0x00, 0x00, 0x10, 0x00, 0x02, 0x00, 0x00, 0x00,
    0x00, 0x00, 0x00, 0x00, 0x00, 0x00, 0x00, 0x00, 0x00,
    0x00, 0x00, 0x06, 0xbe, 0xff, 0xea, 0x50, 0x00, 0x00,
    0x00, 0x03, 0xdf, 0xff, 0xff, 0xff, 0xfd, 0x20, 0x00,
    0x00, 0x4f, 0xff, 0xff, 0xff, 0xff, 0xff, 0xf3, 0x00,
    0x01, 0xff, 0xff, 0xff, 0xff, 0xff, 0xff, 0xfe, 0x10,
    0x0a, 0xff, 0xff, 0xff, 0xff, 0xff, 0xff, 0xff, 0x80,
    0x0f, 0xff, 0xff, 0xe5, 0x11, 0x6f, 0xff, 0xff, 0xe0,
    0x3f, 0xff, 0xff, 0x40, 0x00, 0x06, 0xff, 0xff, 0xf2,
    0x5f, 0xff, 0xff, 0x00, 0x00, 0x00, 0xff, 0xff, 0xf3,
    0x5f, 0xff, 0xff, 0x00, 0x00, 0x00, 0xff, 0xff, 0xf3,
    0x3f, 0xff, 0xff, 0x40, 0x00, 0x06, 0xff, 0xff, 0xf2,
    0x0f, 0xff, 0xff, 0xe5, 0x01, 0x6f, 0xff, 0xff, 0xe0,
    0x0a, 0xff, 0xff, 0xff, 0xff, 0xff, 0xff, 0xff, 0x80,
    0x01, 0xff, 0xff, 0xff, 0xff, 0xff, 0xff, 0xfe, 0x10,
    0x00, 0x4f, 0xff, 0xff, 0xff, 0xff, 0xff, 0xf3, 0x00,
    0x00, 0x03, 0xdf, 0xff, 0xff, 0xff, 0xfd, 0x30, 0x00,
    0x00, 0x00, 0x06, 0xbe, 0xff, 0xea, 0x50, 0x00, 0x00,

    /* U+00F5 "õ" */
    0x00, 0x00, 0x19, 0xdb, 0x30, 0x00, 0x90, 0x00, 0x00,
    0x00, 0x01, 0xef, 0xff, 0xf7, 0x09, 0xfe, 0x40, 0x00,
    0x00, 0x0b, 0xff, 0xff, 0xff, 0xff, 0xff, 0xf1, 0x00,
    0x00, 0x2f, 0xff, 0xff, 0xff, 0xff, 0xff, 0x90, 0x00,
    0x00, 0x04, 0xdf, 0x80, 0x8f, 0xff, 0xfd, 0x10, 0x00,
    0x00, 0x00, 0x08, 0x00, 0x05, 0xcd, 0x80, 0x00, 0x00,
    0x00, 0x00, 0x00, 0x00, 0x00, 0x00, 0x00, 0x00, 0x00,
    0x00, 0x00, 0x00, 0x00, 0x00, 0x00, 0x00, 0x00, 0x00,
    0x00, 0x00, 0x06, 0xbe, 0xff, 0xea, 0x50, 0x00, 0x00,
    0x00, 0x03, 0xdf, 0xff, 0xff, 0xff, 0xfd, 0x20, 0x00,
    0x00, 0x4f, 0xff, 0xff, 0xff, 0xff, 0xff, 0xf3, 0x00,
    0x01, 0xff, 0xff, 0xff, 0xff, 0xff, 0xff, 0xfe, 0x10,
    0x0a, 0xff, 0xff, 0xff, 0xff, 0xff, 0xff, 0xff, 0x80,
    0x0f, 0xff, 0xff, 0xe5, 0x11, 0x6f, 0xff, 0xff, 0xe0,
    0x3f, 0xff, 0xff, 0x40, 0x00, 0x06, 0xff, 0xff, 0xf2,
    0x5f, 0xff, 0xff, 0x00, 0x00, 0x00, 0xff, 0xff, 0xf3,
    0x5f, 0xff, 0xff, 0x00, 0x00, 0x00, 0xff, 0xff, 0xf3,
    0x3f, 0xff, 0xff, 0x40, 0x00, 0x06, 0xff, 0xff, 0xf2,
    0x0f, 0xff, 0xff, 0xe5, 0x01, 0x6f, 0xff, 0xff, 0xe0,
    0x0a, 0xff, 0xff, 0xff, 0xff, 0xff, 0xff, 0xff, 0x80,
    0x01, 0xff, 0xff, 0xff, 0xff, 0xff, 0xff, 0xfe, 0x10,
    0x00, 0x4f, 0xff, 0xff, 0xff, 0xff, 0xff, 0xf3, 0x00,
    0x00, 0x03, 0xdf, 0xff, 0xff, 0xff, 0xfd, 0x30, 0x00,
    0x00, 0x00, 0x06, 0xbe, 0xff, 0xea, 0x50, 0x00, 0x00,

    /* U+00F6 "ö" */
    0x00, 0x00, 0x26, 0x40, 0x00, 0x05, 0x62, 0x00, 0x00,
    0x00, 0x05, 0xff, 0xfa, 0x00, 0xcf, 0xff, 0x40, 0x00,
    0x00, 0x0e, 0xff, 0xff, 0x45, 0xff, 0xff, 0xc0, 0x00,
    0x00, 0x0f, 0xff, 0xff, 0x57, 0xff, 0xff, 0xe0, 0x00,
    0x00, 0x0c, 0xff, 0xff, 0x13, 0xff, 0xff, 0x90, 0x00,
    0x00, 0x01, 0xbf, 0xd4, 0x00, 0x5e, 0xfa, 0x00, 0x00,
    0x00, 0x00, 0x00, 0x00, 0x00, 0x00, 0x00, 0x00, 0x00,
    0x00, 0x00, 0x00, 0x00, 0x00, 0x00, 0x00, 0x00, 0x00,
    0x00, 0x00, 0x06, 0xbe, 0xff, 0xea, 0x50, 0x00, 0x00,
    0x00, 0x03, 0xdf, 0xff, 0xff, 0xff, 0xfd, 0x20, 0x00,
    0x00, 0x4f, 0xff, 0xff, 0xff, 0xff, 0xff, 0xf3, 0x00,
    0x01, 0xff, 0xff, 0xff, 0xff, 0xff, 0xff, 0xfe, 0x10,
    0x0a, 0xff, 0xff, 0xff, 0xff, 0xff, 0xff, 0xff, 0x80,
    0x0f, 0xff, 0xff, 0xe5, 0x11, 0x6f, 0xff, 0xff, 0xe0,
    0x3f, 0xff, 0xff, 0x40, 0x00, 0x06, 0xff, 0xff, 0xf2,
    0x5f, 0xff, 0xff, 0x00, 0x00, 0x00, 0xff, 0xff, 0xf3,
    0x5f, 0xff, 0xff, 0x00, 0x00, 0x00, 0xff, 0xff, 0xf3,
    0x3f, 0xff, 0xff, 0x40, 0x00, 0x06, 0xff, 0xff, 0xf2,
    0x0f, 0xff, 0xff, 0xe5, 0x01, 0x6f, 0xff, 0xff, 0xe0,
    0x0a, 0xff, 0xff, 0xff, 0xff, 0xff, 0xff, 0xff, 0x80,
    0x01, 0xff, 0xff, 0xff, 0xff, 0xff, 0xff, 0xfe, 0x10,
    0x00, 0x4f, 0xff, 0xff, 0xff, 0xff, 0xff, 0xf3, 0x00,
    0x00, 0x03, 0xdf, 0xff, 0xff, 0xff, 0xfd, 0x30, 0x00,
    0x00, 0x00, 0x06, 0xbe, 0xff, 0xea, 0x50, 0x00, 0x00,

    /* U+00F7 "÷" */
    0x00, 0x00, 0x00, 0x01, 0x31, 0x00, 0x00, 0x00, 0x00,
    0x00, 0x00, 0x00, 0xaf, 0xff, 0xd2, 0x00, 0x00, 0x00,
    0x00, 0x00, 0x09, 0xff, 0xff, 0xfe, 0x00, 0x00, 0x00,
    0x00, 0x00, 0x0e, 0xff, 0xff, 0xff, 0x30, 0x00, 0x00,
    0x00, 0x00, 0x0e, 0xff, 0xff, 0xff, 0x30, 0x00, 0x00,
    0x00, 0x00, 0x08, 0xff, 0xff, 0xfd, 0x00, 0x00, 0x00,
    0x00, 0x00, 0x00, 0x7d, 0xfe, 0x91, 0x00, 0x00, 0x00,
    0x00, 0x00, 0x00, 0x00, 0x00, 0x00, 0x00, 0x00, 0x00,
    0xaf, 0xff, 0xff, 0xff, 0xff, 0xff, 0xff, 0xff, 0xf1,
    0xaf, 0xff, 0xff, 0xff, 0xff, 0xff, 0xff, 0xff, 0xf1,
    0xaf, 0xff, 0xff, 0xff, 0xff, 0xff, 0xff, 0xff, 0xf1,
    0xaf, 0xff, 0xff, 0xff, 0xff, 0xff, 0xff, 0xff, 0xf1,
    0xaf, 0xff, 0xff, 0xff, 0xff, 0xff, 0xff, 0xff, 0xf1,
    0x00, 0x00, 0x00, 0x01, 0x31, 0x00, 0x00, 0x00, 0x00,
    0x00, 0x00, 0x00, 0xaf, 0xff, 0xd2, 0x00, 0x00, 0x00,
    0x00, 0x00, 0x0a, 0xff, 0xff, 0xfe, 0x00, 0x00, 0x00,
    0x00, 0x00, 0x0f, 0xff, 0xff, 0xff, 0x40, 0x00, 0x00,
    0x00, 0x00, 0x0e, 0xff, 0xff, 0xff, 0x30, 0x00, 0x00,
    0x00, 0x00, 0x08, 0xff, 0xff, 0xfc, 0x00, 0x00, 0x00,
    0x00, 0x00, 0x00, 0x7d, 0xfe, 0x91, 0x00, 0x00, 0x00,

    /* U+00F8 "ø" */
    0x00, 0x00, 0x00, 0x00, 0x00, 0x00, 0x06, 0x40, 0x00,
    0x00, 0x00, 0x06, 0xbe, 0xff, 0xea, 0x7f, 0xf8, 0x00,
    0x00, 0x03, 0xdf, 0xff, 0xff, 0xff, 0xff, 0xff, 0x40,
    0x00, 0x4f, 0xff, 0xff, 0xff, 0xff, 0xff, 0xf9, 0x00,
    0x01, 0xff, 0xff, 0xff, 0xff, 0xff, 0xff, 0xfe, 0x10,
    0x0a, 0xff, 0xff, 0xfb, 0x7c, 0xff, 0xff, 0xff, 0x80,
    0x0f, 0xff, 0xff, 0x40, 0x3f, 0xff, 0xff, 0xff, 0xe0,
    0x3f, 0xff, 0xf8, 0x01, 0xef, 0xff, 0xdf, 0xff, 0xf2,
    0x5f, 0xff, 0xf3, 0x0c, 0xff, 0xf8, 0x5f, 0xff, 0xf4,
    0x5f, 0xff, 0xf3, 0x9f, 0xff, 0xb0, 0x5f, 0xff, 0xf4,
    0x3f, 0xff, 0xfc, 0xff, 0xfd, 0x10, 0x9f, 0xff, 0xf2,
    0x0f, 0xff, 0xff, 0xff, 0xf2, 0x05, 0xff, 0xff, 0xe0,
    0x0a, 0xff, 0xff, 0xff, 0xb7, 0xbf, 0xff, 0xff, 0x80,
    0x02, 0xff, 0xff, 0xff, 0xff, 0xff, 0xff, 0xfe, 0x10,
    0x00, 0xbf, 0xff, 0xff, 0xff, 0xff, 0xff, 0xf3, 0x00,
    0x04, 0xff, 0xff, 0xff, 0xff, 0xff, 0xfd, 0x20, 0x00,
    0x00, 0x6f, 0xf7, 0xbe, 0xff, 0xea, 0x50, 0x00, 0x00,
    0x00, 0x02, 0x40, 0x00, 0x00, 0x00, 0x00, 0x00, 0x00,

    /* U+00F9 "ù" */
    0x00, 0x00, 0x6a, 0x00, 0x00, 0x00, 0x00, 0x00,
    0x00, 0x06, 0xff, 0xb0, 0x00, 0x00, 0x00, 0x00,
    0x00, 0x2f, 0xff, 0xfc, 0x10, 0x00, 0x00, 0x00,
    0x00, 0x04, 0xff, 0xff, 0xd1, 0x00, 0x00, 0x00,
    0x00, 0x00, 0x3e, 0xff, 0xfe, 0x10, 0x00, 0x00,
    0x00, 0x00, 0x02, 0xef, 0xf8, 0x00, 0x00, 0x00,
    0x00, 0x00, 0x00, 0x1d, 0x90, 0x00, 0x00, 0x00,
    0x00, 0x00, 0x00, 0x00, 0x00, 0x00, 0x00, 0x00,
    0x00, 0x00, 0x00, 0x00, 0x00, 0x00, 0x00, 0x00,
    0xbf, 0xff, 0xf8, 0x00, 0x00, 0xff, 0xff, 0xf3,
    0xbf, 0xff, 0xf8, 0x00, 0x00, 0xff, 0xff, 0xf3,
    0xbf, 0xff, 0xf8, 0x00, 0x00, 0xff, 0xff, 0xf3,
    0xbf, 0xff, 0xf8, 0x00, 0x00, 0xff, 0xff, 0xf3,
    0xbf, 0xff, 0xf8, 0x00, 0x00, 0xff, 0xff, 0xf3,
    0xbf, 0xff, 0xf8, 0x00, 0x00, 0xff, 0xff, 0xf3,
    0xbf, 0xff, 0xf8, 0x00, 0x00, 0xff, 0xff, 0xf3,
    0xbf, 0xff, 0xf8, 0x00, 0x00, 0xff, 0xff, 0xf3,
    0xbf, 0xff, 0xf8, 0x00, 0x00, 0xff, 0xff, 0xf3,
    0xaf, 0xff, 0xf8, 0x00, 0x00, 0xff, 0xff, 0xf3,
    0xaf, 0xff, 0xfd, 0x20, 0x5d, 0xff, 0xff, 0xf3,
    0x8f, 0xff, 0xff, 0xff, 0xff, 0xff, 0xff, 0xf3,
    0x5f, 0xff, 0xff, 0xff, 0xff, 0xff, 0xff, 0xf3,
    0x0e, 0xff, 0xff, 0xff, 0xff, 0xff, 0xff, 0xf3,
    0x04, 0xff, 0xff, 0xff, 0xfe, 0x5f, 0xff, 0xf3,
    0x00, 0x2a, 0xef, 0xfc, 0x60, 0x0c, 0xff, 0xf3,

    /* U+00FA "ú" */
    0x00, 0x00, 0x00, 0x00, 0x03, 0xc1, 0x00, 0x00,
    0x00, 0x00, 0x00, 0x00, 0x4f, 0xfd, 0x10, 0x00,
    0x00, 0x00, 0x00, 0x05, 0xff, 0xff, 0x90, 0x00,
    0x00, 0x00, 0x00, 0x7f, 0xff, 0xfa, 0x00, 0x00,
    0x00, 0x00, 0x07, 0xff, 0xff, 0x90, 0x00, 0x00,
    0x00, 0x00, 0x02, 0xef, 0xf8, 0x00, 0x00, 0x00,
    0x00, 0x00, 0x00, 0x2e, 0x70, 0x00, 0x00, 0x00,
    0x00, 0x00, 0x00, 0x00, 0x00, 0x00, 0x00, 0x00,
    0x00, 0x00, 0x00, 0x00, 0x00, 0x00, 0x00, 0x00,
    0xbf, 0xff, 0xf8, 0x00, 0x00, 0xff, 0xff, 0xf3,
    0xbf, 0xff, 0xf8, 0x00, 0x00, 0xff, 0xff, 0xf3,
    0xbf, 0xff, 0xf8, 0x00, 0x00, 0xff, 0xff, 0xf3,
    0xbf, 0xff, 0xf8, 0x00, 0x00, 0xff, 0xff, 0xf3,
    0xbf, 0xff, 0xf8, 0x00, 0x00, 0xff, 0xff, 0xf3,
    0xbf, 0xff, 0xf8, 0x00, 0x00, 0xff, 0xff, 0xf3,
    0xbf, 0xff, 0xf8, 0x00, 0x00, 0xff, 0xff, 0xf3,
    0xbf, 0xff, 0xf8, 0x00, 0x00, 0xff, 0xff, 0xf3,
    0xbf, 0xff, 0xf8, 0x00, 0x00, 0xff, 0xff, 0xf3,
    0xaf, 0xff, 0xf8, 0x00, 0x00, 0xff, 0xff, 0xf3,
    0xaf, 0xff, 0xfd, 0x20, 0x5d, 0xff, 0xff, 0xf3,
    0x8f, 0xff, 0xff, 0xff, 0xff, 0xff, 0xff, 0xf3,
    0x5f, 0xff, 0xff, 0xff, 0xff, 0xff, 0xff, 0xf3,
    0x0e, 0xff, 0xff, 0xff, 0xff, 0xff, 0xff, 0xf3,
    0x04, 0xff, 0xff, 0xff, 0xfe, 0x5f, 0xff, 0xf3,
    0x00, 0x2a, 0xef, 0xfc, 0x60, 0x0c, 0xff, 0xf3,

    /* U+00FB "û" */
    0x00, 0x00, 0x00, 0x04, 0x10, 0x00, 0x00, 0x00,
    0x00, 0x00, 0x00, 0x7f, 0xd2, 0x00, 0x00, 0x00,
    0x00, 0x00, 0x09, 0xff, 0xfe, 0x30, 0x00, 0x00,
    0x00, 0x00, 0xbf, 0xff, 0xff, 0xf4, 0x00, 0x00,
    0x00, 0x1c, 0xff, 0xff, 0xff, 0xff, 0x60, 0x00,
    0x00, 0x0a, 0xff, 0xe3, 0x8f, 0xff, 0x40, 0x00,
    0x00, 0x00, 0x9d, 0x10, 0x06, 0xe3, 0x00, 0x00,
    0x00, 0x00, 0x00, 0x00, 0x00, 0x00, 0x00, 0x00,
    0x00, 0x00, 0x00, 0x00, 0x00, 0x00, 0x00, 0x00,
    0xbf, 0xff, 0xf8, 0x00, 0x00, 0xff, 0xff, 0xf3,
    0xbf, 0xff, 0xf8, 0x00, 0x00, 0xff, 0xff, 0xf3,
    0xbf, 0xff, 0xf8, 0x00, 0x00, 0xff, 0xff, 0xf3,
    0xbf, 0xff, 0xf8, 0x00, 0x00, 0xff, 0xff, 0xf3,
    0xbf, 0xff, 0xf8, 0x00, 0x00, 0xff, 0xff, 0xf3,
    0xbf, 0xff, 0xf8, 0x00, 0x00, 0xff, 0xff, 0xf3,
    0xbf, 0xff, 0xf8, 0x00, 0x00, 0xff, 0xff, 0xf3,
    0xbf, 0xff, 0xf8, 0x00, 0x00, 0xff, 0xff, 0xf3,
    0xbf, 0xff, 0xf8, 0x00, 0x00, 0xff, 0xff, 0xf3,
    0xaf, 0xff, 0xf8, 0x00, 0x00, 0xff, 0xff, 0xf3,
    0xaf, 0xff, 0xfd, 0x20, 0x5d, 0xff, 0xff, 0xf3,
    0x8f, 0xff, 0xff, 0xff, 0xff, 0xff, 0xff, 0xf3,
    0x5f, 0xff, 0xff, 0xff, 0xff, 0xff, 0xff, 0xf3,
    0x0e, 0xff, 0xff, 0xff, 0xff, 0xff, 0xff, 0xf3,
    0x04, 0xff, 0xff, 0xff, 0xfe, 0x5f, 0xff, 0xf3,
    0x00, 0x2a, 0xef, 0xfc, 0x60, 0x0c, 0xff, 0xf3,

    /* U+00FC "ü" */
    0x00, 0x03, 0x63, 0x00, 0x00, 0x56, 0x10, 0x00,
    0x00, 0x8f, 0xff, 0x80, 0x1e, 0xff, 0xe2, 0x00,
    0x01, 0xff, 0xff, 0xf1, 0x8f, 0xff, 0xfa, 0x00,
    0x03, 0xff, 0xff, 0xf3, 0xaf, 0xff, 0xfc, 0x00,
    0x00, 0xef, 0xff, 0xe0, 0x5f, 0xff, 0xf7, 0x00,
    0x00, 0x2c, 0xfc, 0x30, 0x07, 0xef, 0x80, 0x00,
    0x00, 0x00, 0x00, 0x00, 0x00, 0x00, 0x00, 0x00,
    0x00, 0x00, 0x00, 0x00, 0x00, 0x00, 0x00, 0x00,
    0xbf, 0xff, 0xf8, 0x00, 0x00, 0xff, 0xff, 0xf3,
    0xbf, 0xff, 0xf8, 0x00, 0x00, 0xff, 0xff, 0xf3,
    0xbf, 0xff, 0xf8, 0x00, 0x00, 0xff, 0xff, 0xf3,
    0xbf, 0xff, 0xf8, 0x00, 0x00, 0xff, 0xff, 0xf3,
    0xbf, 0xff, 0xf8, 0x00, 0x00, 0xff, 0xff, 0xf3,
    0xbf, 0xff, 0xf8, 0x00, 0x00, 0xff, 0xff, 0xf3,
    0xbf, 0xff, 0xf8, 0x00, 0x00, 0xff, 0xff, 0xf3,
    0xbf, 0xff, 0xf8, 0x00, 0x00, 0xff, 0xff, 0xf3,
    0xbf, 0xff, 0xf8, 0x00, 0x00, 0xff, 0xff, 0xf3,
    0xaf, 0xff, 0xf8, 0x00, 0x00, 0xff, 0xff, 0xf3,
    0xaf, 0xff, 0xfd, 0x20, 0x5d, 0xff, 0xff, 0xf3,
    0x8f, 0xff, 0xff, 0xff, 0xff, 0xff, 0xff, 0xf3,
    0x5f, 0xff, 0xff, 0xff, 0xff, 0xff, 0xff, 0xf3,
    0x0e, 0xff, 0xff, 0xff, 0xff, 0xff, 0xff, 0xf3,
    0x04, 0xff, 0xff, 0xff, 0xfe, 0x5f, 0xff, 0xf3,
    0x00, 0x2a, 0xef, 0xfc, 0x60, 0x0c, 0xff, 0xf3,

    /* U+00FD "ý" */
    0x00, 0x00, 0x00, 0x00, 0x00, 0x1b, 0x30, 0x00, 0x00,
    0x00, 0x00, 0x00, 0x00, 0x01, 0xdf, 0xf3, 0x00, 0x00,
    0x00, 0x00, 0x00, 0x00, 0x2e, 0xff, 0xfd, 0x00, 0x00,
    0x00, 0x00, 0x00, 0x03, 0xef, 0xff, 0xd2, 0x00, 0x00,
    0x00, 0x00, 0x00, 0x3f, 0xff, 0xfc, 0x10, 0x00, 0x00,
    0x00, 0x00, 0x00, 0x0b, 0xff, 0xb0, 0x00, 0x00, 0x00,
    0x00, 0x00, 0x00, 0x00, 0xba, 0x00, 0x00, 0x00, 0x00,
    0x00, 0x00, 0x00, 0x00, 0x00, 0x00, 0x00, 0x00, 0x00,
    0x00, 0x00, 0x00, 0x00, 0x00, 0x00, 0x00, 0x00, 0x00,
    0x9f, 0xff, 0xfa, 0x00, 0x00, 0x00, 0x8f, 0xff, 0xfb,
    0x2f, 0xff, 0xff, 0x10, 0x00, 0x00, 0xef, 0xff, 0xf4,
    0x0b, 0xff, 0xff, 0x70, 0x00, 0x05, 0xff, 0xff, 0xd0,
    0x04, 0xff, 0xff, 0xe0, 0x00, 0x0c, 0xff, 0xff, 0x70,
    0x00, 0xdf, 0xff, 0xf5, 0x00, 0x3f, 0xff, 0xff, 0x10,
    0x00, 0x7f, 0xff, 0xfc, 0x00, 0x9f, 0xff, 0xf9, 0x00,
    0x00, 0x1f, 0xff, 0xff, 0x21, 0xff, 0xff, 0xf3, 0x00,
    0x00, 0x09, 0xff, 0xff, 0x97, 0xff, 0xff, 0xc0, 0x00,
    0x00, 0x03, 0xff, 0xff, 0xfe, 0xff, 0xff, 0x50, 0x00,
    0x00, 0x00, 0xcf, 0xff, 0xff, 0xff, 0xfe, 0x00, 0x00,
    0x00, 0x00, 0x5f, 0xff, 0xff, 0xff, 0xf8, 0x00, 0x00,
    0x00, 0x00, 0x0e, 0xff, 0xff, 0xff, 0xf1, 0x00, 0x00,
    0x00, 0x00, 0x08, 0xff, 0xff, 0xff, 0xa0, 0x00, 0x00,
    0x00, 0x00, 0x01, 0xff, 0xff, 0xff, 0x30, 0x00, 0x00,
    0x00, 0x00, 0x00, 0xaf, 0xff, 0xfd, 0x00, 0x00, 0x00,
    0x00, 0x00, 0x00, 0xdf, 0xff, 0xf6, 0x00, 0x00, 0x00,
    0x00, 0x00, 0x03, 0xff, 0xff, 0xf0, 0x00, 0x00, 0x00,
    0x00, 0x00, 0x0a, 0xff, 0xff, 0x80, 0x00, 0x00, 0x00,
    0x00, 0x00, 0x1f, 0xff, 0xff, 0x20, 0x00, 0x00, 0x00,
    0x00, 0x00, 0x7f, 0xff, 0xfb, 0x00, 0x00, 0x00, 0x00,
    0x00, 0x00, 0xef, 0xff, 0xf4, 0x00, 0x00, 0x00, 0x00,
    0x00, 0x05, 0xff, 0xff, 0xd0, 0x00, 0x00, 0x00, 0x00,

    /* U+00FE "þ" */
    0x7f, 0xff, 0xfb, 0x00, 0x00, 0x00, 0x00, 0x00, 0x00,
    0x7f, 0xff, 0xfb, 0x00, 0x00, 0x00, 0x00, 0x00, 0x00,
    0x7f, 0xff, 0xfb, 0x00, 0x00, 0x00, 0x00, 0x00, 0x00,
    0x7f, 0xff, 0xfb, 0x00, 0x00, 0x00, 0x00, 0x00, 0x00,
    0x7f, 0xff, 0xfb, 0x00, 0x00, 0x00, 0x00, 0x00, 0x00,
    0x7f, 0xff, 0xfb, 0x00, 0x00, 0x00, 0x00, 0x00, 0x00,
    0x7f, 0xff, 0xfb, 0x5b, 0xef, 0xeb, 0x50, 0x00, 0x00,
    0x7f, 0xff, 0xff, 0xff, 0xff, 0xff, 0xfb, 0x10, 0x00,
    0x7f, 0xff, 0xff, 0xff, 0xff, 0xff, 0xff, 0xc0, 0x00,
    0x7f, 0xff, 0xff, 0xff, 0xff, 0xff, 0xff, 0xf8, 0x00,
    0x7f, 0xff, 0xff, 0xff, 0xff, 0xff, 0xff, 0xff, 0x00,
    0x7f, 0xff, 0xff, 0xa1, 0x02, 0xcf, 0xff, 0xff, 0x50,
    0x7f, 0xff, 0xfd, 0x00, 0x00, 0x1e, 0xff, 0xff, 0x80,
    0x7f, 0xff, 0xf8, 0x00, 0x00, 0x0a, 0xff, 0xff, 0xa0,
    0x7f, 0xff, 0xf8, 0x00, 0x00, 0x0a, 0xff, 0xff, 0xa0,
    0x7f, 0xff, 0xfd, 0x00, 0x00, 0x1e, 0xff, 0xff, 0x80,
    0x7f, 0xff, 0xff, 0xb2, 0x03, 0xcf, 0xff, 0xff, 0x50,
    0x7f, 0xff, 0xff, 0xff, 0xff, 0xff, 0xff, 0xff, 0x00,
    0x7f, 0xff, 0xff, 0xff, 0xff, 0xff, 0xff, 0xf8, 0x00,
    0x7f, 0xff, 0xff, 0xff, 0xff, 0xff, 0xff, 0xc0, 0x00,
    0x7f, 0xff, 0xff, 0xff, 0xff, 0xff, 0xfb, 0x10, 0x00,
    0x7f, 0xff, 0xfb, 0x6c, 0xff, 0xeb, 0x50, 0x00, 0x00,
    0x7f, 0xff, 0xfb, 0x00, 0x00, 0x00, 0x00, 0x00, 0x00,
    0x7f, 0xff, 0xfb, 0x00, 0x00, 0x00, 0x00, 0x00, 0x00,
    0x7f, 0xff, 0xfb, 0x00, 0x00, 0x00, 0x00, 0x00, 0x00,
    0x7f, 0xff, 0xfb, 0x00, 0x00, 0x00, 0x00, 0x00, 0x00,
    0x7f, 0xff, 0xfb, 0x00, 0x00, 0x00, 0x00, 0x00, 0x00,
    0x7f, 0xff, 0xfb, 0x00, 0x00, 0x00, 0x00, 0x00, 0x00,

    /* U+00FF "ÿ" */
    0x00, 0x00, 0xaf, 0xe5, 0x00, 0x4d, 0xfb, 0x10, 0x00,
    0x00, 0x09, 0xff, 0xff, 0x31, 0xff, 0xff, 0xc0, 0x00,
    0x00, 0x0e, 0xff, 0xff, 0x75, 0xff, 0xff, 0xf0, 0x00,
    0x00, 0x0c, 0xff, 0xff, 0x63, 0xff, 0xff, 0xe0, 0x00,
    0x00, 0x04, 0xff, 0xfc, 0x00, 0xaf, 0xff, 0x50, 0x00,
    0x00, 0x00, 0x26, 0x50, 0x00, 0x04, 0x62, 0x00, 0x00,
    0x00, 0x00, 0x00, 0x00, 0x00, 0x00, 0x00, 0x00, 0x00,
    0x9f, 0xff, 0xfa, 0x00, 0x00, 0x00, 0x8f, 0xff, 0xfb,
    0x2f, 0xff, 0xff, 0x10, 0x00, 0x00, 0xef, 0xff, 0xf4,
    0x0b, 0xff, 0xff, 0x70, 0x00, 0x05, 0xff, 0xff, 0xd0,
    0x04, 0xff, 0xff, 0xe0, 0x00, 0x0c, 0xff, 0xff, 0x70,
    0x00, 0xdf, 0xff, 0xf5, 0x00, 0x3f, 0xff, 0xff, 0x10,
    0x00, 0x7f, 0xff, 0xfc, 0x00, 0x9f, 0xff, 0xf9, 0x00,
    0x00, 0x1f, 0xff, 0xff, 0x21, 0xff, 0xff, 0xf3, 0x00,
    0x00, 0x09, 0xff, 0xff, 0x97, 0xff, 0xff, 0xc0, 0x00,
    0x00, 0x03, 0xff, 0xff, 0xfe, 0xff, 0xff, 0x50, 0x00,
    0x00, 0x00, 0xcf, 0xff, 0xff, 0xff, 0xfe, 0x00, 0x00,
    0x00, 0x00, 0x5f, 0xff, 0xff, 0xff, 0xf8, 0x00, 0x00,
    0x00, 0x00, 0x0e, 0xff, 0xff, 0xff, 0xf1, 0x00, 0x00,
    0x00, 0x00, 0x08, 0xff, 0xff, 0xff, 0xa0, 0x00, 0x00,
    0x00, 0x00, 0x01, 0xff, 0xff, 0xff, 0x30, 0x00, 0x00,
    0x00, 0x00, 0x00, 0xaf, 0xff, 0xfd, 0x00, 0x00, 0x00,
    0x00, 0x00, 0x00, 0xdf, 0xff, 0xf6, 0x00, 0x00, 0x00,
    0x00, 0x00, 0x03, 0xff, 0xff, 0xf0, 0x00, 0x00, 0x00,
    0x00, 0x00, 0x0a, 0xff, 0xff, 0x80, 0x00, 0x00, 0x00,
    0x00, 0x00, 0x1f, 0xff, 0xff, 0x20, 0x00, 0x00, 0x00,
    0x00, 0x00, 0x7f, 0xff, 0xfb, 0x00, 0x00, 0x00, 0x00,
    0x00, 0x00, 0xef, 0xff, 0xf4, 0x00, 0x00, 0x00, 0x00,
    0x00, 0x05, 0xff, 0xff, 0xd0, 0x00, 0x00, 0x00, 0x00,

    /* U+2022 "•" */
    0x00, 0x02, 0x9c, 0xb7, 0x10, 0x00,
    0x00, 0x6f, 0xff, 0xff, 0xe3, 0x00,
    0x04, 0xff, 0xff, 0xff, 0xfe, 0x10,
    0x0c, 0xff, 0xff, 0xff, 0xff, 0x70,
    0x0f, 0xff, 0xff, 0xff, 0xff, 0xb0,
    0x0f, 0xff, 0xff, 0xff, 0xff, 0xb0,
    0x0d, 0xff, 0xff, 0xff, 0xff, 0x80,
    0x06, 0xff, 0xff, 0xff, 0xff, 0x20,
    0x00, 0x9f, 0xff, 0xff, 0xf5, 0x00,
    0x00, 0x05, 0xcf, 0xfb, 0x30, 0x00,

    /* U+E800 "" */
    0x00, 0x00, 0x00, 0x00, 0x00, 0x00, 0x00, 0x00, 0x00, 0x00, 0x00, 0x00, 0x00, 0x00, 0x00, 0x00, 0x00, 0x00, 0x00, 0x00,
    0x00, 0x00, 0x00, 0x00, 0x00, 0x3b, 0xff, 0xff, 0xff, 0xff, 0xff, 0xff, 0xff, 0xff, 0xff, 0xff, 0xff, 0xb3, 0x00, 0x00,
    0x00, 0x00, 0x00, 0x00, 0x06, 0xff, 0xff, 0xff, 0xff, 0xff, 0xff, 0xff, 0xff, 0xff, 0xff, 0xff, 0xff, 0xff, 0x70, 0x00,
    0x00, 0x00, 0x00, 0x00, 0x4f, 0xff, 0xff, 0xff, 0xff, 0xff, 0xff, 0xff, 0xff, 0xff, 0xff, 0xff, 0xff, 0xff, 0xf4, 0x00,
    0x00, 0x00, 0x00, 0x01, 0xef, 0xff, 0xd9, 0x99, 0x99, 0x99, 0x99, 0x99, 0x99, 0x99, 0x99, 0x99, 0x9d, 0xff, 0xfb, 0x00,
    0x00, 0x00, 0x00, 0x0c, 0xff, 0xfc, 0x00, 0x00, 0x00, 0x00, 0x00, 0x00, 0x00, 0x00, 0x00, 0x00, 0x00, 0xcf, 0xff, 0x00,
    0x00, 0x00, 0x00, 0x8f, 0xff, 0xe1, 0x00, 0x00, 0x00, 0x00, 0x00, 0x00, 0x00, 0x00, 0x00, 0x00, 0x00, 0x8f, 0xff, 0x10,
    0x00, 0x00, 0x04, 0xff, 0xff, 0x40, 0x00, 0x00, 0x00, 0x00, 0x00, 0x00, 0x00, 0x00, 0x00, 0x00, 0x00, 0x8f, 0xff, 0x10,
    0x00, 0x00, 0x1e, 0xff, 0xf8, 0x00, 0x00, 0x00, 0x00, 0x00, 0x00, 0x00, 0x00, 0x00, 0x00, 0x00, 0x00, 0x8f, 0xff, 0x10,
    0x00, 0x00, 0xcf, 0xff, 0xb0, 0x00, 0x00, 0x01, 0x74, 0x00, 0x00, 0x00, 0x00, 0x17, 0x30, 0x00, 0x00, 0x8f, 0xff, 0x10,
    0x00, 0x08, 0xff, 0xfe, 0x10, 0x00, 0x00, 0x0d, 0xff, 0x70, 0x00, 0x00, 0x02, 0xef, 0xf3, 0x00, 0x00, 0x8f, 0xff, 0x10,
    0x00, 0x5f, 0xff, 0xf3, 0x00, 0x00, 0x00, 0x0f, 0xff, 0xf7, 0x00, 0x00, 0x2e, 0xff, 0xf6, 0x00, 0x00, 0x8f, 0xff, 0x10,
    0x02, 0xef, 0xff, 0x70, 0x00, 0x00, 0x00, 0x09, 0xff, 0xff, 0x70, 0x02, 0xef, 0xff, 0xe1, 0x00, 0x00, 0x8f, 0xff, 0x10,
    0x0c, 0xff, 0xfb, 0x00, 0x00, 0x00, 0x00, 0x00, 0xaf, 0xff, 0xf7, 0x2e, 0xff, 0xfe, 0x20, 0x00, 0x00, 0x8f, 0xff, 0x10,
    0x7f, 0xff, 0xe1, 0x00, 0x00, 0x00, 0x00, 0x00, 0x0a, 0xff, 0xff, 0xff, 0xff, 0xe2, 0x00, 0x00, 0x00, 0x8f, 0xff, 0x10,
    0xdf, 0xff, 0x30, 0x00, 0x00, 0x00, 0x00, 0x00, 0x00, 0xaf, 0xff, 0xff, 0xfe, 0x20, 0x00, 0x00, 0x00, 0x8f, 0xff, 0x10,
    0xff, 0xfb, 0x00, 0x00, 0x00, 0x00, 0x00, 0x00, 0x00, 0x0b, 0xff, 0xff, 0xf2, 0x00, 0x00, 0x00, 0x00, 0x8f, 0xff, 0x10,
    0xff, 0xfd, 0x00, 0x00, 0x00, 0x00, 0x00, 0x00, 0x00, 0x2e, 0xff, 0xff, 0xf7, 0x00, 0x00, 0x00, 0x00, 0x8f, 0xff, 0x10,
    0xbf, 0xff, 0x70, 0x00, 0x00, 0x00, 0x00, 0x00, 0x02, 0xef, 0xff, 0xff, 0xff, 0x70, 0x00, 0x00, 0x00, 0x8f, 0xff, 0x10,
    0x4f, 0xff, 0xf3, 0x00, 0x00, 0x00, 0x00, 0x00, 0x2e, 0xff, 0xfe, 0xbf, 0xff, 0xf7, 0x00, 0x00, 0x00, 0x8f, 0xff, 0x10,
    0x08, 0xff, 0xfe, 0x10, 0x00, 0x00, 0x00, 0x02, 0xef, 0xff, 0xe2, 0x0a, 0xff, 0xff, 0x70, 0x00, 0x00, 0x8f, 0xff, 0x10,
    0x00, 0xcf, 0xff, 0xb0, 0x00, 0x00, 0x00, 0x0d, 0xff, 0xfe, 0x20, 0x00, 0xaf, 0xff, 0xf4, 0x00, 0x00, 0x8f, 0xff, 0x10,
    0x00, 0x1e, 0xff, 0xf7, 0x00, 0x00, 0x00, 0x0f, 0xff, 0xe2, 0x00, 0x00, 0x0a, 0xff, 0xf6, 0x00, 0x00, 0x8f, 0xff, 0x10,
    0x00, 0x04, 0xff, 0xff, 0x40, 0x00, 0x00, 0x08, 0xfd, 0x20, 0x00, 0x00, 0x00, 0x9f, 0xc1, 0x00, 0x00, 0x8f, 0xff, 0x10,
    0x00, 0x00, 0x8f, 0xff, 0xe1, 0x00, 0x00, 0x00, 0x00, 0x00, 0x00, 0x00, 0x00, 0x00, 0x00, 0x00, 0x00, 0x8f, 0xff, 0x10,
    0x00, 0x00, 0x0c, 0xff, 0xfb, 0x00, 0x00, 0x00, 0x00, 0x00, 0x00, 0x00, 0x00, 0x00, 0x00, 0x00, 0x00, 0x8f, 0xff, 0x10,
    0x00, 0x00, 0x01, 0xef, 0xff, 0x80, 0x00, 0x00, 0x00, 0x00, 0x00, 0x00, 0x00, 0x00, 0x00, 0x00, 0x00, 0x8f, 0xff, 0x10,
    0x00, 0x00, 0x00, 0x4f, 0xff, 0xf4, 0x00, 0x00, 0x00, 0x00, 0x00, 0x00, 0x00, 0x00, 0x00, 0x00, 0x00, 0x9f, 0xff, 0x00,
    0x00, 0x00, 0x00, 0x08, 0xff, 0xfe, 0x30, 0x00, 0x00, 0x00, 0x00, 0x00, 0x00, 0x00, 0x00, 0x00, 0x02, 0xef, 0xfe, 0x00,
    0x00, 0x00, 0x00, 0x00, 0xbf, 0xff, 0xff, 0xff, 0xff, 0xff, 0xff, 0xff, 0xff, 0xff, 0xff, 0xff, 0xff, 0xff, 0xf9, 0x00,
    0x00, 0x00, 0x00, 0x00, 0x1e, 0xff, 0xff, 0xff, 0xff, 0xff, 0xff, 0xff, 0xff, 0xff, 0xff, 0xff, 0xff, 0xff, 0xe1, 0x00,
    0x00, 0x00, 0x00, 0x00, 0x02, 0xdf, 0xff, 0xff, 0xff, 0xff, 0xff, 0xff, 0xff, 0xff, 0xff, 0xff, 0xff, 0xfd, 0x20, 0x00,
    0x00, 0x00, 0x00, 0x00, 0x00, 0x05, 0x9a, 0xbb, 0xbb, 0xbb, 0xbb, 0xbb, 0xbb, 0xbb, 0xbb, 0xbb, 0xa9, 0x50, 0x00, 0x00,

    /* U+E801 "" */
    0x00, 0x00, 0x00, 0x00, 0x00, 0x00, 0x00, 0x20, 0x02, 0x00, 0x00, 0x00, 0x00, 0x00, 0x00, 0x00,
    0x00, 0x00, 0x00, 0x00, 0x00, 0x05, 0xdf, 0xf4, 0x2f, 0xfd, 0x70, 0x00, 0x00, 0x00, 0x00, 0x00,
    0x00, 0x00, 0x00, 0x00, 0x5a, 0x1e, 0xff, 0xf4, 0x2f, 0xff, 0xf1, 0x95, 0x00, 0x00, 0x00, 0x00,
    0x00, 0x00, 0x00, 0x2c, 0xf6, 0x7f, 0xff, 0xf4, 0x2f, 0xff, 0xf8, 0x5f, 0xc2, 0x00, 0x00, 0x00,
    0x00, 0x00, 0x05, 0xff, 0xf0, 0xdf, 0xff, 0xf4, 0x2f, 0xff, 0xfe, 0x0e, 0xfe, 0x40, 0x00, 0x00,
    0x00, 0x00, 0x5f, 0xff, 0xa3, 0xff, 0xff, 0xf4, 0x2f, 0xff, 0xff, 0x59, 0xff, 0xf4, 0x00, 0x00,
    0x00, 0x04, 0xff, 0xff, 0x58, 0xff, 0xff, 0xf4, 0x2f, 0xff, 0xff, 0xa4, 0xff, 0xff, 0x30, 0x00,
    0x00, 0x1e, 0xff, 0xff, 0x1c, 0xff, 0xff, 0xf4, 0x2f, 0xff, 0xff, 0xe0, 0xff, 0xff, 0xe1, 0x00,
    0x00, 0xaf, 0xff, 0xfe, 0x0f, 0xff, 0xff, 0xf4, 0x2f, 0xff, 0xff, 0xf2, 0xcf, 0xff, 0xf9, 0x00,
    0x00, 0x11, 0x11, 0x11, 0x01, 0x11, 0x11, 0x10, 0x01, 0x11, 0x11, 0x10, 0x01, 0x11, 0x11, 0x00,
    0x0b, 0xee, 0xee, 0xe7, 0x5e, 0xee, 0xee, 0xe3, 0x2e, 0xee, 0xee, 0xe7, 0x5e, 0xee, 0xee, 0xa0,
    0x2f, 0xff, 0xff, 0xf7, 0x8f, 0xff, 0xff, 0xf4, 0x2f, 0xff, 0xff, 0xfa, 0x5f, 0xff, 0xff, 0xf2,
    0x7f, 0xff, 0xff, 0xf5, 0xaf, 0xff, 0xff, 0xf4, 0x2f, 0xff, 0xff, 0xfc, 0x3f, 0xff, 0xff, 0xf6,
    0xaf, 0xff, 0xff, 0xf4, 0xbf, 0xff, 0xff, 0xf4, 0x2f, 0xff, 0xff, 0xfd, 0x2f, 0xff, 0xff, 0xfa,
    0xdf, 0xff, 0xff, 0xf4, 0xcf, 0xff, 0xff, 0xf4, 0x2f, 0xff, 0xff, 0xfe, 0x1f, 0xff, 0xff, 0xfd,
    0xff, 0xff, 0xff, 0xf3, 0xcf, 0xff, 0xff, 0xf4, 0x2f, 0xff, 0xff, 0xfe, 0x1f, 0xff, 0xff, 0xff,
    0x00, 0x00, 0x00, 0x00, 0x00, 0x00, 0x00, 0x00, 0x00, 0x00, 0x00, 0x00, 0x00, 0x00, 0x00, 0x00,
    0xcd, 0xdd, 0xdd, 0xd2, 0xad, 0xdd, 0xdd, 0xd3, 0x2d, 0xdd, 0xdd, 0xdc, 0x0d, 0xdd, 0xdd, 0xdc,
    0xef, 0xff, 0xff, 0xf4, 0xcf, 0xff, 0xff, 0xf4, 0x2f, 0xff, 0xff, 0xfe, 0x1f, 0xff, 0xff, 0xfe,
    0xbf, 0xff, 0xff, 0xf4, 0xbf, 0xff, 0xff, 0xf4, 0x2f, 0xff, 0xff, 0xfd, 0x2f, 0xff, 0xff, 0xfb,
    0x7f, 0xff, 0xff, 0xf5, 0xaf, 0xff, 0xff, 0xf4, 0x2f, 0xff, 0xff, 0xfc, 0x3f, 0xff, 0xff, 0xf7,
    0x3f, 0xff, 0xff, 0xf7, 0x8f, 0xff, 0xff, 0xf4, 0x2f, 0xff, 0xff, 0xfa, 0x4f, 0xff, 0xff, 0xf3,
    0x0c, 0xff, 0xff, 0xf8, 0x6f, 0xff, 0xff, 0xf4, 0x2f, 0xff, 0xff, 0xf8, 0x6f, 0xff, 0xff, 0xc0,
    0x01, 0x11, 0x11, 0x11, 0x01, 0x11, 0x11, 0x10, 0x01, 0x11, 0x11, 0x10, 0x01, 0x11, 0x11, 0x10,
    0x00, 0x45, 0x55, 0x54, 0x05, 0x55, 0x55, 0x51, 0x05, 0x55, 0x55, 0x51, 0x35, 0x55, 0x54, 0x00,
    0x00, 0x7f, 0xff, 0xff, 0x0e, 0xff, 0xff, 0xf4, 0x2f, 0xff, 0xff, 0xf0, 0xdf, 0xff, 0xf7, 0x00,
    0x00, 0x0c, 0xff, 0xff, 0x2b, 0xff, 0xff, 0xf4, 0x2f, 0xff, 0xff, 0xc0, 0xff, 0xff, 0xc0, 0x00,
    0x00, 0x02, 0xef, 0xff, 0x76, 0xff, 0xff, 0xf4, 0x2f, 0xff, 0xff, 0x85, 0xff, 0xfe, 0x10, 0x00,
    0x00, 0x00, 0x2e, 0xff, 0xb1, 0xff, 0xff, 0xf4, 0x2f, 0xff, 0xff, 0x39, 0xff, 0xe2, 0x00, 0x00,
    0x00, 0x00, 0x02, 0xdf, 0xf1, 0xbf, 0xff, 0xf4, 0x2f, 0xff, 0xfd, 0x0f, 0xfc, 0x20, 0x00, 0x00,
    0x00, 0x00, 0x00, 0x09, 0xf8, 0x5f, 0xff, 0xf4, 0x2f, 0xff, 0xf6, 0x6f, 0x80, 0x00, 0x00, 0x00,
    0x00, 0x00, 0x00, 0x00, 0x28, 0x0d, 0xff, 0xf4, 0x2f, 0xff, 0xe0, 0x72, 0x00, 0x00, 0x00, 0x00,
    0x00, 0x00, 0x00, 0x00, 0x00, 0x03, 0x9c, 0xe4, 0x2d, 0xc9, 0x30, 0x00, 0x00, 0x00, 0x00, 0x00
};

/*---------------------
 *  GLYPH DESCRIPTION
 *--------------------*/

static const lv_font_fmt_txt_glyph_dsc_t glyph_dsc[] = {
    {.bitmap_index = 0, .adv_w = 0, .box_w = 0, .box_h = 0, .ofs_x = 0, .ofs_y = 0} /* id = 0 reserved */,
    {.bitmap_index = 0, .adv_w = 133, .box_w = 0, .box_h = 0, .ofs_x = 0, .ofs_y = 0},
    {.bitmap_index = 0, .adv_w = 145, .box_w = 7, .box_h = 23, .ofs_x = 1, .ofs_y = 0},
    {.bitmap_index = 92, .adv_w = 215, .box_w = 13, .box_h = 11, .ofs_x = 0, .ofs_y = 11},
    {.bitmap_index = 169, .adv_w = 357, .box_w = 21, .box_h = 22, .ofs_x = 1, .ofs_y = 0},
    {.bitmap_index = 411, .adv_w = 289, .box_w = 18, .box_h = 29, .ofs_x = 0, .ofs_y = -4},
    {.bitmap_index = 672, .adv_w = 409, .box_w = 26, .box_h = 22, .ofs_x = 0, .ofs_y = 0},
    {.bitmap_index = 958, .adv_w = 330, .box_w = 20, .box_h = 23, .ofs_x = 1, .ofs_y = 0},
    {.bitmap_index = 1188, .adv_w = 110, .box_w = 6, .box_h = 11, .ofs_x = 0, .ofs_y = 11},
    {.bitmap_index = 1221, .adv_w = 180, .box_w = 11, .box_h = 31, .ofs_x = 1, .ofs_y = -5},
    {.bitmap_index = 1407, .adv_w = 180, .box_w = 11, .box_h = 31, .ofs_x = 0, .ofs_y = -5},
    {.bitmap_index = 1593, .adv_w = 223, .box_w = 14, .box_h = 13, .ofs_x = 0, .ofs_y = 10},
    {.bitmap_index = 1684, .adv_w = 343, .box_w = 17, .box_h = 17, .ofs_x = 2, .ofs_y = 2},
    {.bitmap_index = 1837, .adv_w = 150, .box_w = 9, .box_h = 12, .ofs_x = 0, .ofs_y = -5},
    {.bitmap_index = 1897, .adv_w = 189, .box_w = 12, .box_h = 5, .ofs_x = 0, .ofs_y = 7},
    {.bitmap_index = 1927, .adv_w = 146, .box_w = 8, .box_h = 7, .ofs_x = 1, .ofs_y = 0},
    {.bitmap_index = 1955, .adv_w = 260, .box_w = 18, .box_h = 28, .ofs_x = -1, .ofs_y = -4},
    {.bitmap_index = 2207, .adv_w = 292, .box_w = 18, .box_h = 22, .ofs_x = 0, .ofs_y = 0},
    {.bitmap_index = 2405, .adv_w = 190, .box_w = 10, .box_h = 22, .ofs_x = 0, .ofs_y = 0},
    {.bitmap_index = 2515, .adv_w = 268, .box_w = 16, .box_h = 22, .ofs_x = 0, .ofs_y = 0},
    {.bitmap_index = 2691, .adv_w = 278, .box_w = 17, .box_h = 22, .ofs_x = 0, .ofs_y = 0},
    {.bitmap_index = 2889, .adv_w = 305, .box_w = 18, .box_h = 22, .ofs_x = 1, .ofs_y = 0},
    {.bitmap_index = 3087, .adv_w = 278, .box_w = 16, .box_h = 22, .ofs_x = 1, .ofs_y = 0},
    {.bitmap_index = 3263, .adv_w = 291, .box_w = 17, .box_h = 22, .ofs_x = 1, .ofs_y = 0},
    {.bitmap_index = 3461, .adv_w = 259, .box_w = 16, .box_h = 22, .ofs_x = 0, .ofs_y = 0},
    {.bitmap_index = 3637, .adv_w = 285, .box_w = 16, .box_h = 22, .ofs_x = 1, .ofs_y = 0},
    {.bitmap_index = 3813, .adv_w = 291, .box_w = 18, .box_h = 22, .ofs_x = 0, .ofs_y = 0},
    {.bitmap_index = 4011, .adv_w = 146, .box_w = 8, .box_h = 16, .ofs_x = 1, .ofs_y = 0},
    {.bitmap_index = 4075, .adv_w = 150, .box_w = 9, .box_h = 22, .ofs_x = 0, .ofs_y = -6},
    {.bitmap_index = 4185, .adv_w = 343, .box_w = 16, .box_h = 19, .ofs_x = 3, .ofs_y = 0},
    {.bitmap_index = 4337, .adv_w = 343, .box_w = 17, .box_h = 12, .ofs_x = 2, .ofs_y = 4},
    {.bitmap_index = 4445, .adv_w = 343, .box_w = 16, .box_h = 19, .ofs_x = 3, .ofs_y = 0},
    {.bitmap_index = 4597, .adv_w = 279, .box_w = 17, .box_h = 23, .ofs_x = 0, .ofs_y = 0},
    {.bitmap_index = 4804, .adv_w = 443, .box_w = 28, .box_h = 27, .ofs_x = 0, .ofs_y = -3},
    {.bitmap_index = 5182, .adv_w = 333, .box_w = 21, .box_h = 22, .ofs_x = 0, .ofs_y = 0},
    {.bitmap_index = 5424, .adv_w = 300, .box_w = 17, .box_h = 22, .ofs_x = 1, .ofs_y = 0},
    {.bitmap_index = 5622, .adv_w = 354, .box_w = 22, .box_h = 22, .ofs_x = 0, .ofs_y = 0},
    {.bitmap_index = 5864, .adv_w = 335, .box_w = 20, .box_h = 22, .ofs_x = 1, .ofs_y = 0},
    {.bitmap_index = 6084, .adv_w = 271, .box_w = 15, .box_h = 22, .ofs_x = 1, .ofs_y = 0},
    {.bitmap_index = 6260, .adv_w = 262, .box_w = 15, .box_h = 22, .ofs_x = 1, .ofs_y = 0},
    {.bitmap_index = 6436, .adv_w = 364, .box_w = 23, .box_h = 22, .ofs_x = 0, .ofs_y = 0},
    {.bitmap_index = 6700, .adv_w = 344, .box_w = 19, .box_h = 22, .ofs_x = 1, .ofs_y = 0},
    {.bitmap_index = 6920, .adv_w = 136, .box_w = 6, .box_h = 22, .ofs_x = 1, .ofs_y = 0},
    {.bitmap_index = 6986, .adv_w = 285, .box_w = 17, .box_h = 22, .ofs_x = 0, .ofs_y = 0},
    {.bitmap_index = 7184, .adv_w = 327, .box_w = 20, .box_h = 22, .ofs_x = 1, .ofs_y = 0},
    {.bitmap_index = 7404, .adv_w = 252, .box_w = 15, .box_h = 22, .ofs_x = 1, .ofs_y = 0},
    {.bitmap_index = 7580, .adv_w = 440, .box_w = 27, .box_h = 22, .ofs_x = 0, .ofs_y = 0},
    {.bitmap_index = 7888, .adv_w = 357, .box_w = 20, .box_h = 22, .ofs_x = 1, .ofs_y = 0},
    {.bitmap_index = 8108, .adv_w = 376, .box_w = 23, .box_h = 22, .ofs_x = 0, .ofs_y = 0},
    {.bitmap_index = 8372, .adv_w = 295, .box_w = 18, .box_h = 22, .ofs_x = 1, .ofs_y = 0},
    {.bitmap_index = 8570, .adv_w = 376, .box_w = 23, .box_h = 23, .ofs_x = 0, .ofs_y = -1},
    {.bitmap_index = 8846, .adv_w = 304, .box_w = 18, .box_h = 22, .ofs_x = 1, .ofs_y = 0},
    {.bitmap_index = 9044, .adv_w = 294, .box_w = 18, .box_h = 22, .ofs_x = 0, .ofs_y = 0},
    {.bitmap_index = 9242, .adv_w = 297, .box_w = 19, .box_h = 22, .ofs_x = 0, .ofs_y = 0},
    {.bitmap_index = 9462, .adv_w = 338, .box_w = 19, .box_h = 22, .ofs_x = 1, .ofs_y = 0},
    {.bitmap_index = 9682, .adv_w = 330, .box_w = 21, .box_h = 22, .ofs_x = 0, .ofs_y = 0},
    {.bitmap_index = 9924, .adv_w = 510, .box_w = 32, .box_h = 22, .ofs_x = 0, .ofs_y = 0},
    {.bitmap_index = 10276, .adv_w = 349, .box_w = 22, .box_h = 22, .ofs_x = 0, .ofs_y = 0},
    {.bitmap_index = 10518, .adv_w = 321, .box_w = 21, .box_h = 22, .ofs_x = -1, .ofs_y = 0},
    {.bitmap_index = 10760, .adv_w = 300, .box_w = 17, .box_h = 22, .ofs_x = 1, .ofs_y = 0},
    {.bitmap_index = 10958, .adv_w = 174, .box_w = 10, .box_h = 30, .ofs_x = 1, .ofs_y = -5},
    {.bitmap_index = 11108, .adv_w = 260, .box_w = 18, .box_h = 28, .ofs_x = -1, .ofs_y = -4},
    {.bitmap_index = 11360, .adv_w = 173, .box_w = 10, .box_h = 30, .ofs_x = 0, .ofs_y = -5},
    {.bitmap_index = 11510, .adv_w = 343, .box_w = 17, .box_h = 11, .ofs_x = 2, .ofs_y = 8},
    {.bitmap_index = 11609, .adv_w = 286, .box_w = 18, .box_h = 5, .ofs_x = 0, .ofs_y = -4},
    {.bitmap_index = 11654, .adv_w = 291, .box_w = 8, .box_h = 8, .ofs_x = 5, .ofs_y = 17},
    {.bitmap_index = 11686, .adv_w = 263, .box_w = 16, .box_h = 16, .ofs_x = 0, .ofs_y = 0},
    {.bitmap_index = 11814, .adv_w = 293, .box_w = 17, .box_h = 22, .ofs_x = 1, .ofs_y = 0},
    {.bitmap_index = 12012, .adv_w = 262, .box_w = 17, .box_h = 16, .ofs_x = 0, .ofs_y = 0},
    {.bitmap_index = 12156, .adv_w = 293, .box_w = 17, .box_h = 22, .ofs_x = 0, .ofs_y = 0},
    {.bitmap_index = 12354, .adv_w = 272, .box_w = 17, .box_h = 16, .ofs_x = 0, .ofs_y = 0},
    {.bitmap_index = 12498, .adv_w = 178, .box_w = 11, .box_h = 22, .ofs_x = 0, .ofs_y = 0},
    {.bitmap_index = 12630, .adv_w = 294, .box_w = 17, .box_h = 22, .ofs_x = 0, .ofs_y = -6},
    {.bitmap_index = 12828, .adv_w = 284, .box_w = 16, .box_h = 22, .ofs_x = 1, .ofs_y = 0},
    {.bitmap_index = 13004, .adv_w = 134, .box_w = 7, .box_h = 24, .ofs_x = 1, .ofs_y = 0},
    {.bitmap_index = 13100, .adv_w = 138, .box_w = 9, .box_h = 30, .ofs_x = -1, .ofs_y = -6},
    {.bitmap_index = 13250, .adv_w = 271, .box_w = 17, .box_h = 22, .ofs_x = 1, .ofs_y = 0},
    {.bitmap_index = 13448, .adv_w = 142, .box_w = 8, .box_h = 22, .ofs_x = 1, .ofs_y = 0},
    {.bitmap_index = 13536, .adv_w = 429, .box_w = 25, .box_h = 16, .ofs_x = 1, .ofs_y = 0},
    {.bitmap_index = 13744, .adv_w = 284, .box_w = 16, .box_h = 16, .ofs_x = 1, .ofs_y = 0},
    {.bitmap_index = 13872, .adv_w = 287, .box_w = 18, .box_h = 16, .ofs_x = 0, .ofs_y = 0},
    {.bitmap_index = 14016, .adv_w = 293, .box_w = 17, .box_h = 22, .ofs_x = 1, .ofs_y = -6},
    {.bitmap_index = 14214, .adv_w = 293, .box_w = 17, .box_h = 22, .ofs_x = 0, .ofs_y = -6},
    {.bitmap_index = 14412, .adv_w = 192, .box_w = 11, .box_h = 16, .ofs_x = 1, .ofs_y = 0},
    {.bitmap_index = 14508, .adv_w = 234, .box_w = 15, .box_h = 16, .ofs_x = 0, .ofs_y = 0},
    {.bitmap_index = 14636, .adv_w = 210, .box_w = 12, .box_h = 20, .ofs_x = 0, .ofs_y = 0},
    {.bitmap_index = 14756, .adv_w = 284, .box_w = 16, .box_h = 16, .ofs_x = 1, .ofs_y = 0},
    {.bitmap_index = 14884, .adv_w = 269, .box_w = 17, .box_h = 16, .ofs_x = 0, .ofs_y = 0},
    {.bitmap_index = 15028, .adv_w = 395, .box_w = 25, .box_h = 16, .ofs_x = 0, .ofs_y = 0},
    {.bitmap_index = 15236, .adv_w = 278, .box_w = 18, .box_h = 16, .ofs_x = 0, .ofs_y = 0},
    {.bitmap_index = 15380, .adv_w = 290, .box_w = 18, .box_h = 22, .ofs_x = 0, .ofs_y = -6},
    {.bitmap_index = 15578, .adv_w = 250, .box_w = 14, .box_h = 16, .ofs_x = 1, .ofs_y = 0},
    {.bitmap_index = 15690, .adv_w = 171, .box_w = 9, .box_h = 31, .ofs_x = 1, .ofs_y = -5},
    {.bitmap_index = 15845, .adv_w = 132, .box_w = 6, .box_h = 31, .ofs_x = 1, .ofs_y = -4},
    {.bitmap_index = 15938, .adv_w = 171, .box_w = 10, .box_h = 31, .ofs_x = 0, .ofs_y = -5},
    {.bitmap_index = 16093, .adv_w = 343, .box_w = 19, .box_h = 8, .ofs_x = 1, .ofs_y = 6},
    {.bitmap_index = 16173, .adv_w = 133, .box_w = 0, .box_h = 0, .ofs_x = 0, .ofs_y = 0},
    {.bitmap_index = 16173, .adv_w = 145, .box_w = 7, .box_h = 23, .ofs_x = 1, .ofs_y = -6},
    {.bitmap_index = 16265, .adv_w = 265, .box_w = 17, .box_h = 22, .ofs_x = 0, .ofs_y = 0},
    {.bitmap_index = 16463, .adv_w = 282, .box_w = 16, .box_h = 22, .ofs_x = 1, .ofs_y = 0},
    {.bitmap_index = 16639, .adv_w = 293, .box_w = 18, .box_h = 18, .ofs_x = 0, .ofs_y = 1},
    {.bitmap_index = 16801, .adv_w = 302, .box_w = 19, .box_h = 21, .ofs_x = 0, .ofs_y = 0},
    {.bitmap_index = 17011, .adv_w = 132, .box_w = 6, .box_h = 31, .ofs_x = 1, .ofs_y = -4},
    {.bitmap_index = 17104, .adv_w = 287, .box_w = 17, .box_h = 30, .ofs_x = 0, .ofs_y = -4},
    {.bitmap_index = 17374, .adv_w = 291, .box_w = 13, .box_h = 6, .ofs_x = 3, .ofs_y = 18},
    {.bitmap_index = 17416, .adv_w = 342, .box_w = 21, .box_h = 20, .ofs_x = 0, .ofs_y = 4},
    {.bitmap_index = 17636, .adv_w = 190, .box_w = 12, .box_h = 13, .ofs_x = 0, .ofs_y = 10},
    {.bitmap_index = 17714, .adv_w = 318, .box_w = 20, .box_h = 14, .ofs_x = 0, .ofs_y = 3},
    {.bitmap_index = 17854, .adv_w = 343, .box_w = 17, .box_h = 11, .ofs_x = 2, .ofs_y = 3},
    {.bitmap_index = 17953, .adv_w = 341, .box_w = 21, .box_h = 20, .ofs_x = 0, .ofs_y = 4},
    {.bitmap_index = 18173, .adv_w = 291, .box_w = 10, .box_h = 5, .ofs_x = 4, .ofs_y = 18},
    {.bitmap_index = 18198, .adv_w = 198, .box_w = 12, .box_h = 11, .ofs_x = 0, .ofs_y = 11},
    {.bitmap_index = 18264, .adv_w = 343, .box_w = 17, .box_h = 21, .ofs_x = 2, .ofs_y = 0},
    {.bitmap_index = 18453, .adv_w = 186, .box_w = 11, .box_h = 14, .ofs_x = 0, .ofs_y = 11},
    {.bitmap_index = 18537, .adv_w = 184, .box_w = 11, .box_h = 14, .ofs_x = 0, .ofs_y = 11},
    {.bitmap_index = 18621, .adv_w = 291, .box_w = 9, .box_h = 8, .ofs_x = 5, .ofs_y = 17},
    {.bitmap_index = 18661, .adv_w = 284, .box_w = 16, .box_h = 22, .ofs_x = 1, .ofs_y = -6},
    {.bitmap_index = 18837, .adv_w = 364, .box_w = 21, .box_h = 27, .ofs_x = 1, .ofs_y = -4},
    {.bitmap_index = 19134, .adv_w = 146, .box_w = 8, .box_h = 7, .ofs_x = 1, .ofs_y = 6},
    {.bitmap_index = 19162, .adv_w = 291, .box_w = 8, .box_h = 7, .ofs_x = 5, .ofs_y = -7},
    {.bitmap_index = 19190, .adv_w = 129, .box_w = 8, .box_h = 14, .ofs_x = 0, .ofs_y = 11},
    {.bitmap_index = 19246, .adv_w = 213, .box_w = 13, .box_h = 12, .ofs_x = 0, .ofs_y = 10},
    {.bitmap_index = 19330, .adv_w = 318, .box_w = 19, .box_h = 14, .ofs_x = 0, .ofs_y = 3},
    {.bitmap_index = 19470, .adv_w = 470, .box_w = 30, .box_h = 26, .ofs_x = 0, .ofs_y = -3},
    {.bitmap_index = 19860, .adv_w = 458, .box_w = 28, .box_h = 25, .ofs_x = 0, .ofs_y = -2},
    {.bitmap_index = 20210, .adv_w = 516, .box_w = 32, .box_h = 26, .ofs_x = 0, .ofs_y = -3},
    {.bitmap_index = 20626, .adv_w = 267, .box_w = 16, .box_h = 23, .ofs_x = 1, .ofs_y = -6},
    {.bitmap_index = 20810, .adv_w = 333, .box_w = 21, .box_h = 31, .ofs_x = 0, .ofs_y = 0},
    {.bitmap_index = 21151, .adv_w = 333, .box_w = 21, .box_h = 31, .ofs_x = 0, .ofs_y = 0},
    {.bitmap_index = 21492, .adv_w = 333, .box_w = 21, .box_h = 31, .ofs_x = 0, .ofs_y = 0},
    {.bitmap_index = 21833, .adv_w = 333, .box_w = 21, .box_h = 29, .ofs_x = 0, .ofs_y = 0},
    {.bitmap_index = 22152, .adv_w = 333, .box_w = 21, .box_h = 29, .ofs_x = 0, .ofs_y = 0},
    {.bitmap_index = 22471, .adv_w = 333, .box_w = 21, .box_h = 32, .ofs_x = 0, .ofs_y = 0},
    {.bitmap_index = 22823, .adv_w = 442, .box_w = 27, .box_h = 22, .ofs_x = 0, .ofs_y = 0},
    {.bitmap_index = 23131, .adv_w = 354, .box_w = 22, .box_h = 29, .ofs_x = 0, .ofs_y = -7},
    {.bitmap_index = 23450, .adv_w = 271, .box_w = 15, .box_h = 31, .ofs_x = 1, .ofs_y = 0},
    {.bitmap_index = 23698, .adv_w = 271, .box_w = 15, .box_h = 31, .ofs_x = 1, .ofs_y = 0},
    {.bitmap_index = 23946, .adv_w = 271, .box_w = 15, .box_h = 31, .ofs_x = 1, .ofs_y = 0},
    {.bitmap_index = 24194, .adv_w = 271, .box_w = 15, .box_h = 29, .ofs_x = 1, .ofs_y = 0},
    {.bitmap_index = 24426, .adv_w = 136, .box_w = 8, .box_h = 31, .ofs_x = -1, .ofs_y = 0},
    {.bitmap_index = 24550, .adv_w = 136, .box_w = 9, .box_h = 31, .ofs_x = 1, .ofs_y = 0},
    {.bitmap_index = 24705, .adv_w = 136, .box_w = 10, .box_h = 31, .ofs_x = -1, .ofs_y = 0},
    {.bitmap_index = 24860, .adv_w = 136, .box_w = 12, .box_h = 29, .ofs_x = -2, .ofs_y = 0},
    {.bitmap_index = 25034, .adv_w = 355, .box_w = 22, .box_h = 22, .ofs_x = 0, .ofs_y = 0},
    {.bitmap_index = 25276, .adv_w = 357, .box_w = 20, .box_h = 29, .ofs_x = 1, .ofs_y = 0},
    {.bitmap_index = 25566, .adv_w = 376, .box_w = 23, .box_h = 31, .ofs_x = 0, .ofs_y = 0},
    {.bitmap_index = 25938, .adv_w = 376, .box_w = 23, .box_h = 31, .ofs_x = 0, .ofs_y = 0},
    {.bitmap_index = 26310, .adv_w = 376, .box_w = 23, .box_h = 31, .ofs_x = 0, .ofs_y = 0},
    {.bitmap_index = 26682, .adv_w = 376, .box_w = 23, .box_h = 30, .ofs_x = 0, .ofs_y = 0},
    {.bitmap_index = 27042, .adv_w = 376, .box_w = 23, .box_h = 30, .ofs_x = 0, .ofs_y = 0},
    {.bitmap_index = 27402, .adv_w = 343, .box_w = 17, .box_h = 17, .ofs_x = 2, .ofs_y = 2},
    {.bitmap_index = 27555, .adv_w = 376, .box_w = 23, .box_h = 24, .ofs_x = 0, .ofs_y = -1},
    {.bitmap_index = 27843, .adv_w = 338, .box_w = 19, .box_h = 31, .ofs_x = 1, .ofs_y = 0},
    {.bitmap_index = 28153, .adv_w = 338, .box_w = 19, .box_h = 31, .ofs_x = 1, .ofs_y = 0},
    {.bitmap_index = 28463, .adv_w = 338, .box_w = 19, .box_h = 31, .ofs_x = 1, .ofs_y = 0},
    {.bitmap_index = 28773, .adv_w = 338, .box_w = 19, .box_h = 30, .ofs_x = 1, .ofs_y = 0},
    {.bitmap_index = 29073, .adv_w = 321, .box_w = 21, .box_h = 31, .ofs_x = -1, .ofs_y = 0},
    {.bitmap_index = 29414, .adv_w = 295, .box_w = 18, .box_h = 22, .ofs_x = 1, .ofs_y = 0},
    {.bitmap_index = 29612, .adv_w = 313, .box_w = 19, .box_h = 22, .ofs_x = 1, .ofs_y = 0},
    {.bitmap_index = 29832, .adv_w = 263, .box_w = 16, .box_h = 25, .ofs_x = 0, .ofs_y = 0},
    {.bitmap_index = 30032, .adv_w = 263, .box_w = 16, .box_h = 25, .ofs_x = 0, .ofs_y = 0},
    {.bitmap_index = 30232, .adv_w = 263, .box_w = 16, .box_h = 25, .ofs_x = 0, .ofs_y = 0},
    {.bitmap_index = 30432, .adv_w = 263, .box_w = 16, .box_h = 24, .ofs_x = 0, .ofs_y = 0},
    {.bitmap_index = 30624, .adv_w = 263, .box_w = 16, .box_h = 24, .ofs_x = 0, .ofs_y = 0},
    {.bitmap_index = 30816, .adv_w = 263, .box_w = 16, .box_h = 26, .ofs_x = 0, .ofs_y = 0},
    {.bitmap_index = 31024, .adv_w = 413, .box_w = 26, .box_h = 16, .ofs_x = 0, .ofs_y = 0},
    {.bitmap_index = 31232, .adv_w = 262, .box_w = 17, .box_h = 23, .ofs_x = 0, .ofs_y = -7},
    {.bitmap_index = 31439, .adv_w = 272, .box_w = 17, .box_h = 25, .ofs_x = 0, .ofs_y = 0},
    {.bitmap_index = 31664, .adv_w = 272, .box_w = 17, .box_h = 25, .ofs_x = 0, .ofs_y = 0},
    {.bitmap_index = 31889, .adv_w = 272, .box_w = 17, .box_h = 25, .ofs_x = 0, .ofs_y = 0},
    {.bitmap_index = 32114, .adv_w = 272, .box_w = 17, .box_h = 24, .ofs_x = 0, .ofs_y = 0},
    {.bitmap_index = 32330, .adv_w = 134, .box_w = 8, .box_h = 25, .ofs_x = -1, .ofs_y = 0},
    {.bitmap_index = 32430, .adv_w = 134, .box_w = 9, .box_h = 25, .ofs_x = 1, .ofs_y = 0},
    {.bitmap_index = 32555, .adv_w = 134, .box_w = 10, .box_h = 25, .ofs_x = -1, .ofs_y = 0},
    {.bitmap_index = 32680, .adv_w = 134, .box_w = 12, .box_h = 23, .ofs_x = -2, .ofs_y = 0},
    {.bitmap_index = 32818, .adv_w = 289, .box_w = 18, .box_h = 24, .ofs_x = 0, .ofs_y = 0},
    {.bitmap_index = 33034, .adv_w = 284, .box_w = 16, .box_h = 23, .ofs_x = 1, .ofs_y = 0},
    {.bitmap_index = 33218, .adv_w = 287, .box_w = 18, .box_h = 25, .ofs_x = 0, .ofs_y = 0},
    {.bitmap_index = 33443, .adv_w = 287, .box_w = 18, .box_h = 25, .ofs_x = 0, .ofs_y = 0},
    {.bitmap_index = 33668, .adv_w = 287, .box_w = 18, .box_h = 25, .ofs_x = 0, .ofs_y = 0},
    {.bitmap_index = 33893, .adv_w = 287, .box_w = 18, .box_h = 24, .ofs_x = 0, .ofs_y = 0},
    {.bitmap_index = 34109, .adv_w = 287, .box_w = 18, .box_h = 24, .ofs_x = 0, .ofs_y = 0},
    {.bitmap_index = 34325, .adv_w = 343, .box_w = 18, .box_h = 20, .ofs_x = 2, .ofs_y = 1},
    {.bitmap_index = 34505, .adv_w = 286, .box_w = 18, .box_h = 18, .ofs_x = 0, .ofs_y = -1},
    {.bitmap_index = 34667, .adv_w = 284, .box_w = 16, .box_h = 25, .ofs_x = 1, .ofs_y = 0},
    {.bitmap_index = 34867, .adv_w = 284, .box_w = 16, .box_h = 25, .ofs_x = 1, .ofs_y = 0},
    {.bitmap_index = 35067, .adv_w = 284, .box_w = 16, .box_h = 25, .ofs_x = 1, .ofs_y = 0},
    {.bitmap_index = 35267, .adv_w = 284, .box_w = 16, .box_h = 24, .ofs_x = 1, .ofs_y = 0},
    {.bitmap_index = 35459, .adv_w = 290, .box_w = 18, .box_h = 31, .ofs_x = 0, .ofs_y = -6},
    {.bitmap_index = 35738, .adv_w = 293, .box_w = 17, .box_h = 28, .ofs_x = 1, .ofs_y = -6},
    {.bitmap_index = 35990, .adv_w = 290, .box_w = 18, .box_h = 29, .ofs_x = 0, .ofs_y = -6},
    {.bitmap_index = 36251, .adv_w = 187, .box_w = 11, .box_h = 10, .ofs_x = 0, .ofs_y = 4},
    {.bitmap_index = 36311, .adv_w = 611, .box_w = 39, .box_h = 33, .ofs_x = 0, .ofs_y = -5},
    {.bitmap_index = 36971, .adv_w = 512, .box_w = 32, .box_h = 33, .ofs_x = 0, .ofs_y = -5}
};

/*---------------------
 *  CHARACTER MAPPING
 *--------------------*/

static const uint16_t unicode_list_3[] = {
    0x00, 0xc7de, 0xc7df
};

/*Collect the unicode lists and glyph_id offsets*/
static const lv_font_fmt_txt_cmap_t cmaps[] =
{
    {
        .range_start = 32, .range_length = 95, .glyph_id_start = 1,
        .unicode_list = NULL, .glyph_id_ofs_list = NULL, .list_length = 0, .type = LV_FONT_FMT_TXT_CMAP_FORMAT0_TINY
    },
    {
        .range_start = 160, .range_length = 13, .glyph_id_start = 96,
        .unicode_list = NULL, .glyph_id_ofs_list = NULL, .list_length = 0, .type = LV_FONT_FMT_TXT_CMAP_FORMAT0_TINY
    },
    {
        .range_start = 174, .range_length = 82, .glyph_id_start = 109,
        .unicode_list = NULL, .glyph_id_ofs_list = NULL, .list_length = 0, .type = LV_FONT_FMT_TXT_CMAP_FORMAT0_TINY
    },
    {
        .range_start = 8226, .range_length = 51168, .glyph_id_start = 191,
        .unicode_list = unicode_list_3, .glyph_id_ofs_list = NULL, .list_length = 3, .type = LV_FONT_FMT_TXT_CMAP_SPARSE_TINY
    }
};



/*--------------------
 *  ALL CUSTOM DATA
 *--------------------*/

#if LVGL_VERSION_MAJOR == 8
/*Store all the custom data of the font*/
static  lv_font_fmt_txt_glyph_cache_t cache;
#endif

#if LVGL_VERSION_MAJOR >= 8
static const lv_font_fmt_txt_dsc_t font_dsc = {
#else
static lv_font_fmt_txt_dsc_t font_dsc = {
#endif
    .glyph_bitmap = glyph_bitmap,
    .glyph_dsc = glyph_dsc,
    .cmaps = cmaps,
    .kern_dsc = NULL,
    .kern_scale = 0,
    .cmap_num = 4,
    .bpp = 4,
    .kern_classes = 0,
    .bitmap_format = 0,
#if LVGL_VERSION_MAJOR == 8
    .cache = &cache
#endif
    .stride = 1
};



/*-----------------
 *  PUBLIC FONT
 *----------------*/

/*Initialize a public general font descriptor*/
#if LVGL_VERSION_MAJOR >= 8
const lv_font_t Gabarito32 = {
#else
lv_font_t Gabarito32 = {
#endif
    .get_glyph_dsc = lv_font_get_glyph_dsc_fmt_txt,    /*Function pointer to get glyph's data*/
    .get_glyph_bitmap = lv_font_get_bitmap_fmt_txt,    /*Function pointer to get glyph's bitmap*/
    .line_height = 39,          /*The maximum line height required by the font*/
    .base_line = 7,             /*Baseline measured from the bottom of the line*/
#if LV_VERSION_CHECK(9, 6, 0) || LVGL_VERSION_MAJOR >= 10
    .cap_height = 22,           /*Cap height of the font*/
    .x_height = 16,               /*x-height of the font*/
#endif
#if !(LVGL_VERSION_MAJOR == 6 && LVGL_VERSION_MINOR == 0)
    .subpx = LV_FONT_SUBPX_NONE,
#endif
#if LV_VERSION_CHECK(7, 4, 0) || LVGL_VERSION_MAJOR >= 8
    .underline_position = -6,
    .underline_thickness = 3,
#endif

#if LV_VERSION_CHECK(9, 3, 0)
    .static_bitmap = 1,    /*Bitmaps are stored as const so they are always static if not compressed */
#endif

    .dsc = &font_dsc,          /*The custom font data. Will be accessed by `get_glyph_bitmap/dsc` */
#if LV_VERSION_CHECK(8, 2, 0) || LVGL_VERSION_MAJOR >= 9
    .fallback = NULL,
#endif
    .user_data = NULL,
};



#endif /*#if GABARITO32*/
